[
{
	"ID" : 0, 
	"StartTime" : "", 
	"EndTime" : "", 
	"Year" : "", 
	"Month" : "", 
	"Week" : "", 
	"Day" : "", 
	"Hour" : "", 
	"Minute" : "", 
	"Lasting" : 0, 
	"NotifyType" : 0, 
	"IsHide" : 0, 
	"SystemEntrance" : "", 
	"Name" : "", 
	"NameLocalization" : "", 
	"Description" : "", 
	"DescriptionLocalization" : "", 
	"TimeLocalization" : "", 
	"ResName" : "", 
	"Type" : 0, 
	"ACTParam" : "", 
	"SortIndex" : 0
},
{
	"ID" : 1,
	"StartTime" : "2020-11-07 15:00:00",
	"EndTime" : "2021-10-31 23:59:00",
	"Year" : "*",
	"Month" : "*",
	"Week" : "*",
	"Day" : "*",
	"Hour" : "19",
	"Minute" : "0",
	"Lasting" : 240,
	"NotifyType" : 0,
	"IsHide" : 1,
	"Name" : "玉玺鱼池",
	"NameLocalization" : "ACT_Name_1",
	"Type" : 1,
	"ACTParam" : "104,2,200,10001",
	"SortIndex" : 100
},
{
	"ID" : 2,
	"StartTime" : "2020-11-07 15:00:00",
	"EndTime" : "2021-10-31 23:59:00",
	"Year" : "*",
	"Month" : "*",
	"Week" : "*",
	"Day" : "*",
	"Hour" : "19",
	"Minute" : "0",
	"Lasting" : 240,
	"NotifyType" : 0,
	"IsHide" : 1,
	"Name" : "聚宝盆鱼池",
	"NameLocalization" : "ACT_Name_2",
	"Type" : 1,
	"ACTParam" : "105,2,200,10002",
	"SortIndex" : 101
},
{
	"ID" : 3,
	"StartTime" : "2020-11-07 15:00:00",
	"EndTime" : "2023-12-31 23:59:00",
	"Year" : "*",
	"Month" : "*",
	"Week" : "1,4,0",
	"Day" : "*",
	"Hour" : "0",
	"Minute" : "0",
	"Lasting" : 1439,
	"NotifyType" : 2,
	"IsHide" : 1,
	"Name" : "金币场",
	"NameLocalization" : "ACT_Name_3",
	"Type" : 2,
	"ACTParam" : "2",
	"SortIndex" : 102
},
{
	"ID" : 4,
	"StartTime" : "2020-11-07 15:00:00",
	"EndTime" : "2023-12-31 23:59:00",
	"Year" : "*",
	"Month" : "*",
	"Week" : "2,5,0",
	"Day" : "*",
	"Hour" : "0",
	"Minute" : "0",
	"Lasting" : 1439,
	"NotifyType" : 2,
	"IsHide" : 1,
	"Name" : "升星石场",
	"NameLocalization" : "ACT_Name_4",
	"Type" : 2,
	"ACTParam" : "3",
	"SortIndex" : 103
},
{
	"ID" : 5,
	"StartTime" : "2020-11-07 15:00:00",
	"EndTime" : "2023-12-31 23:59:00",
	"Year" : "*",
	"Month" : "*",
	"Week" : "3,6,0",
	"Day" : "*",
	"Hour" : "0",
	"Minute" : "0",
	"Lasting" : 1439,
	"NotifyType" : 2,
	"IsHide" : 1,
	"Name" : "羽毛场",
	"NameLocalization" : "ACT_Name_5",
	"Type" : 2,
	"ACTParam" : "4",
	"SortIndex" : 104
},
{
	"ID" : 8,
	"StartTime" : "2021-08-10 00:00:00",
	"EndTime" : "2021-08-13 00:00:00",
	"Year" : "*",
	"Month" : "*",
	"Week" : "*",
	"Day" : "*",
	"Hour" : "0",
	"Minute" : "0",
	"Lasting" : -1,
	"NotifyType" : 2,
	"SystemEntrance" : "turntable",
	"Name" : "幸运大转盘",
	"NameLocalization" : "ACT_Name_8",
	"Type" : 5,
	"ACTParam" : "2",
	"SortIndex" : 107
},
{
	"ID" : 9,
	"StartTime" : "2021-07-13 00:00:01",
	"EndTime" : "2021-07-30 23:59:00",
	"Year" : "*",
	"Month" : "*",
	"Week" : "*",
	"Day" : "*",
	"Hour" : "18",
	"Minute" : "0",
	"Lasting" : 330,
	"NotifyType" : 0,
	"IsHide" : 1,
	"Name" : "美人鱼boss",
	"NameLocalization" : "ACT_Name_9",
	"DescriptionLocalization" : "WorldBoss_1_RewardInfo",
	"TimeLocalization" : "WorldBoss_1_TimeInfo",
	"ResName" : "UI_fish_213",
	"Type" : 6,
	"ACTParam" : "104,207,301,8",
	"SortIndex" : 108
},
{
	"ID" : 10,
	"StartTime" : "2021-07-13 00:00:01",
	"EndTime" : "2021-07-30 23:59:00",
	"Year" : "*",
	"Month" : "*",
	"Week" : "*",
	"Day" : "*",
	"Hour" : "18",
	"Minute" : "0",
	"Lasting" : 330,
	"NotifyType" : 0,
	"IsHide" : 1,
	"Name" : "财神boss",
	"NameLocalization" : "ACT_Name_10",
	"DescriptionLocalization" : "WorldBoss_2_RewardInfo",
	"TimeLocalization" : "WorldBoss_2_TimeInfo",
	"ResName" : "UI_fish_308",
	"Type" : 6,
	"ACTParam" : "105,216,301,9",
	"SortIndex" : 109
},
{
	"ID" : 11,
	"StartTime" : "2021-08-10 00:00:00",
	"EndTime" : "2021-08-18 00:00:00",
	"Year" : "*",
	"Month" : "*",
	"Week" : "*",
	"Day" : "*",
	"Hour" : "0",
	"Minute" : "0",
	"Lasting" : -1,
	"NotifyType" : 2,
	"Name" : "仲夏之梦",
	"NameLocalization" : "ACT_Name_11",
	"Type" : 7,
	"ACTParam" : "1",
	"SortIndex" : 110
},
{
	"ID" : 14,
	"StartTime" : "2021-08-10 00:00:00",
	"EndTime" : "2023-12-31 23:59:00",
	"Year" : "*",
	"Month" : "*",
	"Week" : "*",
	"Day" : "*",
	"Hour" : "0",
	"Minute" : "0",
	"Lasting" : -1,
	"NotifyType" : 1,
	"SystemEntrance" : "coupon_draw",
	"Name" : "兑换抽话费",
	"NameLocalization" : "ACT_Name_14",
	"Type" : 10,
	"ACTParam" : "1",
	"SortIndex" : 113
},
{
	"ID" : 15,
	"StartTime" : "2021-08-10 00:00:00",
	"EndTime" : "2021-09-28 23:59:00",
	"Year" : "*",
	"Month" : "*",
	"Week" : "*",
	"Day" : "*",
	"Hour" : "0",
	"Minute" : "0",
	"Lasting" : -1,
	"NotifyType" : 2,
	"SystemEntrance" : "general_task",
	"Name" : "累充返豪礼",
	"NameLocalization" : "ACT_Name_15",
	"ResName" : "UI_ChargeRebate,#bb3000",
	"Type" : 7,
	"ACTParam" : "2",
	"SortIndex" : 8
},
{
	"ID" : 16,
	"StartTime" : "2021-08-10 00:00:00",
	"EndTime" : "2021-09-29 00:00:00",
	"Year" : "*",
	"Month" : "*",
	"Week" : "*",
	"Day" : "*",
	"Hour" : "0",
	"Minute" : "0",
	"Lasting" : -1,
	"NotifyType" : 2,
	"SystemEntrance" : "general_task_1",
	"Name" : "中秋欢乐颂",
	"NameLocalization" : "ACT_Name_16",
	"ResName" : "UI_MidAutumn,#6400ca",
	"Type" : 7,
	"ACTParam" : "3",
	"SortIndex" : 4
},
{
	"ID" : 17,
	"StartTime" : "2021-09-29 00:00:00",
	"EndTime" : "2021-10-10 23:59:00",
	"Year" : "*",
	"Month" : "*",
	"Week" : "*",
	"Day" : "*",
	"Hour" : "0",
	"Minute" : "0",
	"Lasting" : -1,
	"NotifyType" : 2,
	"SystemEntrance" : "general_task",
	"Name" : "累充返豪礼",
	"NameLocalization" : "ACT_Name_15",
	"ResName" : "UI_ChargeRebate,#bb3000",
	"Type" : 7,
	"ACTParam" : "5",
	"SortIndex" : 6
},
{
	"ID" : 18,
	"StartTime" : "2021-10-11 00:00:00",
	"EndTime" : "2022-05-31 23:59:00",
	"Year" : "*",
	"Month" : "*",
	"Week" : "*",
	"Day" : "*",
	"Hour" : "0",
	"Minute" : "0",
	"Lasting" : -1,
	"NotifyType" : 2,
	"SystemEntrance" : "general_task",
	"Name" : "累充返豪礼",
	"NameLocalization" : "ACT_Name_15",
	"ResName" : "UI_ChargeRebate,#bb3000",
	"Type" : 7,
	"ACTParam" : "6",
	"SortIndex" : 7
},
{
	"ID" : 19,
	"StartTime" : "2021-09-29 00:00:00",
	"EndTime" : "2021-10-10 23:59:00",
	"Year" : "*",
	"Month" : "*",
	"Week" : "*",
	"Day" : "*",
	"Hour" : "0",
	"Minute" : "0",
	"Lasting" : -1,
	"NotifyType" : 2,
	"SystemEntrance" : "general_task_1",
	"Name" : "国庆天天乐",
	"NameLocalization" : "ACT_Name_19",
	"ResName" : "UI_NationalDay,#890400",
	"Type" : 7,
	"ACTParam" : "4",
	"SortIndex" : 5
},
{
	"ID" : 20,
	"StartTime" : "2021-09-29 00:00:00",
	"EndTime" : "2021-10-10 23:59:00",
	"Year" : "*",
	"Month" : "*",
	"Week" : "*",
	"Day" : "*",
	"Hour" : "0",
	"Minute" : "0",
	"Lasting" : -1,
	"NotifyType" : 2,
	"SystemEntrance" : "turntable",
	"Name" : "幸运大转盘",
	"NameLocalization" : "ACT_Name_8",
	"Type" : 5,
	"ACTParam" : "3",
	"SortIndex" : 9
},
{
	"ID" : 21,
	"StartTime" : "2021-09-29 00:00:00",
	"EndTime" : "2023-12-31 23:59:00",
	"Year" : "*",
	"Month" : "*",
	"Week" : "*",
	"Day" : "*",
	"Hour" : "0",
	"Minute" : "0",
	"Lasting" : -1,
	"NotifyType" : 2,
	"SystemEntrance" : "card_draw",
	"Name" : "疯狂抽核弹",
	"NameLocalization" : "ACT_Name_20",
	"Type" : 11,
	"ACTParam" : "21,1,7",
	"SortIndex" : 10
},
{
	"ID" : 22,
	"StartTime" : "2021-09-29 00:00:00",
	"EndTime" : "2023-12-31 23:59:00",
	"Year" : "*",
	"Month" : "*",
	"Week" : "*",
	"Day" : "*",
	"Hour" : "0",
	"Minute" : "0",
	"Lasting" : -1,
	"NotifyType" : 2,
	"IsHide" : 1,
	"SystemEntrance" : "nuclear_draw",
	"Name" : "核弹抽奖",
	"NameLocalization" : "ACT_Name_13",
	"Type" : 9,
	"ACTParam" : "5,2,11901004,60,500000000000,20,300,21,21,50,25,28,1,10,100",
	"SortIndex" : 11
},
{
	"ID" : 23,
	"StartTime" : "2021-07-13 00:00:01",
	"EndTime" : "2021-12-31 23:59:00",
	"Year" : "*",
	"Month" : "*",
	"Week" : "*",
	"Day" : "*",
	"Hour" : "20",
	"Minute" : "0",
	"Lasting" : 120,
	"NotifyType" : 2,
	"IsHide" : 1,
	"Name" : "双倍掉落",
	"NameLocalization" : "ACT_Name_23",
	"TimeLocalization" : "Addition_Loot_Info",
	"ResName" : "UI_AdditionLootBuff_banner2",
	"Type" : 12,
	"ACTParam" : "3",
	"SortIndex" : 12
},
{
	"ID" : 24,
	"StartTime" : "2021-09-29 00:00:00",
	"EndTime" : "2023-12-31 23:59:00",
	"Year" : "*",
	"Month" : "*",
	"Week" : "*",
	"Day" : "*",
	"Hour" : "0",
	"Minute" : "0",
	"Lasting" : -1,
	"NotifyType" : 2,
	"Name" : "房间6卡牌收集",
	"NameLocalization" : "ACT_Name_20",
	"Type" : 13,
	"ACTParam" : "21,3,106,48,2000,22",
	"SortIndex" : 10
},
{
	"ID" : 25,
	"StartTime" : "2021-09-29 00:00:00",
	"EndTime" : "2022-01-03 23:59:00",
	"Year" : "*",
	"Month" : "*",
	"Week" : "*",
	"Day" : "*",
	"Hour" : "0",
	"Minute" : "0",
	"Lasting" : -1,
	"NotifyType" : 2,
	"SystemEntrance" : "turntable",
	"Name" : "幸运大转盘",
	"NameLocalization" : "ACT_Name_8",
	"Type" : 5,
	"ACTParam" : "4",
	"SortIndex" : 9
},
{
	"ID" : 26,
	"StartTime" : "2021-09-29 00:00:00",
	"EndTime" : "2022-01-03 23:59:00",
	"Year" : "*",
	"Month" : "*",
	"Week" : "*",
	"Day" : "*",
	"Hour" : "0",
	"Minute" : "0",
	"Lasting" : -1,
	"NotifyType" : 2,
	"SystemEntrance" : "general_task_1",
	"Name" : "双蛋送豪礼",
	"NameLocalization" : "ACT_Name_26",
	"ResName" : "UI_christmas_banner2,#890400",
	"Type" : 7,
	"ACTParam" : "8",
	"SortIndex" : 5
},
{
	"ID" : 27,
	"StartTime" : "2022-01-01 00:00:01",
	"EndTime" : "2022-01-01 23:59:00",
	"Year" : "*",
	"Month" : "*",
	"Week" : "*",
	"Day" : "*",
	"Hour" : "0",
	"Minute" : "0",
	"Lasting" : -1,
	"NotifyType" : 2,
	"IsHide" : 1,
	"Name" : "双倍掉落",
	"NameLocalization" : "ACT_Name_27",
	"TimeLocalization" : "Addition_Loot_Info1",
	"ResName" : "UI_AdditionLootBuff_banner2",
	"Type" : 12,
	"ACTParam" : "3",
	"SortIndex" : 12
},
{
	"ID" : 28,
	"StartTime" : "2022-01-02 00:00:01",
	"EndTime" : "2022-01-30 23:59:00",
	"Year" : "*",
	"Month" : "*",
	"Week" : "*",
	"Day" : "*",
	"Hour" : "20",
	"Minute" : "0",
	"Lasting" : 120,
	"NotifyType" : 2,
	"IsHide" : 1,
	"Name" : "双倍掉落",
	"NameLocalization" : "ACT_Name_28",
	"TimeLocalization" : "Addition_Loot_Info",
	"ResName" : "UI_AdditionLootBuff_banner2",
	"Type" : 12,
	"ACTParam" : "3",
	"SortIndex" : 12
},
{
	"ID" : 29,
	"StartTime" : "2020-12-15 00:00:01",
	"EndTime" : "2022-01-03 23:59:00",
	"Year" : "*",
	"Month" : "*",
	"Week" : "*",
	"Day" : "*",
	"Hour" : "0",
	"Minute" : "0",
	"Lasting" : -1,
	"NotifyType" : 2,
	"SystemEntrance" : "general_task_1",
	"Name" : "双蛋狂欢季",
	"NameLocalization" : "ACT_Name_29",
	"ResName" : "bullet_candy_limit_38,UI_christma_banner",
	"Type" : 14,
	"SortIndex" : 3
},
{
	"ID" : 30,
	"StartTime" : "2020-12-15 00:00:01",
	"EndTime" : "2021-12-26 23:59:00",
	"Year" : "*",
	"Month" : "*",
	"Week" : "*",
	"Day" : "*",
	"Hour" : "0",
	"Minute" : "0",
	"Lasting" : -1,
	"NotifyType" : 2,
	"IsHide" : 1,
	"Name" : "双蛋狂欢季",
	"NameLocalization" : "ACT_Name_30",
	"ResName" : "big_surprise_98,1,big_surprise_328,1",
	"Type" : 15,
	"SortIndex" : 3
},
{
	"ID" : 31,
	"StartTime" : "2021-12-27 00:00:01",
	"EndTime" : "2022-01-05 23:59:00",
	"Year" : "*",
	"Month" : "*",
	"Week" : "*",
	"Day" : "*",
	"Hour" : "0",
	"Minute" : "0",
	"Lasting" : -1,
	"NotifyType" : 2,
	"IsHide" : 1,
	"Name" : "双蛋狂欢季",
	"NameLocalization" : "ACT_Name_31",
	"ResName" : "big_surprise_98,1,big_surprise_328,1",
	"Type" : 15,
	"SortIndex" : 3
},
{
	"ID" : 32,
	"StartTime" : "2021-12-27 00:00:01",
	"EndTime" : "2023-12-31 23:59:00",
	"Year" : "*",
	"Month" : "*",
	"Week" : "*",
	"Day" : "*",
	"Hour" : "0",
	"Minute" : "0",
	"Lasting" : -1,
	"NotifyType" : 2,
	"Name" : "神秘岛寻宝",
	"NameLocalization" : "ACT_Name_32",
	"Type" : 16,
	"ACTParam" : "5,1,28,2,10101080,20",
	"SortIndex" : 3
},
{
	"ID" : 33,
	"StartTime" : "2022-01-24 00:00:00",
	"EndTime" : "2022-02-28 23:59:00",
	"Year" : "*",
	"Month" : "*",
	"Week" : "*",
	"Day" : "*",
	"Hour" : "0",
	"Minute" : "0",
	"Lasting" : -1,
	"NotifyType" : 2,
	"SystemEntrance" : "general_task_1",
	"Name" : "每日送好礼",
	"NameLocalization" : "ACT_Name_33",
	"ResName" : "UI_newyear_banner1,#890400",
	"Type" : 7,
	"ACTParam" : "9",
	"SortIndex" : 5
},
{
	"ID" : 34,
	"StartTime" : "2022-02-15 00:00:00",
	"EndTime" : "2022-02-28 23:59:00",
	"Year" : "*",
	"Month" : "*",
	"Week" : "*",
	"Day" : "*",
	"Hour" : "0",
	"Minute" : "0",
	"Lasting" : -1,
	"NotifyType" : 2,
	"SystemEntrance" : "general_task_1",
	"Name" : "金枪捕捞季",
	"NameLocalization" : "ACT_Name_34",
	"ResName" : "UI_newyear_banner2,#890400",
	"Type" : 7,
	"ACTParam" : "10",
	"SortIndex" : 5
},
{
	"ID" : 35,
	"StartTime" : "2022-01-24 00:00:00",
	"EndTime" : "2022-01-31 23:59:00",
	"Year" : "*",
	"Month" : "*",
	"Week" : "*",
	"Day" : "*",
	"Hour" : "0",
	"Minute" : "0",
	"Lasting" : -1,
	"NotifyType" : 2,
	"SystemEntrance" : "general_task_1",
	"Name" : "腊月赠好礼",
	"NameLocalization" : "ACT_Name_35",
	"ResName" : "UI_newyear_banner3,#890400",
	"Type" : 7,
	"ACTParam" : "11",
	"SortIndex" : 5
},
{
	"ID" : 36,
	"StartTime" : "2022-02-01 00:00:00",
	"EndTime" : "2022-02-07 23:59:00",
	"Year" : "*",
	"Month" : "*",
	"Week" : "*",
	"Day" : "*",
	"Hour" : "0",
	"Minute" : "0",
	"Lasting" : -1,
	"NotifyType" : 2,
	"SystemEntrance" : "general_task_1",
	"Name" : "辞旧迎新",
	"NameLocalization" : "ACT_Name_36",
	"ResName" : "UI_newyear_banner4,#890400",
	"Type" : 7,
	"ACTParam" : "12",
	"SortIndex" : 5
},
{
	"ID" : 37,
	"StartTime" : "2022-02-08 00:00:00",
	"EndTime" : "2022-02-14 23:59:00",
	"Year" : "*",
	"Month" : "*",
	"Week" : "*",
	"Day" : "*",
	"Hour" : "0",
	"Minute" : "0",
	"Lasting" : -1,
	"NotifyType" : 2,
	"SystemEntrance" : "general_task_1",
	"Name" : "欢喜闹元宵",
	"NameLocalization" : "ACT_Name_37",
	"ResName" : "UI_newyear_banner5,#890400",
	"Type" : 7,
	"ACTParam" : "13",
	"SortIndex" : 5
},
{
	"ID" : 38,
	"StartTime" : "2022-01-24 00:00:00",
	"EndTime" : "2022-03-07 23:59:00",
	"Year" : "*",
	"Month" : "*",
	"Week" : "*",
	"Day" : "*",
	"Hour" : "0",
	"Minute" : "0",
	"Lasting" : -1,
	"NotifyType" : 2,
	"IsHide" : 1,
	"Name" : "福袋兑换",
	"NameLocalization" : "ACT_Name_38",
	"Type" : 17,
	"ACTParam" : "103",
	"SortIndex" : 5
},
{
	"ID" : 39,
	"StartTime" : "2022-01-17 00:00:01",
	"EndTime" : "2022-02-15 23:59:00",
	"Year" : "*",
	"Month" : "*",
	"Week" : "*",
	"Day" : "*",
	"Hour" : "0",
	"Minute" : "0",
	"Lasting" : -1,
	"NotifyType" : 2,
	"SystemEntrance" : "general_task_1",
	"Name" : "迎春纳福",
	"NameLocalization" : "ACT_Name_39",
	"ResName" : "bullet_red_limit_38,UI_newyear_banner",
	"Type" : 14,
	"SortIndex" : 3
},
{
	"ID" : 40,
	"StartTime" : "2022-01-17 00:00:01",
	"EndTime" : "2022-02-06 23:59:00",
	"Year" : "*",
	"Month" : "*",
	"Week" : "*",
	"Day" : "*",
	"Hour" : "0",
	"Minute" : "0",
	"Lasting" : -1,
	"NotifyType" : 2,
	"IsHide" : 1,
	"Name" : "惊喜折扣",
	"NameLocalization" : "ACT_Name_40",
	"ResName" : "big_surprise_8,3,big_surprise_30,3,big_surprise_98,5,big_surprise_198,5,big_surprise_328,5,big_surprise_648,5",
	"Type" : 15,
	"SortIndex" : 3
},
{
	"ID" : 41,
	"StartTime" : "2022-01-31 00:00:01",
	"EndTime" : "2022-01-31 23:59:59",
	"Year" : "*",
	"Month" : "*",
	"Week" : "*",
	"Day" : "*",
	"Hour" : "20",
	"Minute" : "0",
	"Lasting" : 235,
	"NotifyType" : 2,
	"IsHide" : 1,
	"Name" : "双倍掉落",
	"NameLocalization" : "ACT_Name_41",
	"TimeLocalization" : "Addition_Loot_Info2",
	"ResName" : "UI_AdditionLootBuff_banner2",
	"Type" : 12,
	"ACTParam" : "3",
	"SortIndex" : 12
},
{
	"ID" : 42,
	"StartTime" : "2022-02-01 00:00:01",
	"EndTime" : "2022-02-01 23:59:59",
	"Year" : "*",
	"Month" : "*",
	"Week" : "*",
	"Day" : "*",
	"Hour" : "0",
	"Minute" : "0",
	"Lasting" : -1,
	"NotifyType" : 2,
	"IsHide" : 1,
	"Name" : "双倍掉落",
	"NameLocalization" : "ACT_Name_42",
	"TimeLocalization" : "Addition_Loot_Info2",
	"ResName" : "UI_AdditionLootBuff_banner2",
	"Type" : 12,
	"ACTParam" : "3",
	"SortIndex" : 12
},
{
	"ID" : 43,
	"StartTime" : "2022-02-02 00:00:01",
	"EndTime" : "2022-04-01 23:59:00",
	"Year" : "*",
	"Month" : "*",
	"Week" : "*",
	"Day" : "*",
	"Hour" : "20",
	"Minute" : "0",
	"Lasting" : 120,
	"NotifyType" : 2,
	"IsHide" : 1,
	"Name" : "双倍掉落",
	"NameLocalization" : "ACT_Name_43",
	"TimeLocalization" : "Addition_Loot_Info",
	"ResName" : "UI_AdditionLootBuff_banner2",
	"Type" : 12,
	"ACTParam" : "3",
	"SortIndex" : 12
},
{
	"ID" : 44,
	"StartTime" : "2021-09-29 00:00:00",
	"EndTime" : "2023-12-31 23:59:00",
	"Year" : "*",
	"Month" : "*",
	"Week" : "*",
	"Day" : "*",
	"Hour" : "0",
	"Minute" : "0",
	"Lasting" : -1,
	"NotifyType" : 2,
	"SystemEntrance" : "general_task_1",
	"Name" : "三国酒馆",
	"NameLocalization" : "ACT_Name_44",
	"Type" : 18,
	"ACTParam" : "10101082,30,270,1021,1023,1022,50,2,40,10190030,60,10190031,40,10190032,60,10190033",
	"SortIndex" : 4
},
{
	"ID" : 45,
	"StartTime" : "2022-01-17 00:00:01",
	"EndTime" : "2022-01-23 23:59:00",
	"Year" : "*",
	"Month" : "*",
	"Week" : "*",
	"Day" : "*",
	"Hour" : "0",
	"Minute" : "0",
	"Lasting" : -1,
	"NotifyType" : 2,
	"IsHide" : 1,
	"Name" : "貂蝉礼包",
	"NameLocalization" : "ACT_Name_45",
	"ResName" : "turret_diaochan_30,2,turret_diaochan_98,2,turret_diaochan_328,2",
	"Type" : 19,
	"SortIndex" : 3
},
{
	"ID" : 46,
	"StartTime" : "2022-03-01 00:00:00",
	"EndTime" : "2022-03-21 23:59:00",
	"Year" : "*",
	"Month" : "*",
	"Week" : "*",
	"Day" : "*",
	"Hour" : "0",
	"Minute" : "0",
	"Lasting" : -1,
	"NotifyType" : 2,
	"SystemEntrance" : "general_task_1",
	"Name" : "英雄宴",
	"NameLocalization" : "ACT_Name_46",
	"ResName" : "UI_March_banner1,#890400",
	"Type" : 7,
	"ACTParam" : "14",
	"SortIndex" : 5
},
{
	"ID" : 47,
	"StartTime" : "2022-03-01 00:00:00",
	"EndTime" : "2022-03-14 23:59:00",
	"Year" : "*",
	"Month" : "*",
	"Week" : "*",
	"Day" : "*",
	"Hour" : "0",
	"Minute" : "0",
	"Lasting" : -1,
	"NotifyType" : 2,
	"SystemEntrance" : "general_task_1",
	"Name" : "每日寻宝",
	"NameLocalization" : "ACT_Name_47",
	"ResName" : "UI_March_banner2,#890400",
	"Type" : 7,
	"ACTParam" : "15",
	"SortIndex" : 5
},
{
	"ID" : 48,
	"StartTime" : "2022-03-15 00:00:00",
	"EndTime" : "2022-09-15 23:59:00",
	"Year" : "*",
	"Month" : "*",
	"Week" : "*",
	"Day" : "*",
	"Hour" : "0",
	"Minute" : "0",
	"Lasting" : -1,
	"NotifyType" : 2,
	"SystemEntrance" : "general_task_1",
	"Name" : "每日送豪礼",
	"NameLocalization" : "ACT_Name_48",
	"ResName" : "UI_March_banner2,#890400",
	"Type" : 7,
	"ACTParam" : "16",
	"SortIndex" : 5
},
{
	"ID" : 49,
	"StartTime" : "2022-03-22 00:00:00",
	"EndTime" : "2022-09-15 23:59:00",
	"Year" : "*",
	"Month" : "*",
	"Week" : "*",
	"Day" : "*",
	"Hour" : "0",
	"Minute" : "0",
	"Lasting" : -1,
	"NotifyType" : 2,
	"SystemEntrance" : "general_task_1",
	"Name" : "狂暴打鱼",
	"NameLocalization" : "ACT_Name_49",
	"ResName" : "UI_March_banner3,#002b98",
	"Type" : 7,
	"ACTParam" : "17",
	"SortIndex" : 5
},
{
	"ID" : 50,
	"StartTime" : "2022-04-01 00:00:00",
	"EndTime" : "2022-04-30 23:59:00",
	"Year" : "*",
	"Month" : "*",
	"Week" : "*",
	"Day" : "*",
	"Hour" : "0",
	"Minute" : "0",
	"Lasting" : -1,
	"NotifyType" : 2,
	"SystemEntrance" : "general_task_1",
	"Name" : "每日送豪礼",
	"NameLocalization" : "ACT_Name_50",
	"ResName" : "UI_March_banner2,#890400",
	"Type" : 7,
	"ACTParam" : "18",
	"SortIndex" : 5
},
{
	"ID" : 51,
	"StartTime" : "2022-04-01 00:00:00",
	"EndTime" : "2022-04-30 23:59:00",
	"Year" : "*",
	"Month" : "*",
	"Week" : "*",
	"Day" : "*",
	"Hour" : "0",
	"Minute" : "0",
	"Lasting" : -1,
	"NotifyType" : 2,
	"SystemEntrance" : "general_task_1",
	"Name" : "狂暴打鱼",
	"NameLocalization" : "ACT_Name_51",
	"ResName" : "UI_March_banner3,#002b98",
	"Type" : 7,
	"ACTParam" : "19",
	"SortIndex" : 5
},
{
	"ID" : 52,
	"StartTime" : "2022-03-29 00:00:00",
	"EndTime" : "2022-04-07 23:59:00",
	"Year" : "*",
	"Month" : "*",
	"Week" : "*",
	"Day" : "*",
	"Hour" : "0",
	"Minute" : "0",
	"Lasting" : -1,
	"NotifyType" : 2,
	"SystemEntrance" : "general_task_1",
	"Name" : "英雄大放送",
	"NameLocalization" : "ACT_Name_52",
	"ResName" : "UI_April_banner1,#944b00",
	"Type" : 7,
	"ACTParam" : "20",
	"SortIndex" : 5
},
{
	"ID" : 53,
	"StartTime" : "2022-04-02 00:00:01",
	"EndTime" : "2022-04-05 23:59:00",
	"Year" : "*",
	"Month" : "*",
	"Week" : "*",
	"Day" : "*",
	"Hour" : "0",
	"Minute" : "0",
	"Lasting" : -1,
	"NotifyType" : 2,
	"IsHide" : 1,
	"Name" : "双倍掉落",
	"NameLocalization" : "ACT_Name_53",
	"TimeLocalization" : "Addition_Loot_Info1",
	"ResName" : "UI_AdditionLootBuff_banner2",
	"Type" : 12,
	"ACTParam" : "3",
	"SortIndex" : 12
},
{
	"ID" : 54,
	"StartTime" : "2022-04-06 00:00:01",
	"EndTime" : "2023-12-31 23:59:00",
	"Year" : "*",
	"Month" : "*",
	"Week" : "*",
	"Day" : "*",
	"Hour" : "20",
	"Minute" : "0",
	"Lasting" : 120,
	"NotifyType" : 2,
	"IsHide" : 1,
	"Name" : "双倍掉落",
	"NameLocalization" : "ACT_Name_54",
	"TimeLocalization" : "Addition_Loot_Info",
	"ResName" : "UI_AdditionLootBuff_banner2",
	"Type" : 12,
	"ACTParam" : "3",
	"SortIndex" : 12
},
{
	"ID" : 55,
	"StartTime" : "2022-05-01 00:00:00",
	"EndTime" : "2022-05-16 23:59:00",
	"Year" : "*",
	"Month" : "*",
	"Week" : "*",
	"Day" : "*",
	"Hour" : "0",
	"Minute" : "0",
	"Lasting" : -1,
	"NotifyType" : 2,
	"SystemEntrance" : "general_task_1",
	"Name" : "每日送豪礼",
	"NameLocalization" : "ACT_Name_55",
	"ResName" : "UI_March_banner2,#890400",
	"Type" : 7,
	"ACTParam" : "21",
	"SortIndex" : 5
},
{
	"ID" : 56,
	"StartTime" : "2022-05-01 00:00:00",
	"EndTime" : "2022-05-25 23:59:00",
	"Year" : "*",
	"Month" : "*",
	"Week" : "*",
	"Day" : "*",
	"Hour" : "0",
	"Minute" : "0",
	"Lasting" : -1,
	"NotifyType" : 2,
	"SystemEntrance" : "general_task_1",
	"Name" : "狂暴打鱼",
	"NameLocalization" : "ACT_Name_56",
	"ResName" : "UI_March_banner3,#002b98",
	"Type" : 7,
	"ACTParam" : "22",
	"SortIndex" : 5
},
{
	"ID" : 57,
	"StartTime" : "2022-04-19 00:00:01",
	"EndTime" : "2022-05-25 23:59:00",
	"Year" : "*",
	"Month" : "*",
	"Week" : "*",
	"Day" : "*",
	"Hour" : "0",
	"Minute" : "0",
	"Lasting" : -1,
	"NotifyType" : 2,
	"IsHide" : 1,
	"Name" : "甄姬礼包",
	"NameLocalization" : "ACT_Name_57",
	"ResName" : "turret_zhenji_30,2,turret_zhenji_98,2,turret_zhenji_328,2",
	"Type" : 19,
	"SortIndex" : 3
},
{
	"ID" : 58,
	"StartTime" : "2022-05-17 00:00:00",
	"EndTime" : "2022-05-25 23:59:00",
	"Year" : "*",
	"Month" : "*",
	"Week" : "*",
	"Day" : "*",
	"Hour" : "0",
	"Minute" : "0",
	"Lasting" : -1,
	"NotifyType" : 2,
	"SystemEntrance" : "general_task_1",
	"Name" : "每日送豪礼",
	"NameLocalization" : "ACT_Name_58",
	"ResName" : "UI_March_banner2,#890400",
	"Type" : 7,
	"ACTParam" : "23",
	"SortIndex" : 5
},
{
	"ID" : 59,
	"StartTime" : "2022-05-01 00:00:00",
	"EndTime" : "2022-06-07 23:59:00",
	"Year" : "*",
	"Month" : "*",
	"Week" : "*",
	"Day" : "*",
	"Hour" : "0",
	"Minute" : "0",
	"Lasting" : -1,
	"NotifyType" : 2,
	"SystemEntrance" : "general_task_1",
	"Name" : "每日送豪礼",
	"NameLocalization" : "ACT_Name_59",
	"ResName" : "UI_March_banner2,#890400",
	"Type" : 7,
	"ACTParam" : "24",
	"SortIndex" : 5
},
{
	"ID" : 60,
	"StartTime" : "2022-05-01 00:00:00",
	"EndTime" : "2022-06-07 23:59:00",
	"Year" : "*",
	"Month" : "*",
	"Week" : "*",
	"Day" : "*",
	"Hour" : "0",
	"Minute" : "0",
	"Lasting" : -1,
	"NotifyType" : 2,
	"SystemEntrance" : "general_task_1",
	"Name" : "狂暴打鱼",
	"NameLocalization" : "ACT_Name_60",
	"ResName" : "UI_March_banner3,#002b98",
	"Type" : 7,
	"ACTParam" : "25",
	"SortIndex" : 5
},
{
	"ID" : 61,
	"StartTime" : "2022-05-26 00:00:01",
	"EndTime" : "2022-05-30 23:59:00",
	"Year" : "*",
	"Month" : "*",
	"Week" : "*",
	"Day" : "*",
	"Hour" : "0",
	"Minute" : "0",
	"Lasting" : -1,
	"NotifyType" : 2,
	"IsHide" : 1,
	"Name" : "孙尚香礼包",
	"NameLocalization" : "ACT_Name_61",
	"ResName" : "turret_sunshangxiang_30,2,turret_sunshangxiang_98,2,turret_sunshangxiang_328,2",
	"Type" : 19,
	"SortIndex" : 3
},
{
	"ID" : 62,
	"StartTime" : "2022-05-01 00:00:00",
	"EndTime" : "2023-12-31 23:59:00",
	"Year" : "*",
	"Month" : "*",
	"Week" : "*",
	"Day" : "*",
	"Hour" : "0",
	"Minute" : "0",
	"Lasting" : -1,
	"NotifyType" : 2,
	"SystemEntrance" : "general_task",
	"Name" : "累充返豪礼",
	"NameLocalization" : "ACT_Name_62",
	"ResName" : "UI_ChargeRebate,#bb3000",
	"Type" : 7,
	"ACTParam" : "26",
	"SortIndex" : 7
},
{
	"ID" : 63,
	"StartTime" : "2022-05-01 00:00:00",
	"EndTime" : "2022-06-07 11:01:00",
	"Year" : "*",
	"Month" : "*",
	"Week" : "*",
	"Day" : "*",
	"Hour" : "0",
	"Minute" : "0",
	"Lasting" : -1,
	"NotifyType" : 2,
	"SystemEntrance" : "general_task",
	"Name" : "端午粽子pk",
	"NameLocalization" : "ACT_Name_63",
	"ResName" : "UI_Zongzi_banner,#bb3000",
	"Type" : 20,
	"ACTParam" : "10101083,10101084,501,502",
	"SortIndex" : 1
},
{
	"ID" : 64,
	"StartTime" : "2022-05-17 00:00:01",
	"EndTime" : "2022-06-07 11:01:00",
	"Year" : "*",
	"Month" : "*",
	"Week" : "*",
	"Day" : "*",
	"Hour" : "0",
	"Minute" : "0",
	"Lasting" : -1,
	"NotifyType" : 2,
	"IsHide" : 1,
	"Name" : "惊喜折扣-端午限定礼包",
	"NameLocalization" : "ACT_Name_64",
	"ResName" : "d_big_surprise_30,5,d_big_surprise_98,10,d_big_surprise_648,20",
	"Type" : 15,
	"SortIndex" : 3
}
]