[
{
	"ID" : 0, 
	"Type" : 0, 
	"Description" : "", 
	"Speed" : 0, 
	"IsShowMain" : 0, 
	"IsShowTable" : 0, 
	"ShowRelation" : "", 
	"AnnParam" : 0
},
{
	"ID" : 1,
	"Type" : 1,
	"Speed" : 3,
	"IsShowMain" : 1,
	"IsShowTable" : 1
},
{
	"ID" : 2,
	"Type" : 2,
	"Description" : "Announce_RedEnvelope",
	"Speed" : 2,
	"IsShowMain" : 1,
	"IsShowTable" : 1
},
{
	"ID" : 3,
	"Type" : 3,
	"Description" : "Nuclear_Draw_1",
	"Speed" : 2,
	"IsShowMain" : 1,
	"IsShowTable" : 1,
	"ShowRelation" : "neclear_draw"
},
{
	"ID" : 4,
	"Type" : 3,
	"Description" : "Nuclear_Draw_2",
	"Speed" : 2,
	"IsShowMain" : 1,
	"IsShowTable" : 1,
	"ShowRelation" : "neclear_draw"
},
{
	"ID" : 5,
	"Type" : 3,
	"Description" : "Nuclear_Draw_3",
	"Speed" : 2,
	"IsShowMain" : 1,
	"IsShowTable" : 1,
	"ShowRelation" : "neclear_draw"
},
{
	"ID" : 6,
	"Type" : 4,
	"Description" : "Announce_FishKill_1",
	"Speed" : 3,
	"IsShowMain" : 1,
	"IsShowTable" : 1
},
{
	"ID" : 7,
	"Type" : 4,
	"Description" : "Announce_FishKill_2",
	"Speed" : 3,
	"IsShowMain" : 1,
	"IsShowTable" : 1
},
{
	"ID" : 8,
	"Type" : 5,
	"Description" : "Announce_WorldBoss_1",
	"Speed" : 3,
	"IsShowMain" : 1,
	"IsShowTable" : 1,
	"AnnParam" : 104
},
{
	"ID" : 9,
	"Type" : 5,
	"Description" : "Announce_WorldBoss_2",
	"Speed" : 3,
	"IsShowMain" : 1,
	"IsShowTable" : 1,
	"AnnParam" : 105
},
{
	"ID" : 10,
	"Type" : 4,
	"Description" : "Announce_sunquan",
	"Speed" : 3,
	"IsShowMain" : 1,
	"IsShowTable" : 1
},
{
	"ID" : 11,
	"Type" : 4,
	"Description" : "Announce_caocao",
	"Speed" : 3,
	"IsShowMain" : 1,
	"IsShowTable" : 1
},
{
	"ID" : 12,
	"Type" : 4,
	"Description" : "Announce_FishKill_sunquan",
	"Speed" : 3,
	"IsShowMain" : 1,
	"IsShowTable" : 1
},
{
	"ID" : 13,
	"Type" : 4,
	"Description" : "Announce_FishKill_caocao",
	"Speed" : 3,
	"IsShowMain" : 1,
	"IsShowTable" : 1
},
{
	"ID" : 14,
	"Type" : 4,
	"Description" : "Announce_shenshou_1",
	"Speed" : 3,
	"IsShowMain" : 1,
	"IsShowTable" : 1
},
{
	"ID" : 15,
	"Type" : 4,
	"Description" : "Announce_FishKill_shenshou_1",
	"Speed" : 3,
	"IsShowMain" : 1,
	"IsShowTable" : 1
},
{
	"ID" : 16,
	"Type" : 4,
	"Description" : "Announce_shenshou_2",
	"Speed" : 3,
	"IsShowMain" : 1,
	"IsShowTable" : 1
},
{
	"ID" : 17,
	"Type" : 4,
	"Description" : "Announce_FishKill_shenshou_2",
	"Speed" : 3,
	"IsShowMain" : 1,
	"IsShowTable" : 1
},
{
	"ID" : 18,
	"Type" : 4,
	"Description" : "Announce_lvbu",
	"Speed" : 3,
	"IsShowMain" : 1,
	"IsShowTable" : 1
},
{
	"ID" : 19,
	"Type" : 4,
	"Description" : "Announce_FishKill_lvbu",
	"Speed" : 3,
	"IsShowMain" : 1,
	"IsShowTable" : 1
},
{
	"ID" : 20,
	"Type" : 4,
	"Description" : "Announce_HighReward",
	"Speed" : 3,
	"IsShowMain" : 1,
	"IsShowTable" : 1
},
{
	"ID" : 21,
	"Type" : 4,
	"Description" : "Announce_PureLoveReward",
	"Speed" : 3,
	"IsShowMain" : 1,
	"IsShowTable" : 1
},
{
	"ID" : 22,
	"Type" : 4,
	"Description" : "Announce_CollectionReward",
	"Speed" : 3,
	"IsShowMain" : 1,
	"IsShowTable" : 1
},
{
	"ID" : 23,
	"Type" : 4,
	"Description" : "Announce_menghuo",
	"Speed" : 3,
	"IsShowMain" : 1,
	"IsShowTable" : 1
},
{
	"ID" : 24,
	"Type" : 4,
	"Description" : "Announce_FishKill_menghuo",
	"Speed" : 3,
	"IsShowMain" : 1,
	"IsShowTable" : 1
}
]