[
{
	"ID" : 0, 
	"RankMin" : 0, 
	"RankMax" : 0, 
	"DailyRewardLoot" : 0, 
	"DailyRewardMail" : 0, 
	"WeeklyRewardLoot" : 0, 
	"WeeklyRewardMail" : 0
},
{
	"ID" : 1,
	"RankMin" : 1,
	"RankMax" : 1,
	"DailyRewardLoot" : 10130001,
	"DailyRewardMail" : 30,
	"WeeklyRewardLoot" : 10130021,
	"WeeklyRewardMail" : 32
},
{
	"ID" : 2,
	"RankMin" : 2,
	"RankMax" : 2,
	"DailyRewardLoot" : 10130002,
	"DailyRewardMail" : 30,
	"WeeklyRewardLoot" : 10130022,
	"WeeklyRewardMail" : 32
},
{
	"ID" : 3,
	"RankMin" : 3,
	"RankMax" : 3,
	"DailyRewardLoot" : 10130003,
	"DailyRewardMail" : 30,
	"WeeklyRewardLoot" : 10130023,
	"WeeklyRewardMail" : 32
},
{
	"ID" : 4,
	"RankMin" : 4,
	"RankMax" : 10,
	"DailyRewardLoot" : 10130004,
	"DailyRewardMail" : 30,
	"WeeklyRewardLoot" : 10130024,
	"WeeklyRewardMail" : 32
},
{
	"ID" : 5,
	"RankMin" : 11,
	"RankMax" : 50,
	"DailyRewardLoot" : 10130005,
	"DailyRewardMail" : 30,
	"WeeklyRewardLoot" : 10130025,
	"WeeklyRewardMail" : 32
},
{
	"ID" : 6,
	"RankMin" : 51,
	"RankMax" : 100,
	"DailyRewardLoot" : 10130006,
	"DailyRewardMail" : 30,
	"WeeklyRewardLoot" : 10130026,
	"WeeklyRewardMail" : 32
},
{
	"ID" : 7,
	"RankMin" : 101,
	"RankMax" : 500,
	"DailyRewardLoot" : 10130007,
	"DailyRewardMail" : 30,
	"WeeklyRewardLoot" : 10130027,
	"WeeklyRewardMail" : 32
}
]