[
{
	"ID" : 0, 
	"ButtonTextLocalization" : "", 
	"TitleTextLocalization" : "", 
	"Content" : ""
},
{
	"ID" : 1,
	"ButtonTextLocalization" : "Arena_Rules_Button_Match",
	"TitleTextLocalization" : "Arena_Rules_Match_Title",
	"Content" : "1,Arena_Rules_Match_Content1,2,T_arena_fish_level"
},
{
	"ID" : 2,
	"ButtonTextLocalization" : "Arena_Rules_Button_Rank",
	"TitleTextLocalization" : "Arena_Rules_Rank_Title",
	"Content" : "1,Arena_Rules_Rank_Content1"
},
{
	"ID" : 3,
	"ButtonTextLocalization" : "Arena_Rules_Button_Reward",
	"TitleTextLocalization" : "Arena_Rules_Reward_Title",
	"Content" : "1,Arena_Rules_Reward_Content1,2,T_arena_daily_reward,1,Arena_Rules_Reward_Content2,2,T_arena_weekly_reward"
}
]