[
{
	"ID" : 0, 
	"TotalExp" : 0, 
	"RewardLoot" : "", 
	"ChannelRewardLoot" : ""
},
{
	"ID" : 1,
	"TotalExp" : 10,
	"RewardLoot" : "10171001,10172001",
	"ChannelRewardLoot" : "10172051,10172001"
},
{
	"ID" : 2,
	"TotalExp" : 50,
	"RewardLoot" : "10171002,10172002",
	"ChannelRewardLoot" : "10171002,10172002"
},
{
	"ID" : 3,
	"TotalExp" : 100,
	"RewardLoot" : "10171003,10172003",
	"ChannelRewardLoot" : "10171003,10172003"
},
{
	"ID" : 4,
	"TotalExp" : 200,
	"RewardLoot" : "10171004,10172004",
	"ChannelRewardLoot" : "10172052,10172004"
},
{
	"ID" : 5,
	"TotalExp" : 500,
	"RewardLoot" : "10171005,10172005",
	"ChannelRewardLoot" : "10171005,10172005"
},
{
	"ID" : 6,
	"TotalExp" : 1000,
	"RewardLoot" : "10171006,10172006",
	"ChannelRewardLoot" : "10171006,10172006"
},
{
	"ID" : 7,
	"TotalExp" : 2000,
	"RewardLoot" : "10171007,10172007",
	"ChannelRewardLoot" : "10172053,10172007"
},
{
	"ID" : 8,
	"TotalExp" : 5000,
	"RewardLoot" : "10171008,10172008",
	"ChannelRewardLoot" : "10171008,10172008"
},
{
	"ID" : 9,
	"TotalExp" : 10000,
	"RewardLoot" : "10171009,10172009",
	"ChannelRewardLoot" : "10171009,10172009"
},
{
	"ID" : 10,
	"TotalExp" : 20000,
	"RewardLoot" : "10171010,10172010",
	"ChannelRewardLoot" : "10172054,10172010"
},
{
	"ID" : 11,
	"TotalExp" : 40000,
	"RewardLoot" : "10171011,10172011",
	"ChannelRewardLoot" : "10171011,10172011"
},
{
	"ID" : 12,
	"TotalExp" : 60000,
	"RewardLoot" : "10171012,10172012",
	"ChannelRewardLoot" : "10171012,10172012"
},
{
	"ID" : 13,
	"TotalExp" : 80000,
	"RewardLoot" : "10171013,10172013",
	"ChannelRewardLoot" : "10172055,10172013"
},
{
	"ID" : 14,
	"TotalExp" : 100000,
	"RewardLoot" : "10171014,10172014",
	"ChannelRewardLoot" : "10171014,10172014"
},
{
	"ID" : 15,
	"TotalExp" : 150000,
	"RewardLoot" : "10171015,10172015",
	"ChannelRewardLoot" : "10171015,10172015"
},
{
	"ID" : 16,
	"TotalExp" : 200000,
	"RewardLoot" : "10171016,10172016",
	"ChannelRewardLoot" : "10172056,10172016"
},
{
	"ID" : 17,
	"TotalExp" : 300000,
	"RewardLoot" : "10171017,10172017",
	"ChannelRewardLoot" : "10171017,10172017"
},
{
	"ID" : 18,
	"TotalExp" : 400000,
	"RewardLoot" : "10171018,10172018",
	"ChannelRewardLoot" : "10171018,10172018"
},
{
	"ID" : 19,
	"TotalExp" : 600000,
	"RewardLoot" : "10171019,10172019",
	"ChannelRewardLoot" : "10172057,10172019"
},
{
	"ID" : 20,
	"TotalExp" : 800000,
	"RewardLoot" : "10171020,10172020",
	"ChannelRewardLoot" : "10171020,10172020"
},
{
	"ID" : 21,
	"TotalExp" : 1000000,
	"RewardLoot" : "10171021,10172021",
	"ChannelRewardLoot" : "10171021,10172021"
},
{
	"ID" : 22,
	"TotalExp" : 1500000,
	"RewardLoot" : "10171022,10172022",
	"ChannelRewardLoot" : "10172058,10172022"
},
{
	"ID" : 23,
	"TotalExp" : 2000000,
	"RewardLoot" : "10171023,10172023",
	"ChannelRewardLoot" : "10171023,10172023"
},
{
	"ID" : 24,
	"TotalExp" : 3000000,
	"RewardLoot" : "10171024,10172024",
	"ChannelRewardLoot" : "10171024,10172024"
},
{
	"ID" : 25,
	"TotalExp" : 4000000,
	"RewardLoot" : "10171025,10172025",
	"ChannelRewardLoot" : "10172059,10172025"
},
{
	"ID" : 26,
	"TotalExp" : 6000000,
	"RewardLoot" : "10171026,10172026",
	"ChannelRewardLoot" : "10171026,10172026"
},
{
	"ID" : 27,
	"TotalExp" : 8000000,
	"RewardLoot" : "10171027,10172027",
	"ChannelRewardLoot" : "10171027,10172027"
},
{
	"ID" : 28,
	"TotalExp" : 10000000,
	"RewardLoot" : "10171028,10172028",
	"ChannelRewardLoot" : "10171028,10172028"
},
{
	"ID" : 29,
	"TotalExp" : 15000000,
	"RewardLoot" : "10171029,10172029",
	"ChannelRewardLoot" : "10171029,10172029"
},
{
	"ID" : 30,
	"TotalExp" : 20000000,
	"RewardLoot" : "10171030,10172030",
	"ChannelRewardLoot" : "10171030,10172030"
},
{
	"ID" : 31,
	"TotalExp" : 30000000,
	"RewardLoot" : "10171031,10172031",
	"ChannelRewardLoot" : "10171031,10172031"
},
{
	"ID" : 32,
	"TotalExp" : 40000000,
	"RewardLoot" : "10171032,10172032",
	"ChannelRewardLoot" : "10171032,10172032"
},
{
	"ID" : 33,
	"TotalExp" : 60000000,
	"RewardLoot" : "10171033,10172033",
	"ChannelRewardLoot" : "10171033,10172033"
},
{
	"ID" : 34,
	"TotalExp" : 80000000,
	"RewardLoot" : "10171034,10172034",
	"ChannelRewardLoot" : "10171034,10172034"
},
{
	"ID" : 35,
	"TotalExp" : 100000000,
	"RewardLoot" : "10171035,10172035",
	"ChannelRewardLoot" : "10171035,10172035"
},
{
	"ID" : 36,
	"TotalExp" : 150000000,
	"RewardLoot" : "10171036,10172036",
	"ChannelRewardLoot" : "10171036,10172036"
},
{
	"ID" : 37,
	"TotalExp" : 200000000,
	"RewardLoot" : "10171037,10172037",
	"ChannelRewardLoot" : "10171037,10172037"
},
{
	"ID" : 38,
	"TotalExp" : 300000000,
	"RewardLoot" : "10171038,10172038",
	"ChannelRewardLoot" : "10171038,10172038"
},
{
	"ID" : 39,
	"TotalExp" : 400000000,
	"RewardLoot" : "10171039,10172039",
	"ChannelRewardLoot" : "10171039,10172039"
},
{
	"ID" : 40,
	"TotalExp" : 600000000,
	"RewardLoot" : "10171040,10172040",
	"ChannelRewardLoot" : "10171040,10172040"
},
{
	"ID" : 41,
	"TotalExp" : 800000000,
	"RewardLoot" : "10171041,10172041",
	"ChannelRewardLoot" : "10171041,10172041"
},
{
	"ID" : 42,
	"TotalExp" : 1000000000,
	"RewardLoot" : "10171042,10172042",
	"ChannelRewardLoot" : "10171042,10172042"
},
{
	"ID" : 43,
	"TotalExp" : 1500000000,
	"RewardLoot" : "10171043,10172043",
	"ChannelRewardLoot" : "10171043,10172043"
},
{
	"ID" : 44,
	"TotalExp" : 2000000000,
	"RewardLoot" : "10171044,10172044",
	"ChannelRewardLoot" : "10171044,10172044"
},
{
	"ID" : 45,
	"TotalExp" : 3000000000,
	"RewardLoot" : "10171045,10172045",
	"ChannelRewardLoot" : "10171045,10172045"
},
{
	"ID" : 46,
	"TotalExp" : 4000000000,
	"RewardLoot" : "10171046,10172046",
	"ChannelRewardLoot" : "10171046,10172046"
},
{
	"ID" : 47,
	"TotalExp" : 5000000000,
	"RewardLoot" : "10171047,10172047",
	"ChannelRewardLoot" : "10171047,10172047"
},
{
	"ID" : 48,
	"TotalExp" : 6000000000,
	"RewardLoot" : "10171048,10172048",
	"ChannelRewardLoot" : "10171048,10172048"
},
{
	"ID" : 49,
	"TotalExp" : 8000000000,
	"RewardLoot" : "10171049,10172049",
	"ChannelRewardLoot" : "10171049,10172049"
},
{
	"ID" : 50,
	"TotalExp" : 10000000000,
	"RewardLoot" : "10171050,10172050",
	"ChannelRewardLoot" : "10171050,10172050"
}
]