[
{
	"ID" : 0, 
	"Type" : 0, 
	"Duration" : 0, 
	"OperationTime" : 0, 
	"Param" : 0, 
	"LootParam" : "", 
	"ChargeParam" : ""
},
{
	"ID" : 1,
	"Type" : 1,
	"Duration" : 20000,
	"OperationTime" : 10000,
	"Param" : 14
},
{
	"ID" : 2,
	"Type" : 2,
	"Duration" : 20000,
	"OperationTime" : 10000,
	"Param" : 15
},
{
	"ID" : 3,
	"Type" : 101,
	"Duration" : 0,
	"LootParam" : "11601004,100,11601005,100"
},
{
	"ID" : 4,
	"Type" : 101,
	"Duration" : 7200,
	"Param" : 307,
	"LootParam" : "11601004,50"
},
{
	"ID" : 5,
	"Type" : 101,
	"Duration" : 7200,
	"Param" : 308,
	"LootParam" : "11601005,50"
},
{
	"ID" : 6,
	"Type" : 101,
	"Duration" : 3600,
	"Param" : 309,
	"LootParam" : "11601004,100,11601005,100"
},
{
	"ID" : 7,
	"Type" : 101,
	"Duration" : 86400,
	"LootParam" : "11601004,20,11601005,20",
	"ChargeParam" : "daily_buff_8"
},
{
	"ID" : 8,
	"Type" : 101,
	"Duration" : 86400,
	"LootParam" : "11601004,60,11601005,60",
	"ChargeParam" : "daily_buff_58"
},
{
	"ID" : 9,
	"Type" : 101,
	"Duration" : 86400,
	"LootParam" : "11601004,120,11601005,120",
	"ChargeParam" : "daily_buff_198"
}
]