[
{
	"ID" : 0, 
	"Group" : 0, 
	"Name" : "", 
	"Type" : 0, 
	"CardRelationParam" : "", 
	"Relation_Desc" : "", 
	"Reward" : 0, 
	"ChannelReward" : 0, 
	"ControlReward" : "", 
	"ControlRewardShow" : ""
},
{
	"ID" : 1,
	"Group" : 1,
	"Name" : "Card_Relation_1",
	"Type" : 1,
	"CardRelationParam" : "4001",
	"Reward" : 10180001,
	"ChannelReward" : 10180001
},
{
	"ID" : 2,
	"Group" : 1,
	"Name" : "Card_Relation_2",
	"Type" : 1,
	"CardRelationParam" : "1002",
	"Reward" : 10180002,
	"ChannelReward" : 10180002
},
{
	"ID" : 3,
	"Group" : 1,
	"Name" : "Card_Relation_3",
	"Type" : 1,
	"CardRelationParam" : "1004",
	"Reward" : 10180003,
	"ChannelReward" : 10180003
},
{
	"ID" : 4,
	"Group" : 1,
	"Name" : "Card_Relation_4",
	"Type" : 1,
	"CardRelationParam" : "4002",
	"Reward" : 10180004,
	"ChannelReward" : 10180004
},
{
	"ID" : 5,
	"Group" : 1,
	"Name" : "Card_Relation_5",
	"Type" : 1,
	"CardRelationParam" : "4001,4002",
	"Reward" : 10180005,
	"ChannelReward" : 10180005
},
{
	"ID" : 6,
	"Group" : 1,
	"Name" : "Card_Relation_6",
	"Type" : 1,
	"CardRelationParam" : "1001,2001",
	"Reward" : 10180006,
	"ChannelReward" : 10180006
},
{
	"ID" : 7,
	"Group" : 1,
	"Name" : "Card_Relation_7",
	"Type" : 1,
	"CardRelationParam" : "2001,1005",
	"Reward" : 10180007,
	"ChannelReward" : 10180007
},
{
	"ID" : 8,
	"Group" : 1,
	"Name" : "Card_Relation_8",
	"Type" : 1,
	"CardRelationParam" : "1009,3008",
	"Reward" : 10180008,
	"ChannelReward" : 10180008
},
{
	"ID" : 9,
	"Group" : 1,
	"Name" : "Card_Relation_9",
	"Type" : 2,
	"CardRelationParam" : "3",
	"Relation_Desc" : "Relation_Desc_3",
	"Reward" : 10180009,
	"ChannelReward" : 10180009
},
{
	"ID" : 10,
	"Group" : 1,
	"Name" : "Card_Relation_10",
	"Type" : 1,
	"CardRelationParam" : "3008,3010,3009",
	"Reward" : 10180010,
	"ChannelReward" : 10180010
},
{
	"ID" : 11,
	"Group" : 1,
	"Name" : "Card_Relation_11",
	"Type" : 1,
	"CardRelationParam" : "1003,2002,2003",
	"Reward" : 10180011,
	"ChannelReward" : 10180011
},
{
	"ID" : 12,
	"Group" : 1,
	"Name" : "Card_Relation_12",
	"Type" : 1,
	"CardRelationParam" : "1001,1002,1003",
	"Reward" : 10180012,
	"ChannelReward" : 10180012
},
{
	"ID" : 13,
	"Group" : 1,
	"Name" : "Card_Relation_13",
	"Type" : 2,
	"CardRelationParam" : "4",
	"Relation_Desc" : "Relation_Desc_4",
	"Reward" : 10180013,
	"ChannelReward" : 10180013
},
{
	"ID" : 14,
	"Group" : 1,
	"Name" : "Card_Relation_14",
	"Type" : 1,
	"CardRelationParam" : "3012,3011,2011,4002",
	"Reward" : 10180014,
	"ChannelReward" : 10180014
},
{
	"ID" : 15,
	"Group" : 1,
	"Name" : "Card_Relation_15",
	"Type" : 1,
	"CardRelationParam" : "4001,2001,1001,3001",
	"Reward" : 10180015,
	"ChannelReward" : 10180015
},
{
	"ID" : 16,
	"Group" : 1,
	"Name" : "Card_Relation_16",
	"Type" : 1,
	"CardRelationParam" : "1001,1002,1003,4001",
	"Reward" : 10180016,
	"ChannelReward" : 10180016
},
{
	"ID" : 17,
	"Group" : 1,
	"Name" : "Card_Relation_17",
	"Type" : 2,
	"CardRelationParam" : "5",
	"Relation_Desc" : "Relation_Desc_5",
	"Reward" : 10180017,
	"ChannelReward" : 10180017
},
{
	"ID" : 18,
	"Group" : 1,
	"Name" : "Card_Relation_18",
	"Type" : 1,
	"CardRelationParam" : "2004,2006,2005,2008,2007",
	"Reward" : 10180018,
	"ChannelReward" : 10180201
},
{
	"ID" : 19,
	"Group" : 1,
	"Name" : "Card_Relation_19",
	"Type" : 1,
	"CardRelationParam" : "1002,1003,1004,1005,1006",
	"Reward" : 10180019,
	"ChannelReward" : 10180202
},
{
	"ID" : 20,
	"Group" : 1,
	"Name" : "Card_Relation_20",
	"Type" : 1,
	"CardRelationParam" : "1011,1012,2012,3012,3011",
	"Reward" : 10180020,
	"ChannelReward" : 10180203
},
{
	"ID" : 21,
	"Group" : 2,
	"Name" : "Card_Relation_5",
	"Type" : 1,
	"CardRelationParam" : "4001,4002"
},
{
	"ID" : 22,
	"Group" : 2,
	"Name" : "Card_Relation_1",
	"Type" : 1,
	"CardRelationParam" : "4001",
	"Reward" : 10180101,
	"ChannelReward" : 10180101
},
{
	"ID" : 23,
	"Group" : 2,
	"Name" : "Card_Relation_4",
	"Type" : 1,
	"CardRelationParam" : "4002",
	"Reward" : 10180102,
	"ChannelReward" : 10180102
},
{
	"ID" : 24,
	"Group" : 2,
	"Name" : "Card_Relation_8",
	"Type" : 1,
	"CardRelationParam" : "1009,3008",
	"Reward" : 10180104,
	"ChannelReward" : 10180104
},
{
	"ID" : 25,
	"Group" : 2,
	"Name" : "Card_Relation_12",
	"Type" : 1,
	"CardRelationParam" : "1001,1002,1003",
	"Reward" : 10180106,
	"ChannelReward" : 10180106
},
{
	"ID" : 26,
	"Group" : 2,
	"Name" : "Card_Relation_9",
	"Type" : 2,
	"CardRelationParam" : "3",
	"Relation_Desc" : "Relation_Desc_3",
	"Reward" : 10180105,
	"ChannelReward" : 10180105
},
{
	"ID" : 27,
	"Group" : 2,
	"Name" : "Card_Relation_13",
	"Type" : 2,
	"CardRelationParam" : "4",
	"Relation_Desc" : "Relation_Desc_4",
	"Reward" : 10180107,
	"ChannelReward" : 10180107
},
{
	"ID" : 28,
	"Group" : 2,
	"Name" : "Card_Relation_17",
	"Type" : 2,
	"CardRelationParam" : "5",
	"Relation_Desc" : "Relation_Desc_5",
	"Reward" : 10180108,
	"ChannelReward" : 10180108
},
{
	"ID" : 29,
	"Group" : 3,
	"Name" : "Card_Relation_1",
	"Type" : 1,
	"CardRelationParam" : "4001",
	"Reward" : 10180301,
	"ChannelReward" : 10180301
},
{
	"ID" : 30,
	"Group" : 3,
	"Name" : "Card_Relation_2",
	"Type" : 1,
	"CardRelationParam" : "1002",
	"Reward" : 10180302,
	"ChannelReward" : 10180302
},
{
	"ID" : 31,
	"Group" : 3,
	"Name" : "Card_Relation_3",
	"Type" : 1,
	"CardRelationParam" : "1004",
	"Reward" : 10180303,
	"ChannelReward" : 10180303
},
{
	"ID" : 32,
	"Group" : 3,
	"Name" : "Card_Relation_4",
	"Type" : 1,
	"CardRelationParam" : "4002",
	"Reward" : 10180304,
	"ChannelReward" : 10180304
},
{
	"ID" : 33,
	"Group" : 3,
	"Name" : "Card_Relation_5",
	"Type" : 1,
	"CardRelationParam" : "4001,4002",
	"Reward" : 10180305,
	"ChannelReward" : 10180305
},
{
	"ID" : 34,
	"Group" : 3,
	"Name" : "Card_Relation_6",
	"Type" : 1,
	"CardRelationParam" : "1001,2001",
	"Reward" : 10180306,
	"ChannelReward" : 10180306
},
{
	"ID" : 35,
	"Group" : 3,
	"Name" : "Card_Relation_7",
	"Type" : 1,
	"CardRelationParam" : "2001,1005",
	"Reward" : 10180307,
	"ChannelReward" : 10180307
},
{
	"ID" : 36,
	"Group" : 3,
	"Name" : "Card_Relation_8",
	"Type" : 1,
	"CardRelationParam" : "1009,3008",
	"Reward" : 10180308,
	"ChannelReward" : 10180308
},
{
	"ID" : 37,
	"Group" : 3,
	"Name" : "Card_Relation_9",
	"Type" : 2,
	"CardRelationParam" : "3",
	"Relation_Desc" : "Relation_Desc_3",
	"Reward" : 10180309,
	"ChannelReward" : 10180309
},
{
	"ID" : 38,
	"Group" : 3,
	"Name" : "Card_Relation_10",
	"Type" : 1,
	"CardRelationParam" : "3008,3010,3009",
	"Reward" : 10180310,
	"ChannelReward" : 10180310
},
{
	"ID" : 39,
	"Group" : 3,
	"Name" : "Card_Relation_11",
	"Type" : 1,
	"CardRelationParam" : "1003,2002,2003",
	"Reward" : 10180311,
	"ChannelReward" : 10180311
},
{
	"ID" : 40,
	"Group" : 3,
	"Name" : "Card_Relation_12",
	"Type" : 1,
	"CardRelationParam" : "1001,1002,1003",
	"Reward" : 10180312,
	"ChannelReward" : 10180312
},
{
	"ID" : 41,
	"Group" : 3,
	"Name" : "Card_Relation_13",
	"Type" : 2,
	"CardRelationParam" : "4",
	"Relation_Desc" : "Relation_Desc_4",
	"Reward" : 10180313,
	"ChannelReward" : 10180313
},
{
	"ID" : 42,
	"Group" : 3,
	"Name" : "Card_Relation_14",
	"Type" : 1,
	"CardRelationParam" : "3012,3011,2011,4002",
	"Reward" : 10180314,
	"ChannelReward" : 10180314
},
{
	"ID" : 43,
	"Group" : 3,
	"Name" : "Card_Relation_15",
	"Type" : 1,
	"CardRelationParam" : "4001,2001,1001,3001",
	"Reward" : 10180315,
	"ChannelReward" : 10180315
},
{
	"ID" : 44,
	"Group" : 3,
	"Name" : "Card_Relation_16",
	"Type" : 1,
	"CardRelationParam" : "1001,1002,1003,4001",
	"Reward" : 10180316,
	"ChannelReward" : 10180316
},
{
	"ID" : 45,
	"Group" : 3,
	"Name" : "Card_Relation_17",
	"Type" : 2,
	"CardRelationParam" : "5",
	"Relation_Desc" : "Relation_Desc_5",
	"Reward" : 10180317,
	"ChannelReward" : 10180317
},
{
	"ID" : 46,
	"Group" : 3,
	"Name" : "Card_Relation_18",
	"Type" : 1,
	"CardRelationParam" : "2004,2006,2005,2008,2007",
	"Reward" : 10180318,
	"ChannelReward" : 10180318
},
{
	"ID" : 47,
	"Group" : 3,
	"Name" : "Card_Relation_19",
	"Type" : 1,
	"CardRelationParam" : "1002,1003,1004,1005,1006",
	"Reward" : 10180319,
	"ChannelReward" : 10180319
},
{
	"ID" : 48,
	"Group" : 3,
	"Name" : "Card_Relation_20",
	"Type" : 1,
	"CardRelationParam" : "1011,1012,2012,3012,3011"
},
{
	"ID" : 49,
	"Group" : 4,
	"Name" : "Card_Relation_24",
	"Type" : 1,
	"CardRelationParam" : "4001,4002",
	"Relation_Desc" : "Relation_Desc_9",
	"ControlReward" : "10101064,10",
	"ControlRewardShow" : "10101050,10"
},
{
	"ID" : 50,
	"Group" : 4,
	"Name" : "Card_Relation_23",
	"Type" : 6,
	"CardRelationParam" : "3",
	"Relation_Desc" : "Relation_Desc_8",
	"ControlReward" : "10101050,10",
	"ControlRewardShow" : "10101050,10"
},
{
	"ID" : 51,
	"Group" : 4,
	"Name" : "Card_Relation_28",
	"Type" : 6,
	"CardRelationParam" : "2",
	"Relation_Desc" : "Relation_Desc_13",
	"ControlReward" : "10101060,10",
	"ControlRewardShow" : "10101060,10"
},
{
	"ID" : 52,
	"Group" : 4,
	"Name" : "Card_Relation_21",
	"Type" : 4,
	"CardRelationParam" : "3",
	"Relation_Desc" : "Relation_Desc_6",
	"Reward" : 10180401,
	"ChannelReward" : 10180401
},
{
	"ID" : 53,
	"Group" : 4,
	"Name" : "Card_Relation_22",
	"Type" : 5,
	"CardRelationParam" : "3",
	"Relation_Desc" : "Relation_Desc_7",
	"Reward" : 10180402,
	"ChannelReward" : 10180402
},
{
	"ID" : 54,
	"Group" : 4,
	"Name" : "Card_Relation_25",
	"Type" : 3,
	"CardRelationParam" : "3",
	"Relation_Desc" : "Relation_Desc_10",
	"Reward" : 10180405,
	"ChannelReward" : 10180405
},
{
	"ID" : 55,
	"Group" : 4,
	"Name" : "Card_Relation_26",
	"Type" : 4,
	"CardRelationParam" : "2",
	"Relation_Desc" : "Relation_Desc_11",
	"Reward" : 10180406,
	"ChannelReward" : 10180406
},
{
	"ID" : 56,
	"Group" : 4,
	"Name" : "Card_Relation_27",
	"Type" : 5,
	"CardRelationParam" : "2",
	"Relation_Desc" : "Relation_Desc_12",
	"Reward" : 10180407,
	"ChannelReward" : 10180407
},
{
	"ID" : 57,
	"Group" : 5,
	"Name" : "Card_Relation_24",
	"Type" : 1,
	"CardRelationParam" : "4001,4002",
	"Relation_Desc" : "Relation_Desc_9",
	"ControlReward" : "10101064,10",
	"ControlRewardShow" : "10101050,10"
},
{
	"ID" : 58,
	"Group" : 5,
	"Name" : "Card_Relation_23",
	"Type" : 6,
	"CardRelationParam" : "3",
	"Relation_Desc" : "Relation_Desc_8",
	"ControlReward" : "10101050,10",
	"ControlRewardShow" : "10101050,10"
},
{
	"ID" : 59,
	"Group" : 5,
	"Name" : "Card_Relation_28",
	"Type" : 6,
	"CardRelationParam" : "2",
	"Relation_Desc" : "Relation_Desc_13",
	"ControlReward" : "10101060,10",
	"ControlRewardShow" : "10101060,10"
},
{
	"ID" : 60,
	"Group" : 5,
	"Name" : "Card_Relation_21",
	"Type" : 4,
	"CardRelationParam" : "3",
	"Relation_Desc" : "Relation_Desc_6",
	"Reward" : 10180411,
	"ChannelReward" : 10180411
},
{
	"ID" : 61,
	"Group" : 5,
	"Name" : "Card_Relation_22",
	"Type" : 5,
	"CardRelationParam" : "3",
	"Relation_Desc" : "Relation_Desc_7",
	"Reward" : 10180412,
	"ChannelReward" : 10180412
},
{
	"ID" : 62,
	"Group" : 5,
	"Name" : "Card_Relation_25",
	"Type" : 3,
	"CardRelationParam" : "3",
	"Relation_Desc" : "Relation_Desc_10",
	"Reward" : 10180415,
	"ChannelReward" : 10180415
},
{
	"ID" : 63,
	"Group" : 5,
	"Name" : "Card_Relation_26",
	"Type" : 4,
	"CardRelationParam" : "2",
	"Relation_Desc" : "Relation_Desc_11",
	"Reward" : 10180416,
	"ChannelReward" : 10180416
},
{
	"ID" : 64,
	"Group" : 5,
	"Name" : "Card_Relation_27",
	"Type" : 5,
	"CardRelationParam" : "2",
	"Relation_Desc" : "Relation_Desc_12",
	"Reward" : 10180417,
	"ChannelReward" : 10180417
},
{
	"ID" : 65,
	"Group" : 6,
	"Name" : "Card_Relation_24",
	"Type" : 1,
	"CardRelationParam" : "4001,4002",
	"Relation_Desc" : "Relation_Desc_9",
	"ControlReward" : "10101064,20",
	"ControlRewardShow" : "10101050,20"
},
{
	"ID" : 66,
	"Group" : 6,
	"Name" : "Card_Relation_23",
	"Type" : 6,
	"CardRelationParam" : "3",
	"Relation_Desc" : "Relation_Desc_8",
	"Reward" : 10180423,
	"ChannelReward" : 10180423
},
{
	"ID" : 67,
	"Group" : 6,
	"Name" : "Card_Relation_28",
	"Type" : 6,
	"CardRelationParam" : "2",
	"Relation_Desc" : "Relation_Desc_13",
	"ControlReward" : "10101060,20",
	"ControlRewardShow" : "10101060,20"
},
{
	"ID" : 68,
	"Group" : 6,
	"Name" : "Card_Relation_21",
	"Type" : 4,
	"CardRelationParam" : "3",
	"Relation_Desc" : "Relation_Desc_6",
	"Reward" : 10180421,
	"ChannelReward" : 10180421
},
{
	"ID" : 69,
	"Group" : 6,
	"Name" : "Card_Relation_22",
	"Type" : 5,
	"CardRelationParam" : "3",
	"Relation_Desc" : "Relation_Desc_7",
	"Reward" : 10180422,
	"ChannelReward" : 10180422
},
{
	"ID" : 70,
	"Group" : 6,
	"Name" : "Card_Relation_25",
	"Type" : 3,
	"CardRelationParam" : "3",
	"Relation_Desc" : "Relation_Desc_10",
	"Reward" : 10180425,
	"ChannelReward" : 10180425
},
{
	"ID" : 71,
	"Group" : 6,
	"Name" : "Card_Relation_26",
	"Type" : 4,
	"CardRelationParam" : "2",
	"Relation_Desc" : "Relation_Desc_11",
	"Reward" : 10180426,
	"ChannelReward" : 10180426
},
{
	"ID" : 72,
	"Group" : 6,
	"Name" : "Card_Relation_27",
	"Type" : 5,
	"CardRelationParam" : "2",
	"Relation_Desc" : "Relation_Desc_12",
	"Reward" : 10180427,
	"ChannelReward" : 10180427
},
{
	"ID" : 73,
	"Group" : 7,
	"Name" : "Card_Relation_24",
	"Type" : 1,
	"CardRelationParam" : "4001,4002",
	"Relation_Desc" : "Relation_Desc_9",
	"ControlReward" : "10101064,50",
	"ControlRewardShow" : "10101050,50"
},
{
	"ID" : 74,
	"Group" : 7,
	"Name" : "Card_Relation_23",
	"Type" : 6,
	"CardRelationParam" : "3",
	"Relation_Desc" : "Relation_Desc_8",
	"Reward" : 10180433,
	"ChannelReward" : 10180433
},
{
	"ID" : 75,
	"Group" : 7,
	"Name" : "Card_Relation_28",
	"Type" : 6,
	"CardRelationParam" : "2",
	"Relation_Desc" : "Relation_Desc_13",
	"ControlReward" : "10101060,20",
	"ControlRewardShow" : "10101060,20"
},
{
	"ID" : 76,
	"Group" : 7,
	"Name" : "Card_Relation_21",
	"Type" : 4,
	"CardRelationParam" : "3",
	"Relation_Desc" : "Relation_Desc_6",
	"Reward" : 10180431,
	"ChannelReward" : 10180431
},
{
	"ID" : 77,
	"Group" : 7,
	"Name" : "Card_Relation_22",
	"Type" : 5,
	"CardRelationParam" : "3",
	"Relation_Desc" : "Relation_Desc_7",
	"Reward" : 10180432,
	"ChannelReward" : 10180432
},
{
	"ID" : 78,
	"Group" : 7,
	"Name" : "Card_Relation_25",
	"Type" : 3,
	"CardRelationParam" : "3",
	"Relation_Desc" : "Relation_Desc_10",
	"Reward" : 10180435,
	"ChannelReward" : 10180435
},
{
	"ID" : 79,
	"Group" : 7,
	"Name" : "Card_Relation_26",
	"Type" : 4,
	"CardRelationParam" : "2",
	"Relation_Desc" : "Relation_Desc_11",
	"Reward" : 10180436,
	"ChannelReward" : 10180436
},
{
	"ID" : 80,
	"Group" : 7,
	"Name" : "Card_Relation_27",
	"Type" : 5,
	"CardRelationParam" : "2",
	"Relation_Desc" : "Relation_Desc_12",
	"Reward" : 10180437,
	"ChannelReward" : 10180437
},
{
	"ID" : 81,
	"Group" : 8,
	"Name" : "Card_Relation_24",
	"Type" : 1,
	"CardRelationParam" : "4001,4002",
	"Relation_Desc" : "Relation_Desc_9",
	"ControlReward" : "10101064,50",
	"ControlRewardShow" : "10101050,50"
},
{
	"ID" : 82,
	"Group" : 8,
	"Name" : "Card_Relation_23",
	"Type" : 6,
	"CardRelationParam" : "3",
	"Relation_Desc" : "Relation_Desc_8",
	"Reward" : 10180443,
	"ChannelReward" : 10180443,
	"ControlReward" : "10101050,20",
	"ControlRewardShow" : "10101050,20"
},
{
	"ID" : 83,
	"Group" : 8,
	"Name" : "Card_Relation_28",
	"Type" : 6,
	"CardRelationParam" : "2",
	"Relation_Desc" : "Relation_Desc_13",
	"ControlReward" : "10101060,20",
	"ControlRewardShow" : "10101060,20"
},
{
	"ID" : 84,
	"Group" : 8,
	"Name" : "Card_Relation_21",
	"Type" : 4,
	"CardRelationParam" : "3",
	"Relation_Desc" : "Relation_Desc_6",
	"Reward" : 10180441,
	"ChannelReward" : 10180441
},
{
	"ID" : 85,
	"Group" : 8,
	"Name" : "Card_Relation_22",
	"Type" : 5,
	"CardRelationParam" : "3",
	"Relation_Desc" : "Relation_Desc_7",
	"Reward" : 10180442,
	"ChannelReward" : 10180442
},
{
	"ID" : 86,
	"Group" : 8,
	"Name" : "Card_Relation_25",
	"Type" : 3,
	"CardRelationParam" : "3",
	"Relation_Desc" : "Relation_Desc_10",
	"Reward" : 10180445,
	"ChannelReward" : 10180445
},
{
	"ID" : 87,
	"Group" : 8,
	"Name" : "Card_Relation_26",
	"Type" : 4,
	"CardRelationParam" : "2",
	"Relation_Desc" : "Relation_Desc_11",
	"Reward" : 10180446,
	"ChannelReward" : 10180446
},
{
	"ID" : 88,
	"Group" : 8,
	"Name" : "Card_Relation_27",
	"Type" : 5,
	"CardRelationParam" : "2",
	"Relation_Desc" : "Relation_Desc_12",
	"Reward" : 10180447,
	"ChannelReward" : 10180447
}
]