[
{
	"ID" : 0, 
	"CardResource" : "", 
	"CardName" : "", 
	"Camp" : 0
},
{
	"ID" : 1001,
	"CardResource" : "UII_Card_1001",
	"CardName" : "Card_Name_1001",
	"Camp" : 1
},
{
	"ID" : 1002,
	"CardResource" : "UII_Card_1002",
	"CardName" : "Card_Name_1002",
	"Camp" : 1
},
{
	"ID" : 1003,
	"CardResource" : "UII_Card_1003",
	"CardName" : "Card_Name_1003",
	"Camp" : 1
},
{
	"ID" : 1004,
	"CardResource" : "UII_Card_1004",
	"CardName" : "Card_Name_1004",
	"Camp" : 1
},
{
	"ID" : 1005,
	"CardResource" : "UII_Card_1005",
	"CardName" : "Card_Name_1005",
	"Camp" : 1
},
{
	"ID" : 1006,
	"CardResource" : "UII_Card_1006",
	"CardName" : "Card_Name_1006",
	"Camp" : 1
},
{
	"ID" : 1007,
	"CardResource" : "UII_Card_1007",
	"CardName" : "Card_Name_1007",
	"Camp" : 1
},
{
	"ID" : 1008,
	"CardResource" : "UII_Card_1008",
	"CardName" : "Card_Name_1008",
	"Camp" : 1
},
{
	"ID" : 1009,
	"CardResource" : "UII_Card_1009",
	"CardName" : "Card_Name_1009",
	"Camp" : 1
},
{
	"ID" : 1010,
	"CardResource" : "UII_Card_1010",
	"CardName" : "Card_Name_1010",
	"Camp" : 1
},
{
	"ID" : 1011,
	"CardResource" : "UII_Card_1011",
	"CardName" : "Card_Name_1011",
	"Camp" : 1
},
{
	"ID" : 1012,
	"CardResource" : "UII_Card_1012",
	"CardName" : "Card_Name_1012",
	"Camp" : 1
},
{
	"ID" : 2001,
	"CardResource" : "UII_Card_2001",
	"CardName" : "Card_Name_2001",
	"Camp" : 2
},
{
	"ID" : 2002,
	"CardResource" : "UII_Card_2002",
	"CardName" : "Card_Name_2002",
	"Camp" : 2
},
{
	"ID" : 2003,
	"CardResource" : "UII_Card_2003",
	"CardName" : "Card_Name_2003",
	"Camp" : 2
},
{
	"ID" : 2004,
	"CardResource" : "UII_Card_2004",
	"CardName" : "Card_Name_2004",
	"Camp" : 2
},
{
	"ID" : 2005,
	"CardResource" : "UII_Card_2005",
	"CardName" : "Card_Name_2005",
	"Camp" : 2
},
{
	"ID" : 2006,
	"CardResource" : "UII_Card_2006",
	"CardName" : "Card_Name_2006",
	"Camp" : 2
},
{
	"ID" : 2007,
	"CardResource" : "UII_Card_2007",
	"CardName" : "Card_Name_2007",
	"Camp" : 2
},
{
	"ID" : 2008,
	"CardResource" : "UII_Card_2008",
	"CardName" : "Card_Name_2008",
	"Camp" : 2
},
{
	"ID" : 2009,
	"CardResource" : "UII_Card_2009",
	"CardName" : "Card_Name_2009",
	"Camp" : 2
},
{
	"ID" : 2010,
	"CardResource" : "UII_Card_2010",
	"CardName" : "Card_Name_2010",
	"Camp" : 2
},
{
	"ID" : 2011,
	"CardResource" : "UII_Card_2011",
	"CardName" : "Card_Name_2011",
	"Camp" : 2
},
{
	"ID" : 2012,
	"CardResource" : "UII_Card_2012",
	"CardName" : "Card_Name_2012",
	"Camp" : 2
},
{
	"ID" : 3001,
	"CardResource" : "UII_Card_3001",
	"CardName" : "Card_Name_3001",
	"Camp" : 3
},
{
	"ID" : 3002,
	"CardResource" : "UII_Card_3002",
	"CardName" : "Card_Name_3002",
	"Camp" : 3
},
{
	"ID" : 3003,
	"CardResource" : "UII_Card_3003",
	"CardName" : "Card_Name_3003",
	"Camp" : 3
},
{
	"ID" : 3004,
	"CardResource" : "UII_Card_3004",
	"CardName" : "Card_Name_3004",
	"Camp" : 3
},
{
	"ID" : 3005,
	"CardResource" : "UII_Card_3005",
	"CardName" : "Card_Name_3005",
	"Camp" : 3
},
{
	"ID" : 3006,
	"CardResource" : "UII_Card_3006",
	"CardName" : "Card_Name_3006",
	"Camp" : 3
},
{
	"ID" : 3007,
	"CardResource" : "UII_Card_3007",
	"CardName" : "Card_Name_3007",
	"Camp" : 3
},
{
	"ID" : 3008,
	"CardResource" : "UII_Card_3008",
	"CardName" : "Card_Name_3008",
	"Camp" : 3
},
{
	"ID" : 3009,
	"CardResource" : "UII_Card_3009",
	"CardName" : "Card_Name_3009",
	"Camp" : 3
},
{
	"ID" : 3010,
	"CardResource" : "UII_Card_3010",
	"CardName" : "Card_Name_3010",
	"Camp" : 3
},
{
	"ID" : 3011,
	"CardResource" : "UII_Card_3011",
	"CardName" : "Card_Name_3011",
	"Camp" : 3
},
{
	"ID" : 3012,
	"CardResource" : "UII_Card_3012",
	"CardName" : "Card_Name_3012",
	"Camp" : 3
},
{
	"ID" : 4001,
	"CardResource" : "UII_Card_4001",
	"CardName" : "Card_Name_4001",
	"Camp" : 4
},
{
	"ID" : 4002,
	"CardResource" : "UII_Card_4002",
	"CardName" : "Card_Name_4002",
	"Camp" : 4
}
]