[
{
	"Channel" : "", 
	"ChannelDesc" : "", 
	"Platform" : "", 
	"PlatformDesc" : "", 
	"Game" : "", 
	"PlatformId" : "", 
	"SystemEntrance" : "", 
	"IsOfficial" : 0, 
	"Rate" : 0
},
{
	"Channel" : "AFAD",
	"ChannelDesc" : "谷歌",
	"Platform" : "ANDROID",
	"PlatformDesc" : "安卓",
	"Game" : "GoGoFishing",
	"PlatformId" : "AFAD",
	"SystemEntrance" : "GOOGLE",
	"Rate" : 1
},
{
	"Channel" : "AFIOS",
	"ChannelDesc" : "苹果商店",
	"Platform" : "IOS",
	"PlatformDesc" : "IOS",
	"Game" : "GoGoFishing",
	"PlatformId" : "AFIOS",
	"SystemEntrance" : "IOS",
	"Rate" : 1
},
{
	"Channel" : "H5",
	"ChannelDesc" : "内网测试",
	"Platform" : "TEST",
	"PlatformDesc" : "测试服",
	"Game" : "测试服",
	"PlatformId" : "H5",
	"SystemEntrance" : "H5",
	"IsOfficial" : 1,
	"Rate" : 1
},
{
	"Channel" : "AFUM",
	"ChannelDesc" : "游码",
	"Platform" : "AFUM",
	"PlatformDesc" : "游码",
	"Game" : "GoGoFishing",
	"PlatformId" : "AFUM",
	"SystemEntrance" : "AFUM",
	"Rate" : 1
}
]