[
{
	"ProductName" : "", 
	"ChannelProductName" : "", 
	"StartTime" : "", 
	"EndTime" : "", 
	"IsLimitTime" : 0, 
	"Catlog" : 0, 
	"ProductType" : 0, 
	"TypeParam" : 0, 
	"Name" : "lobby_tania_pop_6", 
	"LootID" : 0, 
	"ShowTimeItem" : 0, 
	"ShowItem" : "", 
	"ShowItemRepeated" : "", 
	"DiamondValue" : 0, 
	"Price" : 0, 
	"AFPrice" : "", 
	"Desc" : "", 
	"OldPrice" : "", 
	"Discount" : "", 
	"ExtraLootId" : 0, 
	"ExtraDiamond" : 0, 
	"ExtraTime" : 0, 
	"IsRecommend" : 0, 
	"IsHot" : 0, 
	"MailType" : 0, 
	"FeelingBonus" : 0, 
	"LimitTime" : 0, 
	"ShowBG" : "", 
	"VIPBonus" : 0, 
	"BossFeelingBonus" : 0
},
{
	"ProductName" : "charge_diamond_60",
	"StartTime" : "2020-09-29 00:00:00",
	"EndTime" : "2023-12-31 23:59:00",
	"ProductType" : 7,
	"Name" : "Charge_Diamond1",
	"LootID" : 10110001,
	"ShowItem" : "10101050,60",
	"Price" : 19,
	"AFPrice" : "0.19",
	"Desc" : "30M Diamond",
	"ExtraLootId" : 10110011,
	"ExtraTime" : 1,
	"IsHot" : 1,
	"MailType" : 7,
	"FeelingBonus" : 300000000,
	"BossFeelingBonus" : 600000000
},
{
	"ProductName" : "charge_diamond_180",
	"StartTime" : "2020-09-29 00:00:00",
	"EndTime" : "2023-12-31 23:59:00",
	"ProductType" : 7,
	"Name" : "Charge_Diamond2",
	"LootID" : 10110002,
	"ShowItem" : "10101050,180",
	"Price" : 59,
	"AFPrice" : "0.59",
	"Desc" : "60M Diamond",
	"ExtraLootId" : 10110012,
	"ExtraTime" : 1,
	"IsHot" : 1,
	"MailType" : 7,
	"FeelingBonus" : 900000000,
	"BossFeelingBonus" : 1800000000
},
{
	"ProductName" : "charge_diamond_380",
	"StartTime" : "2020-09-29 00:00:00",
	"EndTime" : "2023-12-31 23:59:00",
	"ProductType" : 7,
	"Name" : "Charge_Diamond3",
	"LootID" : 10110003,
	"ShowItem" : "10101050,380",
	"Price" : 119,
	"AFPrice" : "1.19",
	"Desc" : "360M Diamond",
	"ExtraLootId" : 10110013,
	"ExtraTime" : 1,
	"IsHot" : 1,
	"MailType" : 7,
	"FeelingBonus" : 760000000,
	"BossFeelingBonus" : 3800000000
},
{
	"ProductName" : "charge_diamond_680",
	"StartTime" : "2020-09-29 00:00:00",
	"EndTime" : "2023-12-31 23:59:00",
	"ProductType" : 7,
	"Name" : "Charge_Diamond4",
	"LootID" : 10110004,
	"ShowItem" : "10101050,680",
	"Price" : 199,
	"AFPrice" : "1.99",
	"Desc" : "1.5B Diamond",
	"ExtraLootId" : 10110014,
	"ExtraTime" : 1,
	"IsHot" : 1,
	"MailType" : 7,
	"FeelingBonus" : 1360000000,
	"BossFeelingBonus" : 6800000000
},
{
	"ProductName" : "charge_diamond_1280",
	"StartTime" : "2020-09-29 00:00:00",
	"EndTime" : "2023-12-31 23:59:00",
	"ProductType" : 7,
	"Name" : "Charge_Diamond5",
	"LootID" : 10110005,
	"ShowItem" : "10101050,1280",
	"Price" : 399,
	"AFPrice" : "3.99",
	"Desc" : "3B Diamond",
	"ExtraLootId" : 10110015,
	"ExtraTime" : 1,
	"IsHot" : 1,
	"MailType" : 7,
	"FeelingBonus" : 2560000000,
	"BossFeelingBonus" : 12800000000
},
{
	"ProductName" : "charge_diamond_2680",
	"StartTime" : "2020-09-29 00:00:00",
	"EndTime" : "2023-12-31 23:59:00",
	"ProductType" : 7,
	"Name" : "Charge_Diamond6",
	"LootID" : 10110006,
	"ShowItem" : "10101050,2680",
	"Price" : 799,
	"AFPrice" : "7.99",
	"Desc" : "30B Diamond",
	"ExtraLootId" : 10110016,
	"ExtraTime" : 1,
	"IsRecommend" : 1,
	"MailType" : 7,
	"FeelingBonus" : 5360000000,
	"BossFeelingBonus" : 26800000000
},
{
	"ProductName" : "charge_diamond_3280",
	"StartTime" : "2020-09-29 00:00:00",
	"EndTime" : "2023-12-31 23:59:00",
	"ProductType" : 7,
	"Name" : "Charge_Diamond7",
	"LootID" : 10110007,
	"ShowItem" : "10101050,3280",
	"Price" : 999,
	"AFPrice" : "9.99",
	"Desc" : "30B Diamond",
	"ExtraLootId" : 10110017,
	"ExtraTime" : 1,
	"IsRecommend" : 1,
	"MailType" : 7,
	"FeelingBonus" : 6560000000,
	"BossFeelingBonus" : 32800000000
},
{
	"ProductName" : "charge_diamond_6480",
	"StartTime" : "2020-09-29 00:00:00",
	"EndTime" : "2023-12-31 23:59:00",
	"ProductType" : 7,
	"Name" : "Charge_Diamond8",
	"LootID" : 10110008,
	"ShowItem" : "10101050,6480",
	"Price" : 1999,
	"AFPrice" : "19.99",
	"Desc" : "30B Diamond",
	"ExtraLootId" : 10110018,
	"ExtraTime" : 1,
	"IsRecommend" : 1,
	"MailType" : 7,
	"FeelingBonus" : 12960000000,
	"BossFeelingBonus" : 64800000000
},
{
	"ProductName" : "growup_card",
	"StartTime" : "2020-09-29 00:00:00",
	"EndTime" : "2023-12-31 23:59:00",
	"ProductType" : 10,
	"Name" : "Charge_GrowUp",
	"ShowItem" : "10101051,5,10101052,8,10101053,11,10101054,14,10101055,17,10101056,20,10101057,23,10101058,26,10101059,30",
	"ShowItemRepeated" : "10101051,3,10101051,6,10101052,9,10101052,12,10101053,16,10101053,20,10101054,25,10101055,30,10101056,35,10101057,40,10101058,45,10101059,50",
	"Price" : 299,
	"AFPrice" : "2.99",
	"Desc" : "成长基金",
	"MailType" : 7,
	"FeelingBonus" : 4900000000,
	"BossFeelingBonus" : 9800000000
},
{
	"ProductName" : "red_envelope",
	"StartTime" : "2020-09-29 00:00:00",
	"EndTime" : "2023-12-31 23:59:00",
	"ProductType" : 11,
	"Name" : "Charge_RedEnvelope",
	"Price" : 19,
	"AFPrice" : "0.19",
	"Desc" : "1元礼包",
	"MailType" : 7,
	"FeelingBonus" : 0,
	"BossFeelingBonus" : 100000000
},
{
	"ProductName" : "pop_level_4_18",
	"StartTime" : "2020-09-29 00:00:00",
	"EndTime" : "2020-12-31 23:59:00",
	"ProductType" : 12,
	"Name" : "Charge_Pop6",
	"LootID" : 10113006,
	"ShowItem" : "10101050,350,11101004,20,11101003,52",
	"Price" : 59,
	"AFPrice" : "0.59",
	"Desc" : "pop_level_4_18",
	"Discount" : "420",
	"MailType" : 7,
	"FeelingBonus" : 900000000,
	"ShowBG" : "0,UI_Pop_title8,0",
	"BossFeelingBonus" : 1800000000
},
{
	"ProductName" : "pop_level_4_128",
	"StartTime" : "2020-09-29 00:00:00",
	"EndTime" : "2020-12-31 23:59:00",
	"ProductType" : 12,
	"Name" : "Charge_Pop8",
	"LootID" : 10113008,
	"ShowItem" : "10101050,2150,11101004,40,11501014,10,11501013,110",
	"Price" : 399,
	"AFPrice" : "3.99",
	"Desc" : "pop_level_4_128",
	"Discount" : "280",
	"MailType" : 7,
	"FeelingBonus" : 2560000000,
	"ShowBG" : "0,UI_Pop_title8,0",
	"BossFeelingBonus" : 12800000000
},
{
	"ProductName" : "pop_level_4_168",
	"StartTime" : "2020-09-29 00:00:00",
	"EndTime" : "2020-12-31 23:59:00",
	"ProductType" : 12,
	"Name" : "Charge_Pop10",
	"LootID" : 10113010,
	"ShowItem" : "10101050,1540,11101004,40,11501014,10,11501013,110",
	"Price" : 499,
	"AFPrice" : "4.99",
	"Desc" : "pop_level_4_168",
	"Discount" : "230",
	"MailType" : 7,
	"FeelingBonus" : 3360000000,
	"ShowBG" : "0,UI_Pop_title8,0",
	"BossFeelingBonus" : 16800000000
},
{
	"ProductName" : "pop_level_5_38",
	"StartTime" : "2020-09-29 00:00:00",
	"EndTime" : "2020-12-31 23:59:00",
	"ProductType" : 12,
	"Name" : "Charge_Pop11",
	"LootID" : 10113011,
	"ShowItem" : "10101050,340,11101004,20,11101003,52",
	"Price" : 119,
	"AFPrice" : "1.19",
	"Desc" : "pop_level_5_38",
	"Discount" : "250",
	"MailType" : 7,
	"FeelingBonus" : 760000000,
	"ShowBG" : "0,UI_Pop_title8,0",
	"BossFeelingBonus" : 3800000000
},
{
	"ProductName" : "pop_level_5_268",
	"StartTime" : "2020-09-29 00:00:00",
	"EndTime" : "2020-12-31 23:59:00",
	"ProductType" : 12,
	"Name" : "Charge_Pop13",
	"LootID" : 10113013,
	"ShowItem" : "10101050,2460,11101004,40,11501024,10,11501023,110",
	"Price" : 799,
	"AFPrice" : "7.99",
	"Desc" : "pop_level_5_268",
	"Discount" : "230",
	"MailType" : 7,
	"FeelingBonus" : 5360000000,
	"ShowBG" : "0,UI_Pop_title8,0",
	"BossFeelingBonus" : 26800000000
},
{
	"ProductName" : "pop_level_5_298",
	"StartTime" : "2020-09-29 00:00:00",
	"EndTime" : "2020-12-31 23:59:00",
	"ProductType" : 12,
	"Name" : "Charge_Pop15",
	"LootID" : 10113015,
	"ShowItem" : "10101050,2700,11101004,40,11501024,10,11501023,110",
	"Price" : 899,
	"AFPrice" : "8.99",
	"Desc" : "pop_level_5_298",
	"Discount" : "220",
	"MailType" : 7,
	"FeelingBonus" : 5960000000,
	"ShowBG" : "0,UI_Pop_title8,0",
	"BossFeelingBonus" : 29800000000
},
{
	"ProductName" : "pop_level_6_48",
	"StartTime" : "2020-09-29 00:00:00",
	"EndTime" : "2020-12-31 23:59:00",
	"ProductType" : 12,
	"Name" : "Charge_Pop16",
	"LootID" : 10113016,
	"ShowItem" : "10101050,460,11101004,20,11101003,52",
	"Price" : 159,
	"AFPrice" : "1.59",
	"Desc" : "pop_level_6_48",
	"Discount" : "220",
	"MailType" : 7,
	"FeelingBonus" : 960000000,
	"ShowBG" : "0,UI_Pop_title8,0",
	"BossFeelingBonus" : 4800000000
},
{
	"ProductName" : "pop_level_6_348",
	"StartTime" : "2020-09-29 00:00:00",
	"EndTime" : "2020-12-31 23:59:00",
	"ProductType" : 12,
	"Name" : "Charge_Pop18",
	"LootID" : 10113018,
	"ShowItem" : "10101050,3180,11101004,40,11501034,10,11501033,110",
	"Price" : 1099,
	"AFPrice" : "10.99",
	"Desc" : "pop_level_6_348",
	"Discount" : "280",
	"MailType" : 7,
	"FeelingBonus" : 6960000000,
	"ShowBG" : "0,UI_Pop_title8,0",
	"BossFeelingBonus" : 34800000000
},
{
	"ProductName" : "pop_level_6_398",
	"StartTime" : "2020-09-29 00:00:00",
	"EndTime" : "2020-12-31 23:59:00",
	"ProductType" : 12,
	"Name" : "Charge_Pop20",
	"LootID" : 10113020,
	"ShowItem" : "10101050,3580,11101004,40,11501034,10,11501033,110",
	"Price" : 1199,
	"AFPrice" : "11.99",
	"Desc" : "pop_level_6_398",
	"Discount" : "260",
	"MailType" : 7,
	"FeelingBonus" : 7960000000,
	"ShowBG" : "0,UI_Pop_title8,0",
	"BossFeelingBonus" : 39800000000
},
{
	"ProductName" : "pop_swing_9_58",
	"StartTime" : "2020-09-29 00:00:00",
	"EndTime" : "2023-12-31 23:59:00",
	"ProductType" : 12,
	"Name" : "Charge_Pop52",
	"LootID" : 10113052,
	"ShowItem" : "10101050,288,12101101,1,11601001,50",
	"Price" : 179,
	"AFPrice" : "1.79",
	"Desc" : "pop_swing_9_58",
	"Discount" : "1000",
	"MailType" : 7,
	"FeelingBonus" : 2900000000,
	"ShowBG" : "0,UI_Pop_title10,0",
	"BossFeelingBonus" : 5800000000
},
{
	"ProductName" : "pop_item_3_18",
	"StartTime" : "2020-09-29 00:00:00",
	"EndTime" : "2023-12-31 23:59:00",
	"ProductType" : 12,
	"Name" : "Charge_Pop58",
	"LootID" : 10113058,
	"ShowItem" : "10101050,180,11401003,15,11401007,15",
	"Price" : 59,
	"AFPrice" : "0.59",
	"Desc" : "pop_item_3_18",
	"Discount" : "+220%",
	"MailType" : 7,
	"FeelingBonus" : 900000000,
	"BossFeelingBonus" : 1800000000
},
{
	"ProductName" : "pop_item_3_28",
	"StartTime" : "2020-09-29 00:00:00",
	"EndTime" : "2023-12-31 23:59:00",
	"ProductType" : 12,
	"Name" : "Charge_Pop59",
	"LootID" : 10113059,
	"ShowItem" : "10101050,280,11401003,30,11401007,30",
	"Price" : 99,
	"AFPrice" : "0.99",
	"Desc" : "pop_item_3_28",
	"Discount" : "+410%",
	"MailType" : 7,
	"FeelingBonus" : 1400000000,
	"ShowBG" : "0,UI_Pop_title9,0",
	"BossFeelingBonus" : 2800000000
},
{
	"ProductName" : "special_auto_30",
	"StartTime" : "2020-09-29 00:00:00",
	"EndTime" : "2023-12-31 23:59:00",
	"ProductType" : 13,
	"Name" : "Charge_Special3",
	"LootID" : 10113060,
	"ShowItem" : "10101050,300,11401001,10,11101000,500,11501000,10",
	"Price" : 99,
	"AFPrice" : "0.99",
	"Desc" : "special_auto_30",
	"Discount" : "+500%",
	"MailType" : 7,
	"FeelingBonus" : 1500000000,
	"BossFeelingBonus" : 3000000000
},
{
	"ProductName" : "special_gold_58",
	"StartTime" : "2020-09-29 00:00:00",
	"EndTime" : "2023-12-31 23:59:00",
	"Catlog" : 1,
	"ProductType" : 14,
	"Name" : "Charge_Special2",
	"LootID" : 10113062,
	"ShowItem" : "11401003,20,11601002,1,11601008,50",
	"Price" : 179,
	"AFPrice" : "1.79",
	"Desc" : "special_gold_58",
	"Discount" : "75% off",
	"MailType" : 7,
	"FeelingBonus" : 2900000000,
	"LimitTime" : 2,
	"ShowBG" : "3,UI_Pack_xiangou02,1",
	"VIPBonus" : 1,
	"BossFeelingBonus" : 5800000000
},
{
	"ProductName" : "daily_limit_8",
	"StartTime" : "2020-09-29 00:00:00",
	"EndTime" : "2023-12-31 23:59:00",
	"Catlog" : 1,
	"ProductType" : 14,
	"Name" : "Charge_Special9",
	"LootID" : 10113068,
	"ShowItem" : "11401001,10,11401003,5,11601008,5",
	"Price" : 29,
	"AFPrice" : "0.29",
	"Desc" : "daily_limit_8",
	"Discount" : "70% off",
	"MailType" : 7,
	"FeelingBonus" : 400000000,
	"LimitTime" : 2,
	"ShowBG" : "3,UI_Pack_xiangou01,1",
	"VIPBonus" : 1,
	"BossFeelingBonus" : 800000000
},
{
	"ProductName" : "weekly_limit_328",
	"StartTime" : "2020-09-29 00:00:00",
	"EndTime" : "2023-12-31 23:59:00",
	"Catlog" : 1,
	"ProductType" : 15,
	"Name" : "Charge_Special12",
	"LootID" : 10113071,
	"ShowItem" : "11401007,40,11401008,20,10101082,50",
	"Price" : 999,
	"AFPrice" : "9.99",
	"Desc" : "weekly_limit_328",
	"Discount" : "90% off",
	"MailType" : 7,
	"FeelingBonus" : 16400000000,
	"LimitTime" : 3,
	"ShowBG" : "2,UI_Pack_xiangou03,1",
	"VIPBonus" : 1,
	"BossFeelingBonus" : 32800000000
},
{
	"ProductName" : "weekly_limit_648",
	"StartTime" : "2020-09-29 00:00:00",
	"EndTime" : "2023-12-31 23:59:00",
	"Catlog" : 1,
	"ProductType" : 15,
	"Name" : "Charge_Special13",
	"LootID" : 10113072,
	"ShowItem" : "11401007,80,11401008,50,10101082,130",
	"Price" : 1999,
	"AFPrice" : "19.99",
	"Desc" : "weekly_limit_648",
	"Discount" : "95% off",
	"MailType" : 7,
	"FeelingBonus" : 32400000000,
	"LimitTime" : 3,
	"ShowBG" : "2,UI_Pack_libao01,1",
	"VIPBonus" : 1,
	"BossFeelingBonus" : 64800000000
},
{
	"ProductName" : "special_item_68",
	"StartTime" : "2020-09-29 00:00:00",
	"EndTime" : "2023-12-31 23:59:00",
	"Catlog" : 3,
	"ProductType" : 16,
	"Name" : "Charge_Special14",
	"LootID" : 10113073,
	"ShowItem" : "11401001,20,11401003,40,11401007,40",
	"Price" : 199,
	"AFPrice" : "1.99",
	"Desc" : "special_item_68",
	"Discount" : "50% off",
	"MailType" : 7,
	"FeelingBonus" : 3400000000,
	"ShowBG" : "1,UI_Pack_libao05,2",
	"BossFeelingBonus" : 6800000000
},
{
	"ProductName" : "special_swing_198",
	"StartTime" : "2020-09-29 00:00:00",
	"EndTime" : "2023-12-31 23:59:00",
	"Name" : "Charge_Special16",
	"LootID" : 10113075,
	"ShowItem" : "10101050,1098,12101101,1,11301001,20",
	"Price" : 599,
	"AFPrice" : "5.99",
	"Desc" : "special_swing_198",
	"Discount" : "50% off",
	"MailType" : 7,
	"FeelingBonus" : 9900000000,
	"ShowBG" : "1,UI_Pack_libao07,2",
	"BossFeelingBonus" : 19800000000
},
{
	"ProductName" : "special_level_128",
	"StartTime" : "2020-09-29 00:00:00",
	"EndTime" : "2023-12-31 23:59:00",
	"Name" : "Charge_Special17",
	"LootID" : 10113076,
	"ShowItem" : "10101050,1340,11101004,10,11501013,50",
	"Price" : 399,
	"AFPrice" : "3.99",
	"Desc" : "special_level_128",
	"Discount" : "50% off",
	"MailType" : 7,
	"FeelingBonus" : 6400000000,
	"ShowBG" : "1,UI_Pack_libao03,2",
	"BossFeelingBonus" : 12800000000
},
{
	"ProductName" : "fisrt_6",
	"StartTime" : "2020-09-29 00:00:00",
	"EndTime" : "2023-12-31 23:59:00",
	"ProductType" : 17,
	"Name" : "Charge_Special18",
	"LootID" : 10113077,
	"ShowItem" : "10101050,66,11401001,5",
	"Price" : 19,
	"AFPrice" : "0.19",
	"Desc" : "fisrt_6",
	"Discount" : "90% off",
	"MailType" : 7,
	"FeelingBonus" : 300000000,
	"ShowBG" : "3,UI_Pack_xiangou01,1",
	"BossFeelingBonus" : 600000000
},
{
	"ProductName" : "fisrt_28",
	"StartTime" : "2020-09-29 00:00:00",
	"EndTime" : "2023-12-31 23:59:00",
	"ProductType" : 17,
	"Name" : "Charge_Special19",
	"LootID" : 10113078,
	"ShowItem" : "10101050,340,11401003,10",
	"Price" : 99,
	"AFPrice" : "0.99",
	"Desc" : "fisrt_28",
	"Discount" : "95% off",
	"MailType" : 7,
	"FeelingBonus" : 1400000000,
	"ShowBG" : "3,UI_Pack_xiangou02,1",
	"BossFeelingBonus" : 2800000000
},
{
	"ProductName" : "fisrt_108",
	"StartTime" : "2020-09-29 00:00:00",
	"EndTime" : "2023-12-31 23:59:00",
	"ProductType" : 17,
	"Name" : "Charge_Special20",
	"LootID" : 10113079,
	"ShowItem" : "11401003,50,11401007,50",
	"Price" : 339,
	"AFPrice" : "3.39",
	"Desc" : "fisrt_108",
	"Discount" : "98% off",
	"MailType" : 7,
	"FeelingBonus" : 5400000000,
	"ShowBG" : "3,UI_Pack_xiangou03,1",
	"BossFeelingBonus" : 10800000000
},
{
	"ProductName" : "bankrupt_1",
	"StartTime" : "2020-09-29 00:00:00",
	"EndTime" : "2023-12-31 23:59:00",
	"ProductType" : 18,
	"Name" : "Charge_bankrupt1",
	"LootID" : 10113080,
	"ShowItem" : "10101001,10000000,11401001,5,11401002,5",
	"Price" : 19,
	"AFPrice" : "0.19",
	"Desc" : "bankrupt_1",
	"OldPrice" : "1.99",
	"Discount" : "50% off",
	"MailType" : 7,
	"FeelingBonus" : 50000000,
	"VIPBonus" : 1,
	"BossFeelingBonus" : 100000000
},
{
	"ProductName" : "bankrupt_6",
	"StartTime" : "2020-09-29 00:00:00",
	"EndTime" : "2023-12-31 23:59:00",
	"ProductType" : 18,
	"Name" : "Charge_bankrupt2",
	"LootID" : 10113081,
	"ShowItem" : "10101001,75000000,11401001,5,11401002,5",
	"Price" : 19,
	"AFPrice" : "0.19",
	"Desc" : "bankrupt_6",
	"OldPrice" : "1.99",
	"Discount" : "50% off",
	"MailType" : 7,
	"FeelingBonus" : 300000000,
	"VIPBonus" : 1,
	"BossFeelingBonus" : 600000000
},
{
	"ProductName" : "bankrupt_30",
	"StartTime" : "2020-09-29 00:00:00",
	"EndTime" : "2023-12-31 23:59:00",
	"ProductType" : 18,
	"Name" : "Charge_bankrupt3",
	"LootID" : 10113082,
	"ShowItem" : "10101001,500000000,11401007,5,11401002,10",
	"Price" : 99,
	"AFPrice" : "0.99",
	"Desc" : "bankrupt_30",
	"OldPrice" : "9.99",
	"Discount" : "50% off",
	"MailType" : 7,
	"FeelingBonus" : 1500000000,
	"VIPBonus" : 1,
	"BossFeelingBonus" : 3000000000
},
{
	"ProductName" : "bankrupt_98",
	"StartTime" : "2020-09-29 00:00:00",
	"EndTime" : "2023-12-31 23:59:00",
	"ProductType" : 18,
	"Name" : "Charge_bankrupt4",
	"LootID" : 10113083,
	"ShowItem" : "10101001,2000000000,11401003,10,11601002,2",
	"Price" : 299,
	"AFPrice" : "2.99",
	"Desc" : "bankrupt_98",
	"OldPrice" : "29.99",
	"Discount" : "50% off",
	"MailType" : 7,
	"FeelingBonus" : 4900000000,
	"VIPBonus" : 1,
	"BossFeelingBonus" : 9800000000
},
{
	"ProductName" : "bankrupt_198",
	"StartTime" : "2020-09-29 00:00:00",
	"EndTime" : "2023-12-31 23:59:00",
	"ProductType" : 18,
	"Name" : "Charge_bankrupt5",
	"LootID" : 10113084,
	"ShowItem" : "10101001,5000000000,11401007,20,11601002,4",
	"Price" : 599,
	"AFPrice" : "5.99",
	"Desc" : "bankrupt_198",
	"OldPrice" : "59.99",
	"Discount" : "50% off",
	"MailType" : 7,
	"FeelingBonus" : 9900000000,
	"VIPBonus" : 1,
	"BossFeelingBonus" : 19800000000
},
{
	"ProductName" : "bankrupt_328",
	"StartTime" : "2020-09-29 00:00:00",
	"EndTime" : "2023-12-31 23:59:00",
	"ProductType" : 18,
	"Name" : "Charge_bankrupt6",
	"LootID" : 10113085,
	"ShowItem" : "10101001,10000000000,11401007,30,11601002,6",
	"Price" : 999,
	"AFPrice" : "9.99",
	"Desc" : "bankrupt_328",
	"OldPrice" : "129.99",
	"Discount" : "60% off",
	"MailType" : 7,
	"FeelingBonus" : 16400000000,
	"VIPBonus" : 1,
	"BossFeelingBonus" : 32800000000
},
{
	"ProductName" : "bankrupt_648",
	"StartTime" : "2020-09-29 00:00:00",
	"EndTime" : "2023-12-31 23:59:00",
	"ProductType" : 18,
	"Name" : "Charge_bankrupt7",
	"LootID" : 10113086,
	"ShowItem" : "10101001,25000000000,11401007,50,11601002,10",
	"Price" : 1999,
	"AFPrice" : "19.99",
	"Desc" : "bankrupt_648",
	"OldPrice" : "299.99",
	"Discount" : "66% off",
	"MailType" : 7,
	"FeelingBonus" : 32400000000,
	"VIPBonus" : 1,
	"BossFeelingBonus" : 64800000000
},
{
	"ProductName" : "battle_pass_98",
	"StartTime" : "2020-09-29 00:00:00",
	"EndTime" : "2023-12-31 23:59:00",
	"ProductType" : 19,
	"Name" : "Charge_battlepass",
	"Price" : 299,
	"AFPrice" : "2.99",
	"Desc" : "battle_pass_98",
	"MailType" : 7,
	"FeelingBonus" : 4900000000,
	"BossFeelingBonus" : 9800000000
},
{
	"ProductName" : "new_battle_pass_98",
	"StartTime" : "2020-09-29 00:00:00",
	"EndTime" : "2023-12-31 23:59:00",
	"ProductType" : 20,
	"Name" : "Charge_new_battlepass",
	"Price" : 299,
	"AFPrice" : "2.99",
	"Desc" : "new_battle_pass_98",
	"MailType" : 7,
	"FeelingBonus" : 4900000000,
	"BossFeelingBonus" : 9800000000
},
{
	"ProductName" : "daily_diamond_38",
	"StartTime" : "2020-09-29 00:00:00",
	"EndTime" : "2023-12-31 23:59:00",
	"Catlog" : 2,
	"ProductType" : 14,
	"Name" : "Charge_Special21",
	"LootID" : 10113087,
	"ShowItem" : "11401001,15,11601101,15,11601102,2",
	"Price" : 119,
	"AFPrice" : "1.19",
	"Desc" : "daily_diamond_38",
	"Discount" : "30% off",
	"MailType" : 7,
	"FeelingBonus" : 1900000000,
	"LimitTime" : 2,
	"ShowBG" : "3,UI_Pack_zuanshi01,1",
	"BossFeelingBonus" : 3800000000
},
{
	"ProductName" : "weekly_diamond_268",
	"StartTime" : "2020-09-29 00:00:00",
	"EndTime" : "2023-12-31 23:59:00",
	"Catlog" : 2,
	"ProductType" : 15,
	"Name" : "Charge_Special23",
	"LootID" : 10113089,
	"ShowItem" : "11401007,15,10101082,40",
	"Price" : 799,
	"AFPrice" : "7.99",
	"Desc" : "weekly_diamond_268",
	"Discount" : "50% off",
	"MailType" : 7,
	"FeelingBonus" : 13400000000,
	"LimitTime" : 3,
	"ShowBG" : "2,UI_Pack_zuanshi03,1",
	"BossFeelingBonus" : 26800000000
},
{
	"ProductName" : "weekly_diamond_648",
	"StartTime" : "2020-09-29 00:00:00",
	"EndTime" : "2023-12-31 23:59:00",
	"Catlog" : 2,
	"ProductType" : 15,
	"Name" : "Charge_Special24",
	"LootID" : 10113090,
	"ShowItem" : "11401007,40,10101082,100,11601002,5",
	"Price" : 1999,
	"AFPrice" : "19.99",
	"Desc" : "weekly_diamond_648",
	"Discount" : "50% off",
	"MailType" : 7,
	"FeelingBonus" : 32400000000,
	"LimitTime" : 3,
	"ShowBG" : "2,UI_Pack_zuanshi04,1",
	"BossFeelingBonus" : 64800000000
},
{
	"ProductName" : "weekly_card_8",
	"StartTime" : "2020-09-29 00:00:00",
	"EndTime" : "2023-12-31 23:59:00",
	"ProductType" : 22,
	"Name" : "Charge_Special25",
	"LootID" : 10113091,
	"ShowItem" : "10101050,140,10101001,500000000,11401001,5,11401003,2,11401007,2,11401008,1,11601003,1",
	"Price" : 29,
	"AFPrice" : "0.29",
	"Desc" : "weekly_card_8",
	"Discount" : "40% off",
	"MailType" : 7,
	"FeelingBonus" : 400000000,
	"LimitTime" : 2,
	"ShowBG" : "3,UI_Pack_zuanshi02,1",
	"BossFeelingBonus" : 800000000
},
{
	"ProductName" : "month_card_28",
	"StartTime" : "2020-09-29 00:00:00",
	"EndTime" : "2023-12-31 23:59:00",
	"ProductType" : 23,
	"Name" : "Charge_Special26",
	"LootID" : 10113092,
	"ShowItem" : "10101050,340,10101001,1000000000,10101050,50,11401003,5,11401007,5,11401008,2,11601003,2",
	"Price" : 99,
	"AFPrice" : "0.99",
	"Desc" : "month_card_28",
	"Discount" : "50% off",
	"MailType" : 7,
	"FeelingBonus" : 1400000000,
	"LimitTime" : 3,
	"ShowBG" : "2,UI_Pack_zuanshi03,1",
	"BossFeelingBonus" : 2800000000
},
{
	"ProductName" : "month_card_98",
	"StartTime" : "2020-09-29 00:00:00",
	"EndTime" : "2023-12-31 23:59:00",
	"ProductType" : 24,
	"Name" : "Charge_Special27",
	"LootID" : 10113093,
	"ShowItem" : "10101050,980,10101001,3500000000,10101050,100,11401003,15,11401007,15,11601003,4,11601002,1",
	"Price" : 299,
	"AFPrice" : "2.99",
	"Desc" : "month_card_98",
	"Discount" : "50% off",
	"MailType" : 7,
	"FeelingBonus" : 4900000000,
	"LimitTime" : 3,
	"ShowBG" : "2,UI_Pack_zuanshi04,1",
	"BossFeelingBonus" : 9800000000
},
{
	"ProductName" : "daily_nuclear_30",
	"StartTime" : "2020-09-29 00:00:00",
	"EndTime" : "2023-12-31 23:59:00",
	"ProductType" : 25,
	"Name" : "Charge_Special28",
	"LootID" : 10113097,
	"ShowItem" : "11901004,188",
	"Price" : 99,
	"AFPrice" : "0.99",
	"Desc" : "daily_nuclear_30",
	"Discount" : "85% off",
	"MailType" : 7,
	"FeelingBonus" : 1500000000,
	"LimitTime" : 1,
	"ShowBG" : "3,UI_Pack_zuanshi02,1",
	"BossFeelingBonus" : 3000000000
},
{
	"ProductName" : "daily_nuclear_98",
	"StartTime" : "2020-09-29 00:00:00",
	"EndTime" : "2023-12-31 23:59:00",
	"ProductType" : 25,
	"Name" : "Charge_Special29",
	"LootID" : 10113098,
	"ShowItem" : "11901004,888",
	"Price" : 299,
	"AFPrice" : "2.99",
	"Desc" : "daily_nuclear_98",
	"Discount" : "90% off",
	"MailType" : 7,
	"FeelingBonus" : 4900000000,
	"LimitTime" : 1,
	"ShowBG" : "2,UI_Pack_zuanshi03,1",
	"BossFeelingBonus" : 9800000000
},
{
	"ProductName" : "daily_nuclear_648",
	"StartTime" : "2020-09-29 00:00:00",
	"EndTime" : "2023-12-31 23:59:00",
	"ProductType" : 25,
	"Name" : "Charge_Special30",
	"LootID" : 10113099,
	"ShowItem" : "11901004,8888",
	"Price" : 1999,
	"AFPrice" : "19.99",
	"Desc" : "daily_nuclear_648",
	"Discount" : "95% off",
	"MailType" : 7,
	"FeelingBonus" : 32400000000,
	"LimitTime" : 1,
	"ShowBG" : "2,UI_Pack_zuanshi04,1",
	"BossFeelingBonus" : 64800000000
},
{
	"ProductName" : "daily_buff_8",
	"StartTime" : "2020-09-29 00:00:00",
	"EndTime" : "2023-12-31 23:59:00",
	"ProductType" : 28,
	"Name" : "Charge_Special31",
	"LootID" : 10113100,
	"ShowItem" : "10101072,1,10101050,140,11601004,10",
	"Price" : 29,
	"AFPrice" : "0.29",
	"Desc" : "daily_buff_8",
	"Discount" : "40% off",
	"MailType" : 7,
	"FeelingBonus" : 400000000,
	"LimitTime" : 1,
	"ShowBG" : "3,UI_Pack_zuanshi02,1",
	"BossFeelingBonus" : 800000000
},
{
	"ProductName" : "daily_buff_58",
	"StartTime" : "2020-09-29 00:00:00",
	"EndTime" : "2023-12-31 23:59:00",
	"ProductType" : 28,
	"Name" : "Charge_Special32",
	"LootID" : 10113101,
	"ShowItem" : "10101073,1,10101050,580,11601004,60",
	"Price" : 179,
	"AFPrice" : "1.79",
	"Desc" : "daily_buff_58",
	"Discount" : "50% off",
	"MailType" : 7,
	"FeelingBonus" : 2900000000,
	"LimitTime" : 1,
	"ShowBG" : "2,UI_Pack_zuanshi03,1",
	"BossFeelingBonus" : 5800000000
},
{
	"ProductName" : "daily_buff_198",
	"StartTime" : "2020-09-29 00:00:00",
	"EndTime" : "2023-12-31 23:59:00",
	"ProductType" : 28,
	"Name" : "Charge_Special33",
	"LootID" : 10113102,
	"ShowItem" : "10101074,1,10101050,1980,11601005,100",
	"Price" : 599,
	"AFPrice" : "5.99",
	"Desc" : "daily_buff_198",
	"Discount" : "50% off",
	"MailType" : 7,
	"FeelingBonus" : 9900000000,
	"LimitTime" : 1,
	"ShowBG" : "2,UI_Pack_zuanshi04,1",
	"BossFeelingBonus" : 19800000000
},
{
	"ProductName" : "nuclear_vip2_30",
	"StartTime" : "2020-09-29 00:00:00",
	"EndTime" : "2023-12-31 23:59:00",
	"ProductType" : 26,
	"Name" : "Charge_Special34",
	"LootID" : 10113103,
	"ShowItem" : "11901004,250",
	"Price" : 99,
	"AFPrice" : "0.99",
	"Desc" : "nuclear_vip2_30",
	"Discount" : "+200%",
	"MailType" : 7,
	"FeelingBonus" : 1500000000,
	"LimitTime" : 1,
	"ShowBG" : "3,UI_Pack_zuanshi02,1",
	"BossFeelingBonus" : 3000000000
},
{
	"ProductName" : "nuclear_vip6_300",
	"StartTime" : "2020-09-29 00:00:00",
	"EndTime" : "2023-12-31 23:59:00",
	"ProductType" : 27,
	"Name" : "Charge_Special35",
	"LootID" : 10113104,
	"ShowItem" : "11901004,3500",
	"Price" : 999,
	"AFPrice" : "9.99",
	"Desc" : "nuclear_vip6_300",
	"Discount" : "+500%",
	"MailType" : 7,
	"FeelingBonus" : 15000000000,
	"LimitTime" : 1,
	"ShowBG" : "UI_Pop_title12",
	"BossFeelingBonus" : 30000000000
},
{
	"ProductName" : "turret_skip1000_98",
	"StartTime" : "2020-09-29 00:00:00",
	"EndTime" : "2023-12-31 23:59:00",
	"ProductType" : 29,
	"Name" : "Charge_Special36",
	"LootID" : 10113105,
	"ShowItem" : "10101050,980,10101076,1",
	"Price" : 299,
	"AFPrice" : "2.99",
	"Desc" : "turret_skip1000_98",
	"Discount" : "+200%",
	"MailType" : 7,
	"FeelingBonus" : 4900000000,
	"LimitTime" : 1,
	"ShowBG" : "UI_Pop_title13",
	"BossFeelingBonus" : 9800000000
},
{
	"ProductName" : "turret_skip2000_328",
	"StartTime" : "2020-09-29 00:00:00",
	"EndTime" : "2023-12-31 23:59:00",
	"ProductType" : 30,
	"Name" : "Charge_Special37",
	"LootID" : 10113106,
	"ShowItem" : "10101050,3380,10101077,1",
	"Price" : 999,
	"AFPrice" : "9.99",
	"Desc" : "turret_skip2000_328",
	"Discount" : "+500%",
	"MailType" : 7,
	"FeelingBonus" : 16400000000,
	"LimitTime" : 1,
	"ShowBG" : "UI_Pop_title14",
	"BossFeelingBonus" : 32800000000
},
{
	"ProductName" : "bullet_snow_58",
	"StartTime" : "2021-12-14 00:00:00",
	"EndTime" : "2023-12-31 23:59:00",
	"Catlog" : 4,
	"Name" : "Charge_Special38",
	"LootID" : 10113107,
	"Price" : 179,
	"AFPrice" : "1.79",
	"Desc" : "bullet_snow_58",
	"MailType" : 7,
	"FeelingBonus" : 2900000000,
	"LimitTime" : 1,
	"ShowBG" : "4,T_Bullet_Snow,1",
	"BossFeelingBonus" : 5800000000
},
{
	"ProductName" : "bullet_candy_limit_38",
	"StartTime" : "2020-09-29 00:00:00",
	"EndTime" : "2022-01-03 23:59:00",
	"IsLimitTime" : 1,
	"Catlog" : 4,
	"Name" : "Charge_Special39",
	"LootID" : 10113108,
	"Price" : 119,
	"AFPrice" : "1.19",
	"Desc" : "bullet_candy_limit_38",
	"OldPrice" : "8.99",
	"Discount" : "33% off",
	"MailType" : 7,
	"FeelingBonus" : 1900000000,
	"LimitTime" : 1,
	"ShowBG" : "4,T_Bullet_Candy,1",
	"BossFeelingBonus" : 3800000000
},
{
	"ProductName" : "bullet_candy_58",
	"StartTime" : "2022-01-04 00:00:00",
	"EndTime" : "2023-12-31 23:59:00",
	"Catlog" : 4,
	"Name" : "Charge_Special40",
	"LootID" : 10113109,
	"Price" : 179,
	"AFPrice" : "1.79",
	"Desc" : "bullet_candy_58",
	"MailType" : 7,
	"FeelingBonus" : 2900000000,
	"LimitTime" : 1,
	"ShowBG" : "4,T_Bullet_Candy,1",
	"BossFeelingBonus" : 5800000000
},
{
	"ProductName" : "turret_resource_328",
	"StartTime" : "2020-09-29 00:00:00",
	"EndTime" : "2023-12-31 23:59:00",
	"ProductType" : 31,
	"Name" : "Charge_Special41",
	"LootID" : 10113110,
	"ShowItem" : "11601004,2000,11601005,200,11601006,2",
	"Price" : 999,
	"AFPrice" : "9.99",
	"Desc" : "turret_resource_328",
	"Discount" : "+1000%",
	"MailType" : 7,
	"FeelingBonus" : 16400000000,
	"LimitTime" : 1,
	"ShowBG" : "UI_Pop_title15",
	"BossFeelingBonus" : 32800000000
},
{
	"ProductName" : "daily_limit_98",
	"StartTime" : "2020-09-29 00:00:00",
	"EndTime" : "2023-12-31 23:59:00",
	"Catlog" : 1,
	"ProductType" : 14,
	"Name" : "Charge_Special42",
	"LootID" : 10113111,
	"ShowItem" : "11401007,20,11401008,10,11601002,2",
	"Price" : 299,
	"AFPrice" : "2.99",
	"Desc" : "daily_limit_98",
	"Discount" : "80% off",
	"MailType" : 7,
	"FeelingBonus" : 4900000000,
	"LimitTime" : 2,
	"ShowBG" : "3,UI_Pack_xiangou03,1",
	"VIPBonus" : 1,
	"BossFeelingBonus" : 9800000000
},
{
	"ProductName" : "weekly_limit_198",
	"StartTime" : "2020-09-29 00:00:00",
	"EndTime" : "2023-12-31 23:59:00",
	"Catlog" : 1,
	"ProductType" : 15,
	"Name" : "Charge_Special43",
	"LootID" : 10113112,
	"ShowItem" : "11401003,50,11401007,25,10101082,30",
	"Price" : 599,
	"AFPrice" : "5.99",
	"Desc" : "weekly_limit_198",
	"Discount" : "80% off",
	"MailType" : 7,
	"FeelingBonus" : 9900000000,
	"LimitTime" : 3,
	"ShowBG" : "2,UI_Pack_xiangou02,1",
	"VIPBonus" : 1,
	"BossFeelingBonus" : 19800000000
},
{
	"ProductName" : "special_turrent_98",
	"StartTime" : "2020-09-29 00:00:00",
	"EndTime" : "2023-12-31 23:59:00",
	"Catlog" : 3,
	"ProductType" : 16,
	"Name" : "Charge_Special44",
	"LootID" : 10113113,
	"ShowItem" : "11501000,1000,11501041,50",
	"Price" : 299,
	"AFPrice" : "2.99",
	"Desc" : "special_turrent_98",
	"Discount" : "60% off",
	"MailType" : 7,
	"FeelingBonus" : 4900000000,
	"ShowBG" : "1,UI_Pack_libao08,2",
	"BossFeelingBonus" : 9800000000
},
{
	"ProductName" : "daily_diamond_98",
	"StartTime" : "2020-09-29 00:00:00",
	"EndTime" : "2023-12-31 23:59:00",
	"Catlog" : 2,
	"ProductType" : 14,
	"Name" : "Charge_Special45",
	"LootID" : 10113114,
	"ShowItem" : "11401003,20,11601103,5,11601104,1",
	"Price" : 299,
	"AFPrice" : "2.99",
	"Desc" : "daily_diamond_98",
	"Discount" : "30% off",
	"MailType" : 7,
	"FeelingBonus" : 4900000000,
	"LimitTime" : 2,
	"ShowBG" : "3,UI_Pack_zuanshi02,1",
	"BossFeelingBonus" : 9800000000
},
{
	"ProductName" : "pop_item_3_58",
	"StartTime" : "2020-09-29 00:00:00",
	"EndTime" : "2023-12-31 23:59:00",
	"ProductType" : 32,
	"Name" : "Charge_Special46",
	"LootID" : 10113115,
	"ShowItem" : "10101050,508,11401003,50,11401007,50",
	"Price" : 179,
	"AFPrice" : "1.79",
	"Desc" : "pop_item_3_58",
	"Discount" : "+2500%",
	"MailType" : 7,
	"FeelingBonus" : 2900000000,
	"ShowBG" : "UI_Pop_title16",
	"BossFeelingBonus" : 5800000000
},
{
	"ProductName" : "red_envelope_twios",
	"StartTime" : "2020-09-29 00:00:00",
	"EndTime" : "2023-12-31 23:59:00",
	"ProductType" : 11,
	"Name" : "Charge_RedEnvelope",
	"LootID" : 10000072,
	"Price" : 19,
	"AFPrice" : "0.19",
	"Desc" : "1元礼包",
	"MailType" : 7,
	"FeelingBonus" : 0,
	"BossFeelingBonus" : 100000000
},
{
	"ProductName" : "new_battle_pass_98_twios",
	"StartTime" : "2020-09-29 00:00:00",
	"EndTime" : "2023-12-31 23:59:00",
	"ProductType" : 20,
	"Name" : "Charge_new_battlepass",
	"LootID" : 10000249,
	"Price" : 299,
	"AFPrice" : "2.99",
	"Desc" : "new_battle_pass_98",
	"MailType" : 7,
	"FeelingBonus" : 4900000000,
	"BossFeelingBonus" : 9800000000
},
{
	"ProductName" : "big_surprise_98",
	"StartTime" : "2020-09-29 00:00:00",
	"EndTime" : "2023-12-31 23:59:00",
	"ProductType" : 33,
	"Name" : "Charge_Special47",
	"LootID" : 10113116,
	"ShowItem" : "10101050,700,10101081,250,10101080,500",
	"Price" : 299,
	"AFPrice" : "2.99",
	"Desc" : "big_surprise_98",
	"OldPrice" : "149.99",
	"Discount" : "90% off",
	"MailType" : 7,
	"FeelingBonus" : 4900000000,
	"LimitTime" : 1,
	"ShowBG" : "2,UI_Pack_zuanshi03,1",
	"BossFeelingBonus" : 9800000000
},
{
	"ProductName" : "big_surprise_328",
	"StartTime" : "2020-09-29 00:00:00",
	"EndTime" : "2023-12-31 23:59:00",
	"ProductType" : 33,
	"Name" : "Charge_Special48",
	"LootID" : 10113117,
	"ShowItem" : "10101050,3700,10101081,800,10101080,1600,11601003,20",
	"Price" : 999,
	"AFPrice" : "9.99",
	"Desc" : "big_surprise_328",
	"OldPrice" : "499.99",
	"Discount" : "90% off",
	"MailType" : 7,
	"FeelingBonus" : 16400000000,
	"LimitTime" : 1,
	"ShowBG" : "2,UI_Pack_zuanshi03,1",
	"BossFeelingBonus" : 32800000000
},
{
	"ProductName" : "super_unlock_198",
	"StartTime" : "2020-09-29 00:00:00",
	"EndTime" : "2023-12-31 23:59:00",
	"ProductType" : 34,
	"Name" : "Charge_Special49",
	"LootID" : 10113118,
	"ShowItem" : "10101050,2150,10102001,1,11303001,1",
	"Price" : 599,
	"AFPrice" : "5.99",
	"Desc" : "super_unlock_198",
	"Discount" : "+200%",
	"MailType" : 7,
	"FeelingBonus" : 9900000000,
	"LimitTime" : 1,
	"ShowBG" : "UI_Pop_title17",
	"BossFeelingBonus" : 19800000000
},
{
	"ProductName" : "big_surprise_8",
	"StartTime" : "2020-09-29 00:00:00",
	"EndTime" : "2023-12-31 23:59:00",
	"ProductType" : 33,
	"Name" : "Charge_Special50",
	"LootID" : 10113119,
	"ShowItem" : "10101050,140,10101081,20",
	"Price" : 29,
	"AFPrice" : "0.29",
	"Desc" : "big_surprise_8",
	"OldPrice" : "14.99",
	"Discount" : "90% off",
	"MailType" : 7,
	"FeelingBonus" : 400000000,
	"LimitTime" : 1,
	"ShowBG" : "2,UI_Pack_zuanshi03,1",
	"BossFeelingBonus" : 800000000
},
{
	"ProductName" : "big_surprise_30",
	"StartTime" : "2020-09-29 00:00:00",
	"EndTime" : "2023-12-31 23:59:00",
	"ProductType" : 33,
	"Name" : "Charge_Special51",
	"LootID" : 10113120,
	"ShowItem" : "10101050,350,10101081,75,10101080,150",
	"Price" : 99,
	"AFPrice" : "0.99",
	"Desc" : "big_surprise_30",
	"OldPrice" : "49.99",
	"Discount" : "90% off",
	"MailType" : 7,
	"FeelingBonus" : 1500000000,
	"LimitTime" : 1,
	"ShowBG" : "2,UI_Pack_zuanshi03,1",
	"BossFeelingBonus" : 3000000000
},
{
	"ProductName" : "big_surprise_198",
	"StartTime" : "2020-09-29 00:00:00",
	"EndTime" : "2023-12-31 23:59:00",
	"ProductType" : 33,
	"Name" : "Charge_Special52",
	"LootID" : 10113121,
	"ShowItem" : "10101050,1450,10101081,500,10101080,1000,11601007,500",
	"Price" : 599,
	"AFPrice" : "5.99",
	"Desc" : "big_surprise_198",
	"OldPrice" : "299.99",
	"Discount" : "90% off",
	"MailType" : 7,
	"FeelingBonus" : 9900000000,
	"LimitTime" : 1,
	"ShowBG" : "2,UI_Pack_zuanshi03,1",
	"BossFeelingBonus" : 19800000000
},
{
	"ProductName" : "big_surprise_648",
	"StartTime" : "2020-09-29 00:00:00",
	"EndTime" : "2023-12-31 23:59:00",
	"ProductType" : 33,
	"Name" : "Charge_Special53",
	"LootID" : 10113122,
	"ShowItem" : "10101050,7300,10101081,1600,10101080,3200,11601002,20",
	"Price" : 1999,
	"AFPrice" : "19.99",
	"Desc" : "big_surprise_648",
	"OldPrice" : "999.99",
	"Discount" : "90% off",
	"MailType" : 7,
	"FeelingBonus" : 32400000000,
	"LimitTime" : 1,
	"ShowBG" : "2,UI_Pack_zuanshi03,1",
	"BossFeelingBonus" : 64800000000
},
{
	"ProductName" : "bullet_firecracker_58",
	"StartTime" : "2021-12-14 00:00:00",
	"EndTime" : "2023-12-31 23:59:00",
	"Catlog" : 4,
	"Name" : "Charge_Special54",
	"LootID" : 10113123,
	"Price" : 179,
	"AFPrice" : "1.79",
	"Desc" : "bullet_firecracker_58",
	"MailType" : 7,
	"FeelingBonus" : 2900000000,
	"LimitTime" : 1,
	"ShowBG" : "4,T_Bullet_Firecracker,1",
	"BossFeelingBonus" : 5800000000
},
{
	"ProductName" : "bullet_red_limit_38",
	"StartTime" : "2022-01-17 00:00:00",
	"EndTime" : "2022-02-15 23:59:00",
	"IsLimitTime" : 1,
	"Catlog" : 4,
	"Name" : "Charge_Special55",
	"LootID" : 10113124,
	"Price" : 119,
	"AFPrice" : "1.19",
	"Desc" : "bullet_red_limit_38",
	"OldPrice" : "8.99",
	"Discount" : "33% off",
	"MailType" : 7,
	"FeelingBonus" : 1900000000,
	"LimitTime" : 1,
	"ShowBG" : "4,T_Bullet_RedEnvelope,1",
	"BossFeelingBonus" : 3800000000
},
{
	"ProductName" : "bullet_red_58",
	"StartTime" : "2022-02-15 00:00:00",
	"EndTime" : "2023-12-31 23:59:00",
	"Catlog" : 4,
	"Name" : "Charge_Special56",
	"LootID" : 10113125,
	"Price" : 179,
	"AFPrice" : "1.79",
	"Desc" : "bullet_red_58",
	"MailType" : 7,
	"FeelingBonus" : 2900000000,
	"LimitTime" : 1,
	"ShowBG" : "4,T_Bullet_RedEnvelope,1",
	"BossFeelingBonus" : 5800000000
},
{
	"ProductName" : "slay_lvbu_328",
	"StartTime" : "2020-09-29 00:00:00",
	"EndTime" : "2023-12-31 23:59:00",
	"ProductType" : 35,
	"Name" : "Charge_Special57",
	"LootID" : 10113126,
	"ShowItem" : "10101050,3280,11401201,2,11401008,5",
	"Price" : 999,
	"AFPrice" : "9.99",
	"Desc" : "slay_lvbu_328",
	"Discount" : "40% off",
	"MailType" : 7,
	"FeelingBonus" : 16400000000,
	"LimitTime" : 1,
	"ShowBG" : "UI_Pop_title18",
	"BossFeelingBonus" : 32800000000
},
{
	"ProductName" : "slay_caocao_198",
	"StartTime" : "2020-09-29 00:00:00",
	"EndTime" : "2023-12-31 23:59:00",
	"ProductType" : 35,
	"Name" : "Charge_Special58",
	"LootID" : 10113127,
	"ShowItem" : "10101050,1980,11401202,2,11401008,5",
	"Price" : 599,
	"AFPrice" : "5.99",
	"Desc" : "slay_caocao_198",
	"Discount" : "40% off",
	"MailType" : 7,
	"FeelingBonus" : 9900000000,
	"LimitTime" : 1,
	"ShowBG" : "UI_Pop_title19",
	"BossFeelingBonus" : 19800000000
},
{
	"ProductName" : "slay_sunq_38",
	"StartTime" : "2020-09-29 00:00:00",
	"EndTime" : "2023-12-31 23:59:00",
	"ProductType" : 35,
	"Name" : "Charge_Special59",
	"LootID" : 10113128,
	"ShowItem" : "10101050,380,11401203,5,11401008,5",
	"Price" : 119,
	"AFPrice" : "1.19",
	"Desc" : "slay_sunq_38",
	"Discount" : "40% off",
	"MailType" : 7,
	"FeelingBonus" : 1900000000,
	"LimitTime" : 1,
	"ShowBG" : "UI_Pop_title20",
	"BossFeelingBonus" : 3800000000
},
{
	"ProductName" : "slay_pixiu_58",
	"StartTime" : "2020-09-29 00:00:00",
	"EndTime" : "2023-12-31 23:59:00",
	"ProductType" : 35,
	"Name" : "Charge_Special60",
	"LootID" : 10113129,
	"ShowItem" : "10101050,200,11401204,2,11401008,5",
	"Price" : 179,
	"AFPrice" : "1.79",
	"Desc" : "slay_pixiu_58",
	"Discount" : "40% off",
	"MailType" : 7,
	"FeelingBonus" : 2900000000,
	"LimitTime" : 1,
	"ShowBG" : "UI_Pop_title21",
	"BossFeelingBonus" : 5800000000
},
{
	"ProductName" : "special_swing_98",
	"StartTime" : "2020-09-29 00:00:00",
	"EndTime" : "2023-12-31 23:59:00",
	"Catlog" : 3,
	"ProductType" : 16,
	"Name" : "Charge_Special61",
	"LootID" : 10113130,
	"ShowItem" : "11601001,1000,11701002,2",
	"Price" : 299,
	"AFPrice" : "2.99",
	"Desc" : "special_swing_98",
	"Discount" : "40% off",
	"MailType" : 7,
	"FeelingBonus" : 4900000000,
	"ShowBG" : "1,UI_Pack_libao07,2",
	"BossFeelingBonus" : 9800000000
},
{
	"ProductName" : "special_draw_98",
	"StartTime" : "2020-09-29 00:00:00",
	"EndTime" : "2023-12-31 23:59:00",
	"Catlog" : 3,
	"ProductType" : 16,
	"Name" : "Charge_Special62",
	"LootID" : 10113131,
	"ShowItem" : "10101080,3000,10101082,40",
	"Price" : 299,
	"AFPrice" : "2.99",
	"Desc" : "special_draw_98",
	"Discount" : "40% off",
	"MailType" : 7,
	"FeelingBonus" : 4900000000,
	"ShowBG" : "1,UI_Pack_libao03,2",
	"BossFeelingBonus" : 9800000000
},
{
	"ProductName" : "turret_diaochan_30",
	"StartTime" : "2020-09-29 00:00:00",
	"EndTime" : "2023-12-31 23:59:00",
	"ProductType" : 33,
	"Name" : "Charge_Special63",
	"LootID" : 10113132,
	"ShowItem" : "10101050,300,11201013,30,10101082,10,11101000,88888",
	"Price" : 99,
	"AFPrice" : "0.99",
	"Desc" : "turret_diaochan_30",
	"OldPrice" : "49.99",
	"Discount" : "90% off",
	"MailType" : 7,
	"FeelingBonus" : 1500000000,
	"ShowBG" : "1,UI_Pack_libao07,2",
	"BossFeelingBonus" : 3000000000
},
{
	"ProductName" : "turret_diaochan_98",
	"StartTime" : "2020-09-29 00:00:00",
	"EndTime" : "2023-12-31 23:59:00",
	"ProductType" : 33,
	"Name" : "Charge_Special64",
	"LootID" : 10113133,
	"ShowItem" : "10101050,980,11201013,30,11301012,20,10101082,10,11101000,666666",
	"Price" : 299,
	"AFPrice" : "2.99",
	"Desc" : "turret_diaochan_98",
	"OldPrice" : "149.99",
	"Discount" : "90% off",
	"MailType" : 7,
	"FeelingBonus" : 4900000000,
	"ShowBG" : "1,UI_Pack_libao03,2",
	"BossFeelingBonus" : 9800000000
},
{
	"ProductName" : "turret_diaochan_328",
	"StartTime" : "2020-09-29 00:00:00",
	"EndTime" : "2023-12-31 23:59:00",
	"ProductType" : 33,
	"Name" : "Charge_Special65",
	"LootID" : 10113134,
	"ShowItem" : "10101050,3280,11201013,90,11301012,60,11501000,2000,10101082,60,10202019,1",
	"Price" : 999,
	"AFPrice" : "9.99",
	"Desc" : "turret_diaochan_328",
	"OldPrice" : "499.99",
	"Discount" : "90% off",
	"MailType" : 7,
	"FeelingBonus" : 16400000000,
	"ShowBG" : "1,UI_Pack_libao03,2",
	"BossFeelingBonus" : 32800000000
},
{
	"ProductName" : "turret_zhenji_30",
	"StartTime" : "2020-09-29 00:00:00",
	"EndTime" : "2023-12-31 23:59:00",
	"ProductType" : 33,
	"Name" : "Charge_Special63",
	"LootID" : 10113148,
	"ShowItem" : "10101050,350,11201014,30,10101082,10,11101000,88888",
	"Price" : 99,
	"AFPrice" : "0.99",
	"Desc" : "turret_zhenji_30",
	"OldPrice" : "49.99",
	"Discount" : "90% off",
	"MailType" : 7,
	"FeelingBonus" : 1500000000,
	"ShowBG" : "1,UI_Pack_libao07,2",
	"BossFeelingBonus" : 3000000000
},
{
	"ProductName" : "turret_zhenji_98",
	"StartTime" : "2020-09-29 00:00:00",
	"EndTime" : "2023-12-31 23:59:00",
	"ProductType" : 33,
	"Name" : "Charge_Special64",
	"LootID" : 10113149,
	"ShowItem" : "10101050,1450,11201014,30,11301014,20,10101082,10,11101000,666666",
	"Price" : 299,
	"AFPrice" : "2.99",
	"Desc" : "turret_zhenji_98",
	"OldPrice" : "149.99",
	"Discount" : "90% off",
	"MailType" : 7,
	"FeelingBonus" : 4900000000,
	"ShowBG" : "1,UI_Pack_libao03,2",
	"BossFeelingBonus" : 9800000000
},
{
	"ProductName" : "turret_zhenji_328",
	"StartTime" : "2020-09-29 00:00:00",
	"EndTime" : "2023-12-31 23:59:00",
	"ProductType" : 33,
	"Name" : "Charge_Special65",
	"LootID" : 10113150,
	"ShowItem" : "10101050,7300,11201014,90,10301019,1,10301021,1,10101082,60,10202020,1",
	"Price" : 999,
	"AFPrice" : "9.99",
	"Desc" : "turret_zhenji_328",
	"OldPrice" : "499.99",
	"Discount" : "90% off",
	"MailType" : 7,
	"FeelingBonus" : 16400000000,
	"ShowBG" : "1,UI_Pack_libao03,2",
	"BossFeelingBonus" : 32800000000
},
{
	"ProductName" : "turret_sunshangxiang_30",
	"StartTime" : "2020-09-29 00:00:00",
	"EndTime" : "2023-12-31 23:59:00",
	"ProductType" : 33,
	"Name" : "Charge_Special66",
	"LootID" : 10113152,
	"ShowItem" : "10101050,350,11201017,30,10101082,10,11101000,88888",
	"Price" : 99,
	"AFPrice" : "0.99",
	"Desc" : "turret_sunshangxiang_30",
	"OldPrice" : "49.99",
	"Discount" : "90% off",
	"MailType" : 7,
	"FeelingBonus" : 1500000000,
	"ShowBG" : "1,UI_Pack_libao07,2",
	"BossFeelingBonus" : 3000000000
},
{
	"ProductName" : "turret_sunshangxiang_98",
	"StartTime" : "2020-09-29 00:00:00",
	"EndTime" : "2023-12-31 23:59:00",
	"ProductType" : 33,
	"Name" : "Charge_Special67",
	"LootID" : 10113153,
	"ShowItem" : "10101050,1450,11201017,30,11301017,20,10101082,10,11101000,666666",
	"Price" : 299,
	"AFPrice" : "2.99",
	"Desc" : "turret_sunshangxiang_98",
	"OldPrice" : "149.99",
	"Discount" : "90% off",
	"MailType" : 7,
	"FeelingBonus" : 4900000000,
	"ShowBG" : "1,UI_Pack_libao03,2",
	"BossFeelingBonus" : 9800000000
},
{
	"ProductName" : "turret_sunshangxiang_328",
	"StartTime" : "2020-09-29 00:00:00",
	"EndTime" : "2023-12-31 23:59:00",
	"ProductType" : 33,
	"Name" : "Charge_Special68",
	"LootID" : 10113154,
	"ShowItem" : "10101050,7300,11201017,90,10301019,1,10301021,1,10101082,100,10202023,1",
	"Price" : 999,
	"AFPrice" : "9.99",
	"Desc" : "turret_sunshangxiang_328",
	"OldPrice" : "499.99",
	"Discount" : "90% off",
	"MailType" : 7,
	"FeelingBonus" : 16400000000,
	"ShowBG" : "1,UI_Pack_libao03,2",
	"BossFeelingBonus" : 32800000000
},
{
	"ProductName" : "d_big_surprise_30",
	"StartTime" : "2020-09-29 00:00:00",
	"EndTime" : "2023-12-31 23:59:00",
	"ProductType" : 33,
	"Name" : "Charge_Special69",
	"LootID" : 10113155,
	"ShowItem" : "11901004,188,12101203,10",
	"Price" : 99,
	"AFPrice" : "0.99",
	"Desc" : "big_surprise_30",
	"OldPrice" : "49.99",
	"Discount" : "90% off",
	"MailType" : 7,
	"FeelingBonus" : 1500000000,
	"LimitTime" : 1,
	"ShowBG" : "2,UI_Pack_zuanshi03,1",
	"BossFeelingBonus" : 3000000000
},
{
	"ProductName" : "d_big_surprise_98",
	"StartTime" : "2020-09-29 00:00:00",
	"EndTime" : "2023-12-31 23:59:00",
	"ProductType" : 33,
	"Name" : "Charge_Special70",
	"LootID" : 10113156,
	"ShowItem" : "11901004,888,12101203,30",
	"Price" : 299,
	"AFPrice" : "2.99",
	"Desc" : "big_surprise_98",
	"OldPrice" : "149.99",
	"Discount" : "90% off",
	"MailType" : 7,
	"FeelingBonus" : 4900000000,
	"LimitTime" : 1,
	"ShowBG" : "2,UI_Pack_zuanshi03,1",
	"BossFeelingBonus" : 9800000000
},
{
	"ProductName" : "d_big_surprise_648",
	"StartTime" : "2020-09-29 00:00:00",
	"EndTime" : "2023-12-31 23:59:00",
	"ProductType" : 33,
	"Name" : "Charge_Special71",
	"LootID" : 10113157,
	"ShowItem" : "11901004,8888,12101203,100",
	"Price" : 1999,
	"AFPrice" : "19.99",
	"Desc" : "big_surprise_648",
	"OldPrice" : "999.99",
	"Discount" : "90% off",
	"MailType" : 7,
	"FeelingBonus" : 32400000000,
	"LimitTime" : 1,
	"ShowBG" : "2,UI_Pack_zuanshi03,1",
	"BossFeelingBonus" : 64800000000
}
]