[
{
	"ID" : 0, 
	"Type" : "", 
	"SceneGroup" : 0, 
	"TriggerTime" : 0, 
	"TurretLevel" : 0, 
	"TurretStrength" : 0, 
	"CustomReward" : 0, 
	"Tower" : "", 
	"SwingLevel" : 0, 
	"UserTotalCharge" : "", 
	"TurretRank" : 0, 
	"TurretSetID" : 0, 
	"TurretEXP" : "", 
	"IsMatch" : 0, 
	"LockItemNum" : "", 
	"Bankrupt" : -1, 
	"Weight" : 0, 
	"ChargeList" : "", 
	"Duration" : 0
},
{
	"ID" : 1,
	"Type" : "1",
	"SceneGroup" : 2,
	"TriggerTime" : 900,
	"TurretLevel" : -1,
	"TurretStrength" : -1,
	"CustomReward" : -1,
	"SwingLevel" : -1,
	"UserTotalCharge" : "0,33",
	"TurretRank" : -1,
	"TurretSetID" : -1,
	"IsMatch" : -1,
	"LockItemNum" : "11401003,0",
	"Weight" : 50,
	"ChargeList" : "pop_item_3_18",
	"Duration" : 900
},
{
	"ID" : 2,
	"Type" : "1",
	"SceneGroup" : 2,
	"TriggerTime" : 900,
	"TurretLevel" : -1,
	"TurretStrength" : -1,
	"CustomReward" : -1,
	"SwingLevel" : -1,
	"UserTotalCharge" : "33,0",
	"TurretRank" : -1,
	"TurretSetID" : -1,
	"IsMatch" : -1,
	"LockItemNum" : "11401003,0",
	"Weight" : 50,
	"ChargeList" : "pop_item_3_28",
	"Duration" : 900
},
{
	"ID" : 3,
	"Type" : "2",
	"SceneGroup" : 4,
	"TriggerTime" : 0,
	"TurretLevel" : -1,
	"TurretStrength" : -1,
	"CustomReward" : -1,
	"SwingLevel" : -1,
	"UserTotalCharge" : "0,33",
	"TurretRank" : -1,
	"TurretSetID" : -1,
	"IsMatch" : -1,
	"Bankrupt" : 1,
	"Weight" : 60,
	"ChargeList" : "bankrupt_6",
	"Duration" : 0
},
{
	"ID" : 4,
	"Type" : "2",
	"SceneGroup" : 4,
	"TriggerTime" : 0,
	"TurretLevel" : -1,
	"TurretStrength" : -1,
	"CustomReward" : -1,
	"SwingLevel" : -1,
	"UserTotalCharge" : "0,33",
	"TurretRank" : -1,
	"TurretSetID" : -1,
	"IsMatch" : -1,
	"Bankrupt" : 1,
	"Weight" : 40,
	"ChargeList" : "bankrupt_30",
	"Duration" : 0
},
{
	"ID" : 5,
	"Type" : "2",
	"SceneGroup" : 4,
	"TriggerTime" : 0,
	"TurretLevel" : -1,
	"TurretStrength" : -1,
	"CustomReward" : -1,
	"SwingLevel" : -1,
	"UserTotalCharge" : "33,170",
	"TurretRank" : -1,
	"TurretSetID" : -1,
	"IsMatch" : -1,
	"Bankrupt" : 1,
	"Weight" : 60,
	"ChargeList" : "bankrupt_30",
	"Duration" : 0
},
{
	"ID" : 6,
	"Type" : "2",
	"SceneGroup" : 4,
	"TriggerTime" : 0,
	"TurretLevel" : -1,
	"TurretStrength" : -1,
	"CustomReward" : -1,
	"SwingLevel" : -1,
	"UserTotalCharge" : "33,170",
	"TurretRank" : -1,
	"TurretSetID" : -1,
	"IsMatch" : -1,
	"Bankrupt" : 1,
	"Weight" : 40,
	"ChargeList" : "bankrupt_98",
	"Duration" : 0
},
{
	"ID" : 7,
	"Type" : "2",
	"SceneGroup" : 4,
	"TriggerTime" : 0,
	"TurretLevel" : -1,
	"TurretStrength" : -1,
	"CustomReward" : -1,
	"SwingLevel" : -1,
	"UserTotalCharge" : "170,490",
	"TurretRank" : -1,
	"TurretSetID" : -1,
	"IsMatch" : -1,
	"Bankrupt" : 1,
	"Weight" : 20,
	"ChargeList" : "bankrupt_30",
	"Duration" : 0
},
{
	"ID" : 8,
	"Type" : "2",
	"SceneGroup" : 4,
	"TriggerTime" : 0,
	"TurretLevel" : -1,
	"TurretStrength" : -1,
	"CustomReward" : -1,
	"SwingLevel" : -1,
	"UserTotalCharge" : "170,490",
	"TurretRank" : -1,
	"TurretSetID" : -1,
	"IsMatch" : -1,
	"Bankrupt" : 1,
	"Weight" : 50,
	"ChargeList" : "bankrupt_98",
	"Duration" : 0
},
{
	"ID" : 9,
	"Type" : "2",
	"SceneGroup" : 4,
	"TriggerTime" : 0,
	"TurretLevel" : -1,
	"TurretStrength" : -1,
	"CustomReward" : -1,
	"SwingLevel" : -1,
	"UserTotalCharge" : "170,490",
	"TurretRank" : -1,
	"TurretSetID" : -1,
	"IsMatch" : -1,
	"Bankrupt" : 1,
	"Weight" : 30,
	"ChargeList" : "bankrupt_198",
	"Duration" : 0
},
{
	"ID" : 10,
	"Type" : "2",
	"SceneGroup" : 4,
	"TriggerTime" : 0,
	"TurretLevel" : -1,
	"TurretStrength" : -1,
	"CustomReward" : -1,
	"SwingLevel" : -1,
	"UserTotalCharge" : "490,990",
	"TurretRank" : -1,
	"TurretSetID" : -1,
	"IsMatch" : -1,
	"Bankrupt" : 1,
	"Weight" : 20,
	"ChargeList" : "bankrupt_98",
	"Duration" : 0
},
{
	"ID" : 11,
	"Type" : "2",
	"SceneGroup" : 4,
	"TriggerTime" : 0,
	"TurretLevel" : -1,
	"TurretStrength" : -1,
	"CustomReward" : -1,
	"SwingLevel" : -1,
	"UserTotalCharge" : "490,990",
	"TurretRank" : -1,
	"TurretSetID" : -1,
	"IsMatch" : -1,
	"Bankrupt" : 1,
	"Weight" : 50,
	"ChargeList" : "bankrupt_198",
	"Duration" : 0
},
{
	"ID" : 12,
	"Type" : "2",
	"SceneGroup" : 4,
	"TriggerTime" : 0,
	"TurretLevel" : -1,
	"TurretStrength" : -1,
	"CustomReward" : -1,
	"SwingLevel" : -1,
	"UserTotalCharge" : "490,990",
	"TurretRank" : -1,
	"TurretSetID" : -1,
	"IsMatch" : -1,
	"Bankrupt" : 1,
	"Weight" : 30,
	"ChargeList" : "bankrupt_328",
	"Duration" : 0
},
{
	"ID" : 13,
	"Type" : "2",
	"SceneGroup" : 4,
	"TriggerTime" : 0,
	"TurretLevel" : -1,
	"TurretStrength" : -1,
	"CustomReward" : -1,
	"SwingLevel" : -1,
	"UserTotalCharge" : "990,1690",
	"TurretRank" : -1,
	"TurretSetID" : -1,
	"IsMatch" : -1,
	"Bankrupt" : 1,
	"Weight" : 20,
	"ChargeList" : "bankrupt_198",
	"Duration" : 0
},
{
	"ID" : 14,
	"Type" : "2",
	"SceneGroup" : 4,
	"TriggerTime" : 0,
	"TurretLevel" : -1,
	"TurretStrength" : -1,
	"CustomReward" : -1,
	"SwingLevel" : -1,
	"UserTotalCharge" : "990,1690",
	"TurretRank" : -1,
	"TurretSetID" : -1,
	"IsMatch" : -1,
	"Bankrupt" : 1,
	"Weight" : 50,
	"ChargeList" : "bankrupt_328",
	"Duration" : 0
},
{
	"ID" : 15,
	"Type" : "2",
	"SceneGroup" : 4,
	"TriggerTime" : 0,
	"TurretLevel" : -1,
	"TurretStrength" : -1,
	"CustomReward" : -1,
	"SwingLevel" : -1,
	"UserTotalCharge" : "990,1690",
	"TurretRank" : -1,
	"TurretSetID" : -1,
	"IsMatch" : -1,
	"Bankrupt" : 1,
	"Weight" : 30,
	"ChargeList" : "bankrupt_648",
	"Duration" : 0
},
{
	"ID" : 16,
	"Type" : "2",
	"SceneGroup" : 4,
	"TriggerTime" : 0,
	"TurretLevel" : -1,
	"TurretStrength" : -1,
	"CustomReward" : -1,
	"SwingLevel" : -1,
	"UserTotalCharge" : "1690,0",
	"TurretRank" : -1,
	"TurretSetID" : -1,
	"IsMatch" : -1,
	"Bankrupt" : 1,
	"Weight" : 20,
	"ChargeList" : "bankrupt_198",
	"Duration" : 0
},
{
	"ID" : 17,
	"Type" : "2",
	"SceneGroup" : 4,
	"TriggerTime" : 0,
	"TurretLevel" : -1,
	"TurretStrength" : -1,
	"CustomReward" : -1,
	"SwingLevel" : -1,
	"UserTotalCharge" : "1690,0",
	"TurretRank" : -1,
	"TurretSetID" : -1,
	"IsMatch" : -1,
	"Bankrupt" : 1,
	"Weight" : 30,
	"ChargeList" : "bankrupt_328",
	"Duration" : 0
},
{
	"ID" : 18,
	"Type" : "2",
	"SceneGroup" : 4,
	"TriggerTime" : 0,
	"TurretLevel" : -1,
	"TurretStrength" : -1,
	"CustomReward" : -1,
	"SwingLevel" : -1,
	"UserTotalCharge" : "1690,0",
	"TurretRank" : -1,
	"TurretSetID" : -1,
	"IsMatch" : -1,
	"Bankrupt" : 1,
	"Weight" : 50,
	"ChargeList" : "bankrupt_648",
	"Duration" : 0
}
]