[
{
	"ID" : 0, 
	"Coupon" : 0, 
	"DrawTimes" : 0, 
	"PhoneVoucherMaxTimes" : 0, 
	"PhoneVoucherMax" : 0, 
	"ChargeParam" : 0, 
	"ChargeRate" : 0, 
	"RewardRate" : 0, 
	"Purchase" : "", 
	"LotteryList" : "", 
	"RewardShow" : "", 
	"PositionSigma" : "", 
	"ChannelRewardShow" : ""
},
{
	"ID" : 1,
	"Coupon" : 500,
	"DrawTimes" : 40,
	"PhoneVoucherMaxTimes" : 20,
	"PhoneVoucherMax" : 100,
	"ChargeParam" : 100,
	"ChargeRate" : 50,
	"RewardRate" : 200,
	"Purchase" : "0,0,1,5,1,10,1,20,2,red_envelope",
	"LotteryList" : "114,115,116,117,118",
	"RewardShow" : "10101064,11201003,11501041,11501000,11601001",
	"PositionSigma" : "250,400",
	"ChannelRewardShow" : "11202001,11201003,11501041,11501000,11601001"
}
]