[
{
	"ID" : 0, 
	"Coupon" : 0, 
	"Diamond" : 0
},
{
	"ID" : 1,
	"Coupon" : 1000,
	"Diamond" : 300
},
{
	"ID" : 2,
	"Coupon" : 900,
	"Diamond" : 270
},
{
	"ID" : 3,
	"Coupon" : 900,
	"Diamond" : 270
},
{
	"ID" : 4,
	"Coupon" : 840,
	"Diamond" : 252
},
{
	"ID" : 5,
	"Coupon" : 840,
	"Diamond" : 252
},
{
	"ID" : 6,
	"Coupon" : 840,
	"Diamond" : 252
},
{
	"ID" : 7,
	"Coupon" : 800,
	"Diamond" : 240
},
{
	"ID" : 8,
	"Coupon" : 800,
	"Diamond" : 240
},
{
	"ID" : 9,
	"Coupon" : 800,
	"Diamond" : 240
},
{
	"ID" : 10,
	"Coupon" : 720,
	"Diamond" : 216
},
{
	"ID" : 11,
	"Coupon" : 720,
	"Diamond" : 216
},
{
	"ID" : 12,
	"Coupon" : 720,
	"Diamond" : 216
},
{
	"ID" : 13,
	"Coupon" : 720,
	"Diamond" : 216
},
{
	"ID" : 14,
	"Coupon" : 700,
	"Diamond" : 210
},
{
	"ID" : 15,
	"Coupon" : 700,
	"Diamond" : 210
},
{
	"ID" : 16,
	"Coupon" : 700,
	"Diamond" : 210
},
{
	"ID" : 17,
	"Coupon" : 700,
	"Diamond" : 210
},
{
	"ID" : 18,
	"Coupon" : 700,
	"Diamond" : 210
},
{
	"ID" : 19,
	"Coupon" : 600,
	"Diamond" : 180
},
{
	"ID" : 20,
	"Coupon" : 600,
	"Diamond" : 180
},
{
	"ID" : 21,
	"Coupon" : 600,
	"Diamond" : 180
},
{
	"ID" : 22,
	"Coupon" : 600,
	"Diamond" : 180
},
{
	"ID" : 23,
	"Coupon" : 500,
	"Diamond" : 150
},
{
	"ID" : 24,
	"Coupon" : 500,
	"Diamond" : 150
},
{
	"ID" : 25,
	"Coupon" : 500,
	"Diamond" : 150
},
{
	"ID" : 26,
	"Coupon" : 400,
	"Diamond" : 120
},
{
	"ID" : 27,
	"Coupon" : 400,
	"Diamond" : 120
},
{
	"ID" : 28,
	"Coupon" : 400,
	"Diamond" : 120
},
{
	"ID" : 29,
	"Coupon" : 400,
	"Diamond" : 120
},
{
	"ID" : 30,
	"Coupon" : 400,
	"Diamond" : 120
}
]