[
{
	"Times" : 0, 
	"MarketPrice" : 0, 
	"EnergyKeyPrice" : "", 
	"TreasurePrice" : ""
},
{
	"Times" : 1,
	"MarketPrice" : 0,
	"EnergyKeyPrice" : "10,60",
	"TreasurePrice" : "5,20"
},
{
	"Times" : 2,
	"MarketPrice" : 10,
	"EnergyKeyPrice" : "20,60",
	"TreasurePrice" : "10,40"
},
{
	"Times" : 3,
	"MarketPrice" : 20,
	"EnergyKeyPrice" : "30,60",
	"TreasurePrice" : "15,60"
},
{
	"Times" : 4,
	"MarketPrice" : 40,
	"EnergyKeyPrice" : "40,60",
	"TreasurePrice" : "20,80"
},
{
	"Times" : 5,
	"MarketPrice" : 80,
	"EnergyKeyPrice" : "50,60",
	"TreasurePrice" : "25,100"
},
{
	"Times" : 6,
	"MarketPrice" : 160,
	"EnergyKeyPrice" : "80,60",
	"TreasurePrice" : "30,120"
},
{
	"Times" : 7,
	"MarketPrice" : 300,
	"EnergyKeyPrice" : "100,60",
	"TreasurePrice" : "35,140"
},
{
	"Times" : 8,
	"MarketPrice" : 300,
	"EnergyKeyPrice" : "100,60",
	"TreasurePrice" : "40,160"
},
{
	"Times" : 9,
	"MarketPrice" : 300,
	"EnergyKeyPrice" : "100,60",
	"TreasurePrice" : "45,180"
},
{
	"Times" : 10,
	"MarketPrice" : 300,
	"EnergyKeyPrice" : "100,60",
	"TreasurePrice" : "50,200"
},
{
	"Times" : 11,
	"MarketPrice" : 300,
	"EnergyKeyPrice" : "100,60",
	"TreasurePrice" : "55,220"
},
{
	"Times" : 12,
	"MarketPrice" : 300,
	"EnergyKeyPrice" : "100,60",
	"TreasurePrice" : "60,240"
},
{
	"Times" : 13,
	"MarketPrice" : 300,
	"EnergyKeyPrice" : "100,60",
	"TreasurePrice" : "65,260"
},
{
	"Times" : 14,
	"MarketPrice" : 300,
	"EnergyKeyPrice" : "100,60",
	"TreasurePrice" : "70,280"
},
{
	"Times" : 15,
	"MarketPrice" : 300,
	"EnergyKeyPrice" : "100,60",
	"TreasurePrice" : "75,300"
},
{
	"Times" : 16,
	"MarketPrice" : 300,
	"EnergyKeyPrice" : "100,60",
	"TreasurePrice" : "80,320"
},
{
	"Times" : 17,
	"MarketPrice" : 300,
	"EnergyKeyPrice" : "100,60",
	"TreasurePrice" : "85,340"
},
{
	"Times" : 18,
	"MarketPrice" : 300,
	"EnergyKeyPrice" : "100,60",
	"TreasurePrice" : "90,360"
},
{
	"Times" : 19,
	"MarketPrice" : 300,
	"EnergyKeyPrice" : "100,60",
	"TreasurePrice" : "95,380"
},
{
	"Times" : 20,
	"MarketPrice" : 300,
	"EnergyKeyPrice" : "100,60",
	"TreasurePrice" : "100,400"
},
{
	"Times" : 21,
	"MarketPrice" : 300,
	"EnergyKeyPrice" : "100,60",
	"TreasurePrice" : "105,420"
},
{
	"Times" : 22,
	"MarketPrice" : 300,
	"EnergyKeyPrice" : "100,60",
	"TreasurePrice" : "110,440"
},
{
	"Times" : 23,
	"MarketPrice" : 300,
	"EnergyKeyPrice" : "100,60",
	"TreasurePrice" : "115,460"
},
{
	"Times" : 24,
	"MarketPrice" : 300,
	"EnergyKeyPrice" : "100,60",
	"TreasurePrice" : "120,480"
},
{
	"Times" : 25,
	"MarketPrice" : 300,
	"EnergyKeyPrice" : "100,60",
	"TreasurePrice" : "125,500"
},
{
	"Times" : 26,
	"MarketPrice" : 300,
	"EnergyKeyPrice" : "100,60",
	"TreasurePrice" : "130,520"
},
{
	"Times" : 27,
	"MarketPrice" : 300,
	"EnergyKeyPrice" : "100,60",
	"TreasurePrice" : "135,540"
},
{
	"Times" : 28,
	"MarketPrice" : 300,
	"EnergyKeyPrice" : "100,60",
	"TreasurePrice" : "140,560"
},
{
	"Times" : 29,
	"MarketPrice" : 300,
	"EnergyKeyPrice" : "100,60",
	"TreasurePrice" : "145,580"
},
{
	"Times" : 30,
	"MarketPrice" : 300,
	"EnergyKeyPrice" : "100,60",
	"TreasurePrice" : "150,600"
}
]