[
{
	"ID" : 0, 
	"ResType" : 0, 
	"ResPath" : "", 
	"OtherPath" : "", 
	"Width" : 0, 
	"Height" : 0, 
	"Scale" : 0
},
{
	"ID" : 4,
	"ResType" : 3,
	"ResPath" : "SP_Gold,gold_01,gold_02",
	"OtherPath" : "A_Gold_01,A_Gold_02",
	"Width" : 30,
	"Height" : 30,
	"Scale" : 0.7
},
{
	"ID" : 5,
	"ResType" : 3,
	"ResPath" : "SP_Gold,gold_01,gold_02",
	"OtherPath" : "A_Gold_01,A_Gold_02",
	"Width" : 40,
	"Height" : 40,
	"Scale" : 0.85
},
{
	"ID" : 6,
	"ResType" : 3,
	"ResPath" : "SP_Gold,gold_01,gold_02",
	"OtherPath" : "A_Gold_01,A_Gold_02",
	"Width" : 50,
	"Height" : 50,
	"Scale" : 1
}
]