[
{
	"ID" : 0, 
	"Name" : "", 
	"EffectType" : 0, 
	"ResParams" : "", 
	"RandomRotation" : 0, 
	"Duration" : 0
},
{
	"ID" : 1,
	"Name" : "普通击中效果",
	"EffectType" : 3,
	"ResParams" : "hiteffect",
	"Duration" : 1
},
{
	"ID" : 2,
	"Name" : "通用的死亡爆炸效果",
	"EffectType" : 21,
	"ResParams" : "die_eff_common",
	"Duration" : 2
},
{
	"ID" : 10,
	"Name" : "测试帧动画1",
	"EffectType" : 3,
	"ResParams" : "A_Gold_01",
	"Duration" : 10
},
{
	"ID" : 11,
	"Name" : "测试帧动画2",
	"EffectType" : 3,
	"ResParams" : "A_RedFishLine",
	"Duration" : 10
},
{
	"ID" : 12,
	"Name" : "测试帧动画3",
	"EffectType" : 3,
	"ResParams" : "A_Fish_02",
	"Duration" : 10
},
{
	"ID" : 13,
	"Name" : "测试帧动画4",
	"EffectType" : 3,
	"ResParams" : "A_Fish_24",
	"Duration" : 10
},
{
	"ID" : 14,
	"Name" : "测试Spine动画1",
	"EffectType" : 1,
	"ResParams" : "SP_Gold,gold_01",
	"Duration" : 10
},
{
	"ID" : 15,
	"Name" : "测试Spine动画2",
	"EffectType" : 1,
	"ResParams" : "SP_RedFishLine,action",
	"Duration" : 10
},
{
	"ID" : 16,
	"Name" : "测试Spine动画3",
	"EffectType" : 1,
	"ResParams" : "SP_Fish_02,action",
	"Duration" : 10
},
{
	"ID" : 17,
	"Name" : "测试Spine动画4",
	"EffectType" : 1,
	"ResParams" : "SP_Fish_24,action",
	"Duration" : 10
},
{
	"ID" : 116,
	"Name" : "火箭震屏",
	"EffectType" : 17,
	"Duration" : 1
},
{
	"ID" : 117,
	"Name" : "火箭声音",
	"EffectType" : 18,
	"Duration" : 1
},
{
	"ID" : 121,
	"Name" : "鱼死亡激光掉落",
	"EffectType" : 4,
	"ResParams" : "T_cannon_cnxl",
	"Duration" : 10
},
{
	"ID" : 122,
	"Name" : "鱼死亡钻头掉落",
	"EffectType" : 4,
	"ResParams" : "T_bullet101_zuantou",
	"Duration" : 10
},
{
	"ID" : 151,
	"Name" : "原始炮台",
	"EffectType" : 1,
	"ResParams" : "SP_T0_bullet,T0_bullet_hit",
	"RandomRotation" : 1,
	"Duration" : 1
},
{
	"ID" : 152,
	"Name" : "渔夫",
	"EffectType" : 1,
	"ResParams" : "SP_T1_bullet,T1_bullet_hit",
	"RandomRotation" : 1,
	"Duration" : 1
},
{
	"ID" : 153,
	"Name" : "仙童",
	"EffectType" : 1,
	"ResParams" : "SP_T2_bullet,T2_bullet_hit",
	"RandomRotation" : 1,
	"Duration" : 1
},
{
	"ID" : 154,
	"Name" : "关羽",
	"EffectType" : 1,
	"ResParams" : "SP_T7_bullet,T7_bullet_hit",
	"RandomRotation" : 1,
	"Duration" : 1
},
{
	"ID" : 155,
	"Name" : "张飞",
	"EffectType" : 1,
	"ResParams" : "SP_T8_bullet,T8_bullet_hit",
	"RandomRotation" : 1,
	"Duration" : 1
},
{
	"ID" : 156,
	"Name" : "赵云",
	"EffectType" : 1,
	"ResParams" : "SP_T9_bullet,T9_bullet_hit",
	"RandomRotation" : 1,
	"Duration" : 1
},
{
	"ID" : 157,
	"Name" : "黄忠",
	"EffectType" : 1,
	"ResParams" : "SP_T10_bullet,T10_bullet_hit",
	"RandomRotation" : 1,
	"Duration" : 1
},
{
	"ID" : 158,
	"Name" : "魏延",
	"EffectType" : 1,
	"ResParams" : "SP_T11_bullet,T11_bullet_hit",
	"RandomRotation" : 1,
	"Duration" : 1
},
{
	"ID" : 159,
	"Name" : "吕布",
	"EffectType" : 1,
	"ResParams" : "SP_T3_bullet,T3_bullet_hit",
	"RandomRotation" : 1,
	"Duration" : 1
},
{
	"ID" : 160,
	"Name" : "财神",
	"EffectType" : 1,
	"ResParams" : "SP_T12_bullet,T12_bullet_hit",
	"RandomRotation" : 1,
	"Duration" : 1
},
{
	"ID" : 161,
	"Name" : "刘备",
	"EffectType" : 1,
	"ResParams" : "SP_T4_bullet,T4_bullet_hit",
	"RandomRotation" : 1,
	"Duration" : 1
},
{
	"ID" : 162,
	"Name" : "曹操",
	"EffectType" : 1,
	"ResParams" : "SP_T5_bullet,T5_bullet_hit",
	"RandomRotation" : 1,
	"Duration" : 1
},
{
	"ID" : 163,
	"Name" : "孙权",
	"EffectType" : 1,
	"ResParams" : "SP_T6_bullet,T6_bullet_hit",
	"RandomRotation" : 1,
	"Duration" : 1
},
{
	"ID" : 164,
	"Name" : "狂暴",
	"EffectType" : 1,
	"ResParams" : "SP_T101_bullet,T101_hit",
	"RandomRotation" : 1,
	"Duration" : 1
},
{
	"ID" : 165,
	"Name" : "狂暴-雪球",
	"EffectType" : 1,
	"ResParams" : "SP_T102_bullet,T102_hit",
	"RandomRotation" : 1,
	"Duration" : 1
},
{
	"ID" : 166,
	"Name" : "狂暴-圣诞糖果",
	"EffectType" : 1,
	"ResParams" : "SP_T103_bullet,T103_hit",
	"RandomRotation" : 1,
	"Duration" : 1
},
{
	"ID" : 167,
	"Name" : "鞭炮",
	"EffectType" : 1,
	"ResParams" : "SP_T104_bullet,T104_hit",
	"RandomRotation" : 1,
	"Duration" : 1
},
{
	"ID" : 168,
	"Name" : "红包",
	"EffectType" : 1,
	"ResParams" : "SP_T105_bullet,T105_hit",
	"Duration" : 1
},
{
	"ID" : 169,
	"Name" : "貂蝉",
	"EffectType" : 1,
	"ResParams" : "SP_T13_bullet,T13_bullet_hit",
	"RandomRotation" : 1,
	"Duration" : 1
},
{
	"ID" : 171,
	"Name" : "甄姬",
	"EffectType" : 1,
	"ResParams" : "SP_T14_bullet,T14_bullet_hit",
	"RandomRotation" : 1,
	"Duration" : 1
},
{
	"ID" : 173,
	"Name" : "大乔",
	"EffectType" : 1,
	"ResParams" : "SP_T15_bullet,T15_bullet_hit",
	"RandomRotation" : 1,
	"Duration" : 1
},
{
	"ID" : 174,
	"Name" : "小乔",
	"EffectType" : 1,
	"ResParams" : "SP_T16_bullet,T16_bullet_hit",
	"RandomRotation" : 1,
	"Duration" : 1
},
{
	"ID" : 175,
	"Name" : "孙尚香",
	"EffectType" : 1,
	"ResParams" : "SP_T17_bullet,T17_bullet_hit",
	"RandomRotation" : 1,
	"Duration" : 1
},
{
	"ID" : 10000,
	"Name" : "激光准备效果",
	"EffectType" : 2,
	"ResParams" : "jiguangdaiji_1,jiguangdaiji_2",
	"Duration" : 1
},
{
	"ID" : 10001,
	"Name" : "激光发射",
	"EffectType" : 2,
	"ResParams" : "jiguanggai11,jiguangpaokou",
	"Duration" : 5
},
{
	"ID" : 10002,
	"Name" : "冰冻效果",
	"EffectType" : 1,
	"ResParams" : "Frozen_effect",
	"Duration" : 2
},
{
	"ID" : 10004,
	"Name" : "红鱼爆炸",
	"EffectType" : 2,
	"ResParams" : "PS_Hongyubaozha",
	"Duration" : 2
},
{
	"ID" : 10008,
	"Name" : "蓝龙死亡",
	"EffectType" : 2,
	"ResParams" : "PS_Longsiwang",
	"Duration" : 2
},
{
	"ID" : 10009,
	"Name" : "能量炮效果(下）",
	"EffectType" : 2,
	"ResParams" : "nengliangpao1",
	"Duration" : 2
},
{
	"ID" : 10010,
	"Name" : "红鱼连线",
	"EffectType" : 9,
	"ResParams" : "A_RedFishLine,SP_RedFishLine",
	"Duration" : 1
},
{
	"ID" : 10011,
	"Name" : "火龙珠爆炸",
	"EffectType" : 2,
	"ResParams" : "PS_Huolongzhubomb",
	"Duration" : 3
},
{
	"ID" : 10012,
	"Name" : "黑龙死亡",
	"EffectType" : 2,
	"ResParams" : "PS_Heilongsiwang",
	"Duration" : 2
},
{
	"ID" : 10013,
	"Name" : "连座死亡",
	"EffectType" : 11,
	"ResParams" : "10500,10501,10502",
	"Duration" : 3
},
{
	"ID" : 10014,
	"Name" : "金色鲤鱼死亡",
	"EffectType" : 2,
	"ResParams" : "PS_Xiaoyusiwang",
	"Duration" : 2
},
{
	"ID" : 10016,
	"Name" : "能量炮效果(上）",
	"EffectType" : 2,
	"ResParams" : "nengliangpao2",
	"Duration" : 2
},
{
	"ID" : 10017,
	"Name" : "绿色速度线组合小",
	"EffectType" : 11,
	"ResParams" : "10200,10300",
	"Duration" : 1
},
{
	"ID" : 10018,
	"Name" : "金色速度线组合小",
	"EffectType" : 11,
	"ResParams" : "10201,10300",
	"Duration" : 1
},
{
	"ID" : 10025,
	"Name" : "绿色速度线组合大",
	"EffectType" : 11,
	"ResParams" : "10202,10301",
	"Duration" : 1
},
{
	"ID" : 10026,
	"Name" : "金色速度线组合大",
	"EffectType" : 11,
	"ResParams" : "10203,10301",
	"Duration" : 1
},
{
	"ID" : 10027,
	"Name" : "星星爆炸",
	"EffectType" : 2,
	"ResParams" : "PS_Xingxingbaozha",
	"Duration" : 2
},
{
	"ID" : 10030,
	"Name" : "组合效果",
	"EffectType" : 12,
	"ResParams" : "0,10031,500,10032,3000,10033,3000,10043,4000,10034",
	"Duration" : 7
},
{
	"ID" : 10032,
	"Name" : "黑洞效果",
	"EffectType" : 12,
	"ResParams" : "0,10403,0,10404",
	"Duration" : 3
},
{
	"ID" : 10033,
	"Name" : "爆炸掉金币",
	"EffectType" : 2,
	"ResParams" : "baozhagai_1,baozhagai_4,baozhagai_5",
	"Duration" : 3
},
{
	"ID" : 10034,
	"Name" : "爆炸礼花",
	"EffectType" : 13,
	"ResParams" : "200,320,40,960,640,10035",
	"Duration" : 3
},
{
	"ID" : 10035,
	"Name" : "爆炸礼花",
	"EffectType" : 6,
	"ResParams" : "lihualizi1,lihualizi2,lihualizi3",
	"Duration" : 3
},
{
	"ID" : 10036,
	"Name" : "爆金币",
	"EffectType" : 7,
	"ResParams" : "10,100,10,1000,2000,6",
	"Duration" : 3
},
{
	"ID" : 10037,
	"Name" : "爆金币",
	"EffectType" : 7,
	"ResParams" : "8,200,5,1000,2000,6",
	"Duration" : 3
},
{
	"ID" : 10038,
	"Name" : "全屏冰冻",
	"EffectType" : 13,
	"ResParams" : "400,320,40,960,640,105",
	"Duration" : 3
},
{
	"ID" : 10041,
	"Name" : "升级效果2",
	"EffectType" : 2,
	"ResParams" : "lvup_1",
	"Duration" : 3
},
{
	"ID" : 10042,
	"Name" : "升级效果3",
	"EffectType" : 2,
	"ResParams" : "liquanfaguang,lvup_4,lvup_5",
	"Duration" : 1.9
},
{
	"ID" : 10043,
	"Name" : "吐金币",
	"EffectType" : 2,
	"ResParams" : "xiajinbiyu",
	"Duration" : 3
},
{
	"ID" : 10044,
	"Name" : "爆金币",
	"EffectType" : 7,
	"ResParams" : "20,100,10,1000,2000,6",
	"Duration" : 4
},
{
	"ID" : 10050,
	"Name" : "锁定效果",
	"EffectType" : 8,
	"ResParams" : "SP_Lock,green,T_Dot,25",
	"Duration" : 0
},
{
	"ID" : 10051,
	"Name" : "极速效果",
	"EffectType" : 8,
	"ResParams" : "SP_Lock,red,T_Dot,25",
	"Duration" : 0
},
{
	"ID" : 10052,
	"Name" : "狂暴效果",
	"EffectType" : 8,
	"ResParams" : "SP_Lock,green,T_Dot,25",
	"Duration" : 0
},
{
	"ID" : 10060,
	"Name" : "礼卷效果",
	"EffectType" : 5,
	"ResParams" : "common_img_diamond.png,liquanfaguang",
	"Duration" : 10
},
{
	"ID" : 10070,
	"Name" : "万炮齐发效果",
	"EffectType" : 15,
	"ResParams" : "12,49,600,500,12,8,40,40,45,640,40,0,1240,40,-45,1240,360,-135,1240,680,-135,640,680,-180,40,680,135,40,360,90",
	"Duration" : 18
},
{
	"ID" : 10080,
	"Name" : "绿色速度线小最终",
	"EffectType" : 12,
	"ResParams" : "0,10017,0,10036",
	"Duration" : 3
},
{
	"ID" : 10090,
	"Name" : "金色速度线小最终",
	"EffectType" : 12,
	"ResParams" : "0,10018,0,10036",
	"Duration" : 3
},
{
	"ID" : 10100,
	"Name" : "绿色速度线大最终",
	"EffectType" : 12,
	"ResParams" : "0,10025,0,10036",
	"Duration" : 3
},
{
	"ID" : 10110,
	"Name" : "金色速度线大最终",
	"EffectType" : 12,
	"ResParams" : "0,10026,0,10036",
	"Duration" : 3
},
{
	"ID" : 10120,
	"Name" : "金蟾死亡",
	"EffectType" : 12,
	"ResParams" : "0,10027,0,10026,0,10036",
	"Duration" : 3
},
{
	"ID" : 10200,
	"Name" : "绿色速度线小",
	"EffectType" : 1,
	"ResParams" : "SP_Bigbomb,Bigbomb_2",
	"Duration" : 1
},
{
	"ID" : 10201,
	"Name" : "金色速度线小",
	"EffectType" : 1,
	"ResParams" : "SP_Bigbomb,Bigbomb_1",
	"Duration" : 1
},
{
	"ID" : 10202,
	"Name" : "绿色速度线大",
	"EffectType" : 1,
	"ResParams" : "SP_Bigbomb,Bigbomb_4",
	"Duration" : 1
},
{
	"ID" : 10203,
	"Name" : "金色速度线大",
	"EffectType" : 1,
	"ResParams" : "SP_Bigbomb,Bigbomb_3",
	"Duration" : 1
},
{
	"ID" : 10300,
	"Name" : "速度线爆开1",
	"EffectType" : 2,
	"ResParams" : "PS_Bigbomb_1",
	"Duration" : 1
},
{
	"ID" : 10301,
	"Name" : "速度线爆开2",
	"EffectType" : 2,
	"ResParams" : "PS_Bigbomb_2",
	"Duration" : 1
},
{
	"ID" : 10400,
	"Name" : "黑洞效果1",
	"EffectType" : 2,
	"ResParams" : "PS_Xiyulizi1",
	"Duration" : 3.5
},
{
	"ID" : 10401,
	"Name" : "黑洞效果2",
	"EffectType" : 2,
	"ResParams" : "PS_Xiyulizi2",
	"Duration" : 3.5
},
{
	"ID" : 10402,
	"Name" : "黑洞爆炸",
	"EffectType" : 2,
	"ResParams" : "PS_Blackhole_1",
	"Duration" : 1
},
{
	"ID" : 10403,
	"Name" : "黑洞效果",
	"EffectType" : 1,
	"ResParams" : "SP_Vortex,action",
	"Duration" : 3.5
},
{
	"ID" : 10404,
	"Name" : "黑洞效果2",
	"EffectType" : 1,
	"ResParams" : "SP_Vortex02,action",
	"Duration" : 3
},
{
	"ID" : 10500,
	"Name" : "打鱼爆炸1",
	"EffectType" : 2,
	"ResParams" : "PS_Dayubaozha",
	"Duration" : 3
},
{
	"ID" : 10501,
	"Name" : "打鱼爆炸2",
	"EffectType" : 2,
	"ResParams" : "PS_Dayubaozha2",
	"Duration" : 3
},
{
	"ID" : 10502,
	"Name" : "打鱼爆炸3",
	"EffectType" : 2,
	"ResParams" : "PS_Dayubaozha3",
	"Duration" : 3
},
{
	"ID" : 10601,
	"Name" : "召唤boss",
	"EffectType" : 30,
	"ResParams" : "Effect_Summon,0,138",
	"Duration" : 5
},
{
	"ID" : 10611,
	"Name" : "必杀boss",
	"EffectType" : 1,
	"ResParams" : "SP_Mustkill_01,animation,45",
	"Duration" : 1.5
},
{
	"ID" : 10701,
	"Name" : "超级武器默认皮肤",
	"EffectType" : 1,
	"ResParams" : "SP_T201,animation,44",
	"Duration" : 50
},
{
	"ID" : 10702,
	"Name" : "超级武器默认皮肤",
	"EffectType" : 1,
	"ResParams" : "SP_T201,animation2",
	"Duration" : 50
},
{
	"ID" : 10703,
	"Name" : "超级武器默认皮肤",
	"EffectType" : 11,
	"ResParams" : "10701,10702",
	"Duration" : 50
},
{
	"ID" : 10704,
	"Name" : "超级武器默认皮肤预览",
	"EffectType" : 21,
	"ResParams" : "P_SuperWeapon1",
	"Duration" : 50
},
{
	"ID" : 10705,
	"Name" : "超级武器默认皮肤受击特效",
	"EffectType" : 1,
	"ResParams" : "SP_T201_hit,hit",
	"Duration" : 3
},
{
	"ID" : 10711,
	"Name" : "超级武器皮肤1",
	"EffectType" : 1,
	"ResParams" : "SP_T203,animation,144",
	"Duration" : 50
},
{
	"ID" : 10712,
	"Name" : "超级武器皮肤1",
	"EffectType" : 1,
	"ResParams" : "SP_T203,animation2",
	"Duration" : 50
},
{
	"ID" : 10713,
	"Name" : "超级武器皮肤1",
	"EffectType" : 11,
	"ResParams" : "10711,10712",
	"Duration" : 50
},
{
	"ID" : 10714,
	"Name" : "超级武器皮肤1预览",
	"EffectType" : 21,
	"ResParams" : "P_SuperWeapon2",
	"Duration" : 50
},
{
	"ID" : 10715,
	"Name" : "超级武器皮肤1受击特效",
	"EffectType" : 1,
	"ResParams" : "SP_T203_hit,hit",
	"Duration" : 3
},
{
	"ID" : 1000,
	"Name" : "单束光炮",
	"EffectType" : 21,
	"ResParams" : "T1_skill_eff_fish_1",
	"Duration" : 2
},
{
	"ID" : 1001,
	"Name" : "光炮1级",
	"EffectType" : 22,
	"ResParams" : "1000,12,300,800,500,6,50",
	"Duration" : 5.1
},
{
	"ID" : 1007,
	"Name" : "蛇矛连刺1级",
	"EffectType" : 22,
	"ResParams" : "3016,12,150,800,500,4,50",
	"Duration" : 3
},
{
	"ID" : 1008,
	"Name" : "蛇矛连刺2级",
	"EffectType" : 22,
	"ResParams" : "3016,24,75,800,500,8,50",
	"Duration" : 3.3
},
{
	"ID" : 1009,
	"Name" : "蛇矛连刺3级，不用",
	"EffectType" : 1,
	"ResParams" : "T8_eff_3_atk",
	"Duration" : 5
},
{
	"ID" : 1010,
	"Name" : "狂暴烈炎1级",
	"EffectType" : 22,
	"ResParams" : "3000,12,150,800,500,4,50",
	"Duration" : 3
},
{
	"ID" : 1011,
	"Name" : "狂暴烈炎2级",
	"EffectType" : 22,
	"ResParams" : "3000,24,75,800,500,8,50",
	"Duration" : 3.8
},
{
	"ID" : 1012,
	"Name" : "狂暴烈炎3级",
	"EffectType" : 22,
	"ResParams" : "3000,30,50,800,500,10,0",
	"Duration" : 4.5
},
{
	"ID" : 1013,
	"Name" : "凤翼天翔1级",
	"EffectType" : 22,
	"ResParams" : "3034,12,150,800,500,4,50",
	"Duration" : 3.1
},
{
	"ID" : 1014,
	"Name" : "凤翼天翔2级",
	"EffectType" : 22,
	"ResParams" : "3034,24,100,800,500,8,50",
	"Duration" : 3.8
},
{
	"ID" : 1015,
	"Name" : "凤翼天翔3级",
	"EffectType" : 27,
	"ResParams" : "5,50,0,3036,0,0,3035,0,300,3035,290,300,3035,-290,800,3035,0,1100,3035,290,1100,3035,-290,1600,3035,0,1900,3035,290,1900,3035,-290,2400,3035,0,2700,3035,290,2700,3035,-290,3200,3035,0,3500,3035,290,3500,3035,-290",
	"Duration" : 7
},
{
	"ID" : 1016,
	"Name" : "狂火燎原1级",
	"EffectType" : 22,
	"ResParams" : "3031,3,1000,0,0,1,50",
	"Duration" : 4.1
},
{
	"ID" : 1017,
	"Name" : "狂火燎原2级",
	"EffectType" : 22,
	"ResParams" : "3031,5,1000,0,0,1,50",
	"Duration" : 6
},
{
	"ID" : 1018,
	"Name" : "狂火燎原3级",
	"EffectType" : 12,
	"ResParams" : "0,3032,2000,3033",
	"Duration" : 8
},
{
	"ID" : 1019,
	"Name" : "狂枪穿云1级",
	"EffectType" : 22,
	"ResParams" : "3017,12,150,800,500,4,50",
	"Duration" : 3.4
},
{
	"ID" : 1020,
	"Name" : "狂枪穿云2级",
	"EffectType" : 22,
	"ResParams" : "3017,24,75,800,500,8,50",
	"Duration" : 3.8
},
{
	"ID" : 1021,
	"Name" : "狂枪穿云3级",
	"EffectType" : 12,
	"ResParams" : "0,3018,600,3019",
	"Duration" : 7.5
},
{
	"ID" : 1022,
	"Name" : "财源广进1级",
	"EffectType" : 22,
	"ResParams" : "3020,15,150,800,500,5,50",
	"Duration" : 3.7
},
{
	"ID" : 1023,
	"Name" : "财源广进2级",
	"EffectType" : 22,
	"ResParams" : "3020,24,75,800,500,8,50",
	"Duration" : 3.9
},
{
	"ID" : 1024,
	"Name" : "财源广进3级",
	"EffectType" : 12,
	"ResParams" : "0,3021,1200,3022",
	"Duration" : 7.5
},
{
	"ID" : 1025,
	"Name" : "方天疾斩1级",
	"EffectType" : 22,
	"ResParams" : "3014,12,150,800,500,4,50",
	"Duration" : 3.4
},
{
	"ID" : 1026,
	"Name" : "方天疾斩2级",
	"EffectType" : 22,
	"ResParams" : "3014,24,75,800,500,8,50",
	"Duration" : 3.8
},
{
	"ID" : 1027,
	"Name" : "方天疾斩3级，不用",
	"EffectType" : 1,
	"ResParams" : "T3_eff_3_atk",
	"Duration" : 5
},
{
	"ID" : 1028,
	"Name" : "权御天下1级",
	"EffectType" : 22,
	"ResParams" : "3026,9,300,0,0,3,50,30,0",
	"Duration" : 4
},
{
	"ID" : 1029,
	"Name" : "权御天下2级",
	"EffectType" : 22,
	"ResParams" : "3027,12,200,0,0,4,50,30,0",
	"Duration" : 4
},
{
	"ID" : 1030,
	"Name" : "权御天下3级",
	"EffectType" : 12,
	"ResParams" : "0,3028,1200,3029",
	"Duration" : 6.8
},
{
	"ID" : 1031,
	"Name" : "魏武破天1级",
	"EffectType" : 22,
	"ResParams" : "3023,12,150,800,500,4,50",
	"Duration" : 3.5
},
{
	"ID" : 1032,
	"Name" : "魏武破天2级",
	"EffectType" : 22,
	"ResParams" : "3023,24,100,800,500,8,50",
	"Duration" : 4
},
{
	"ID" : 1033,
	"Name" : "魏武破天3级",
	"EffectType" : 27,
	"ResParams" : "5,50,0,3025,0,0,3024,0,300,3024,200,300,3024,-200,600,3024,0,900,3024,200,900,3024,-200,1200,3024,0,1500,3024,200,1500,3024,-200,1800,3024,0,2100,3024,200,2100,3024,-200,2400,3024,0,2700,3024,200,2700,3024,-200",
	"Duration" : 4
},
{
	"ID" : 1034,
	"Name" : "仁君之剑1级",
	"EffectType" : 28,
	"ResParams" : "T4_skill_eff_fish_1a,T4_skill_eff_fish_1b,1000,600,200,9,3,50",
	"Duration" : 3.5
},
{
	"ID" : 1035,
	"Name" : "仁君之剑2级",
	"EffectType" : 28,
	"ResParams" : "T4_skill_eff_fish_2a,T4_skill_eff_fish_2b,1000,600,200,9,3,50",
	"Duration" : 4.5
},
{
	"ID" : 1036,
	"Name" : "仁君之剑3级",
	"EffectType" : 21,
	"ResParams" : "T4_skill_eff_fish_big,1000,50",
	"Duration" : 3.5
},
{
	"ID" : 2000,
	"Name" : "小游戏专用",
	"EffectType" : 20,
	"ResParams" : "MiniGameEffect,0.4",
	"Duration" : 2
},
{
	"ID" : 2001,
	"Name" : "钻头爆炸",
	"EffectType" : 21,
	"ResParams" : "eff_explosion",
	"Duration" : 1
},
{
	"ID" : 2002,
	"Name" : "闪电链",
	"EffectType" : 14,
	"ResParams" : "100,SP_LightningChain,animation",
	"Duration" : 1.5
},
{
	"ID" : 2003,
	"Name" : "鱼池Switch",
	"EffectType" : 21,
	"ResParams" : "Switching_effect",
	"Duration" : 2.8
},
{
	"ID" : 2004,
	"Name" : "赤蟹霸王",
	"EffectType" : 21,
	"ResParams" : "eff_fish_301,1666,50",
	"Duration" : 5
},
{
	"ID" : 2005,
	"Name" : "九天玄武",
	"EffectType" : 21,
	"ResParams" : "eff_fish_302,1400,50",
	"Duration" : 4.3
},
{
	"ID" : 2006,
	"Name" : "巨鲲",
	"EffectType" : 21,
	"ResParams" : "eff_fish_314",
	"Duration" : 4
},
{
	"ID" : 2007,
	"Name" : "九尾狐妖1",
	"EffectType" : 21,
	"ResParams" : "eff_fish_303",
	"Duration" : 1.5
},
{
	"ID" : 2008,
	"Name" : "九尾狐妖2",
	"EffectType" : 21,
	"ResParams" : "eff_fish_303_bg",
	"Duration" : 1
},
{
	"ID" : 2009,
	"Name" : "九尾狐妖",
	"EffectType" : 29,
	"ResParams" : "2,50,0,2007,2008,1,10,300,2007,2008,-1,-15,1300,2007,2008,1,15,1600,2007,2008,-1,-10,2600,2007,2008,1,10,2900,2007,2008,-1,-15,3900,2007,2008,1,15,4200,2007,2008,-1,-10",
	"Duration" : 6
},
{
	"ID" : 2103,
	"Name" : "吕布的技能tips",
	"EffectType" : 21,
	"ResParams" : "P_skill_name,T3_hero,T3_skill_name,49",
	"Duration" : 1.2
},
{
	"ID" : 2104,
	"Name" : "刘备的技能tips",
	"EffectType" : 21,
	"ResParams" : "P_skill_name,T4_hero,T4_skill_name,50",
	"Duration" : 1.2
},
{
	"ID" : 2105,
	"Name" : "曹操的技能tips",
	"EffectType" : 21,
	"ResParams" : "P_skill_name,T5_hero,T5_skill_name,51",
	"Duration" : 1.2
},
{
	"ID" : 2106,
	"Name" : "孙权的技能tips",
	"EffectType" : 21,
	"ResParams" : "P_skill_name,T6_hero,T6_skill_name,52",
	"Duration" : 1.2
},
{
	"ID" : 2107,
	"Name" : "关羽的技能tips",
	"EffectType" : 21,
	"ResParams" : "P_skill_name,T7_hero,T7_skill_name,53",
	"Duration" : 1.2
},
{
	"ID" : 2108,
	"Name" : "张飞的技能tips",
	"EffectType" : 21,
	"ResParams" : "P_skill_name,T8_hero,T8_skill_name,54",
	"Duration" : 1.2
},
{
	"ID" : 2109,
	"Name" : "赵云的技能tips",
	"EffectType" : 21,
	"ResParams" : "P_skill_name,T9_hero,T9_skill_name,55",
	"Duration" : 1.2
},
{
	"ID" : 2110,
	"Name" : "黄忠的技能tips",
	"EffectType" : 21,
	"ResParams" : "P_skill_name,T10_hero,T10_skill_name,46",
	"Duration" : 1.2
},
{
	"ID" : 2111,
	"Name" : "魏延的技能tips",
	"EffectType" : 21,
	"ResParams" : "P_skill_name,T11_hero,T11_skill_name,47",
	"Duration" : 1.2
},
{
	"ID" : 2112,
	"Name" : "财神的技能tips",
	"EffectType" : 21,
	"ResParams" : "P_skill_name,T12_hero,T12_skill_name,48",
	"Duration" : 1.2
},
{
	"ID" : 3000,
	"Name" : "狂暴烈炎单个",
	"EffectType" : 21,
	"ResParams" : "T7_skill_eff_fish_2",
	"Duration" : 3
},
{
	"ID" : 3003,
	"Name" : "吕布动作1刀光",
	"EffectType" : 21,
	"ResParams" : "T3_skill_eff_fish_1",
	"Duration" : 1
},
{
	"ID" : 3004,
	"Name" : "吕布动作2刀光",
	"EffectType" : 21,
	"ResParams" : "T3_skill_eff_fish_2",
	"Duration" : 1.5
},
{
	"ID" : 3005,
	"Name" : "吕布死亡后动作组合",
	"EffectType" : 23,
	"ResParams" : "SP_T3_std,-150,0,1,T3_std_3_atk_1,3003,1,T3_std_3_atk_2,3004,8,50",
	"Duration" : 7.5
},
{
	"ID" : 3006,
	"Name" : "刘备动作1刀光",
	"EffectType" : 21,
	"ResParams" : "T4_skill_eff_fish_1",
	"Duration" : 1
},
{
	"ID" : 3007,
	"Name" : "刘备的卢马",
	"EffectType" : 21,
	"ResParams" : "T4_skill_eff_fish_2",
	"Duration" : 4.5
},
{
	"ID" : 3008,
	"Name" : "刘备死亡后动作组合",
	"EffectType" : 24,
	"ResParams" : "SP_T4_std,-150,0,T4_std_4_atk,3006,3007,500,6,50",
	"Duration" : 4.5
},
{
	"ID" : 3009,
	"Name" : "张飞动作1刀光",
	"EffectType" : 21,
	"ResParams" : "T8_skill_eff_fish_1",
	"Duration" : 1
},
{
	"ID" : 3010,
	"Name" : "张飞动作2光效",
	"EffectType" : 21,
	"ResParams" : "T8_skill_eff_fish_2",
	"Duration" : 5
},
{
	"ID" : 3011,
	"Name" : "张飞死亡后动作组合",
	"EffectType" : 25,
	"ResParams" : "SP_T8_std,0,0,T8_std_3_atk_1,3009,T8_std_3_atk_2,3010,500,8,50",
	"Duration" : 5
},
{
	"ID" : 3012,
	"Name" : "关羽动作刀光",
	"EffectType" : 21,
	"ResParams" : "T7_skill_eff_fish_1",
	"Duration" : 1.5
},
{
	"ID" : 3013,
	"Name" : "关羽死亡后动作组合",
	"EffectType" : 26,
	"ResParams" : "SP_T7_std,0,0,T7_std_3_atk,3012,500,1012,50",
	"Duration" : 4.5
},
{
	"ID" : 3014,
	"Name" : "吕布武器砸下",
	"EffectType" : 21,
	"ResParams" : "T3_skill_eff_fish_3",
	"Duration" : 3
},
{
	"ID" : 3016,
	"Name" : "张飞蛇矛砸下",
	"EffectType" : 21,
	"ResParams" : "T8_skill_eff_fish_3",
	"Duration" : 3
},
{
	"ID" : 3017,
	"Name" : "赵云闪电劈一下",
	"EffectType" : 21,
	"ResParams" : "T9_skill_eff_fish_1",
	"Duration" : 1.7
},
{
	"ID" : 3018,
	"Name" : "赵云枪斜插屏幕中间",
	"EffectType" : 21,
	"ResParams" : "T9_skill_eff_fish_2",
	"Duration" : 4.4
},
{
	"ID" : 3019,
	"Name" : "赵云3技能第二段",
	"EffectType" : 22,
	"ResParams" : "3017,24,75,800,500,8,0",
	"Duration" : 3.8
},
{
	"ID" : 3020,
	"Name" : "财神元宝雨单个",
	"EffectType" : 21,
	"ResParams" : "T12_skill_eff_fish_1",
	"Duration" : 1.1
},
{
	"ID" : 3021,
	"Name" : "聚宝盆",
	"EffectType" : 21,
	"ResParams" : "T12_skill_eff_fish_2,50",
	"Duration" : 3
},
{
	"ID" : 3022,
	"Name" : "聚宝盆2段",
	"EffectType" : 22,
	"ResParams" : "3020,30,75,800,500,10,0",
	"Duration" : 5
},
{
	"ID" : 3023,
	"Name" : "曹操剑形光炮",
	"EffectType" : 21,
	"ResParams" : "T5_skill_eff_fish_1",
	"Duration" : 1.6
},
{
	"ID" : 3024,
	"Name" : "曹操飞剑",
	"EffectType" : 21,
	"ResParams" : "T5_skill_eff_fish_fly",
	"Duration" : 1.3
},
{
	"ID" : 3025,
	"Name" : "曹操全屏火",
	"EffectType" : 21,
	"ResParams" : "T5_skill_eff_fish_kuang",
	"Duration" : 3.8
},
{
	"ID" : 3026,
	"Name" : "孙权1级刀光",
	"EffectType" : 21,
	"ResParams" : "T6_skill_eff_fish_1",
	"Duration" : 0.95
},
{
	"ID" : 3027,
	"Name" : "孙权2级刀光",
	"EffectType" : 21,
	"ResParams" : "T6_skill_eff_fish_2",
	"Duration" : 0.95
},
{
	"ID" : 3028,
	"Name" : "孙权3级大宝剑插地",
	"EffectType" : 21,
	"ResParams" : "T6_skill_eff_fish_3,50",
	"Duration" : 2.2
},
{
	"ID" : 3029,
	"Name" : "孙权3级刀光",
	"EffectType" : 22,
	"ResParams" : "3027,15,150,0,0,5,50,30,-100",
	"Duration" : 4.5
},
{
	"ID" : 3030,
	"Name" : "魏延1级炸弹",
	"EffectType" : 21,
	"ResParams" : "T11_skill_eff_fish_1",
	"Duration" : 1
},
{
	"ID" : 3031,
	"Name" : "魏延2级炸弹",
	"EffectType" : 21,
	"ResParams" : "T11_skill_eff_fish_2",
	"Duration" : 1.6
},
{
	"ID" : 3032,
	"Name" : "魏延3级大炸弹",
	"EffectType" : 21,
	"ResParams" : "T11_skill_eff_fish_3,50",
	"Duration" : 4.2
},
{
	"ID" : 3033,
	"Name" : "魏延3级2段",
	"EffectType" : 22,
	"ResParams" : "3031,5,1000,0,0,1,0",
	"Duration" : 7
},
{
	"ID" : 3034,
	"Name" : "黄忠箭雨单个",
	"EffectType" : 21,
	"ResParams" : "T10_skill_eff_fish_1",
	"Duration" : 1.4
},
{
	"ID" : 3035,
	"Name" : "黄忠凤凰",
	"EffectType" : 21,
	"ResParams" : "T10_skill_eff_fish_fly",
	"Duration" : 3
},
{
	"ID" : 3036,
	"Name" : "黄忠全屏火",
	"EffectType" : 21,
	"ResParams" : "T10_skill_eff_fish_kuang",
	"Duration" : 5
},
{
	"ID" : 4001,
	"Name" : "微量核弹",
	"EffectType" : 21,
	"ResParams" : "eff_nuclear_1,2999,50",
	"Duration" : 3
},
{
	"ID" : 4002,
	"Name" : "轻量核弹",
	"EffectType" : 21,
	"ResParams" : "eff_nuclear_2,2999,50",
	"Duration" : 3
},
{
	"ID" : 4003,
	"Name" : "巨型核弹",
	"EffectType" : 21,
	"ResParams" : "eff_nuclear_3,2999,50",
	"Duration" : 3
},
{
	"ID" : 4004,
	"Name" : "“邱小姐”核弹",
	"EffectType" : 21,
	"ResParams" : "eff_nuclear_4,2999,50",
	"Duration" : 3
},
{
	"ID" : 21,
	"Name" : "boss死亡全屏效果",
	"EffectType" : 1,
	"ResParams" : "dead_ani_3_1,Animation1",
	"Duration" : 1
}
]