[{"ID" : 0,"Type" : 0,"Icon" : "","SmallIcon" : "","AniIndex" : 0,"AniCount" : 0},{"ID" : 1,"Type" : 1,"Icon" : "ChatCenter/emotion/img_emotion_1","SmallIcon" : "ChatCenter/emotion/emotion_small24/img_emotion24_1.png","AniIndex" : 1,"AniCount" : 9},{"ID" : 2,"Type" : 1,"Icon" : "ChatCenter/emotion/img_emotion_2","SmallIcon" : "ChatCenter/emotion/emotion_small24/img_emotion24_2.png","AniIndex" : 2,"AniCount" : 9},{"ID" : 3,"Type" : 1,"Icon" : "ChatCenter/emotion/img_emotion_3","SmallIcon" : "ChatCenter/emotion/emotion_small24/img_emotion24_3.png","AniIndex" : 3,"AniCount" : 12},{"ID" : 4,"Type" : 1,"Icon" : "ChatCenter/emotion/img_emotion_4","SmallIcon" : "ChatCenter/emotion/emotion_small24/img_emotion24_4.png","AniIndex" : 4,"AniCount" : 9},{"ID" : 5,"Type" : 1,"Icon" : "ChatCenter/emotion/img_emotion_5","SmallIcon" : "ChatCenter/emotion/emotion_small24/img_emotion24_5.png","AniIndex" : 5,"AniCount" : 9},{"ID" : 6,"Type" : 1,"Icon" : "ChatCenter/emotion/img_emotion_6","SmallIcon" : "ChatCenter/emotion/emotion_small24/img_emotion24_6.png","AniIndex" : 6,"AniCount" : 9},{"ID" : 7,"Type" : 1,"Icon" : "ChatCenter/emotion/img_emotion_7","SmallIcon" : "ChatCenter/emotion/emotion_small24/img_emotion24_7.png","AniIndex" : 7,"AniCount" : 9},{"ID" : 8,"Type" : 1,"Icon" : "ChatCenter/emotion/img_emotion_8","SmallIcon" : "ChatCenter/emotion/emotion_small24/img_emotion24_8.png","AniIndex" : 8,"AniCount" : 15},{"ID" : 9,"Type" : 1,"Icon" : "ChatCenter/emotion/img_emotion_9","SmallIcon" : "ChatCenter/emotion/emotion_small24/img_emotion24_9.png","AniIndex" : 9,"AniCount" : 9}]