[
{
	"ProductName" : "", 
	"Name" : "", 
	"ShowItem" : "", 
	"LootID" : 0, 
	"Type" : 0, 
	"SubType" : 0, 
	"Price" : "", 
	"DiamondPrice" : 0, 
	"GoldPrice" : 0, 
	"IsRecommend" : 0, 
	"Stock" : -1, 
	"IsHot" : 0, 
	"MailType" : 0, 
	"DailyLimit" : 0
},
{
	"ProductName" : "1",
	"Name" : "英雄之魂",
	"ShowItem" : "11601004,40",
	"LootID" : 10000090,
	"Type" : 2,
	"DiamondPrice" : 200,
	"DailyLimit" : 3
},
{
	"ProductName" : "2",
	"Name" : "英雄之魂",
	"ShowItem" : "11601004,200",
	"LootID" : 10000091,
	"Type" : 2,
	"DiamondPrice" : 1000,
	"DailyLimit" : 3
},
{
	"ProductName" : "3",
	"Name" : "吕布之魂",
	"ShowItem" : "11601005,200",
	"LootID" : 10000092,
	"Type" : 2,
	"DiamondPrice" : 2000,
	"DailyLimit" : 3
},
{
	"ProductName" : "4",
	"Name" : "闪耀石",
	"ShowItem" : "11501041,10",
	"LootID" : 10130234,
	"Type" : 2,
	"DiamondPrice" : 200,
	"DailyLimit" : 2
},
{
	"ProductName" : "5",
	"Name" : "法宝",
	"ShowItem" : "11701001,1",
	"LootID" : 10130235,
	"Type" : 2,
	"DiamondPrice" : 100,
	"DailyLimit" : 1
},
{
	"ProductName" : "51",
	"Name" : "200英雄之魂",
	"ShowItem" : "11601004,200",
	"LootID" : 10000091,
	"Type" : 3,
	"Price" : "11901004,600",
	"IsRecommend" : 1,
	"DailyLimit" : 2
},
{
	"ProductName" : "52",
	"Name" : "200吕布之魂",
	"ShowItem" : "11601005,200",
	"LootID" : 10000092,
	"Type" : 3,
	"Price" : "11901004,1200",
	"IsRecommend" : 1,
	"DailyLimit" : 2
},
{
	"ProductName" : "53",
	"Name" : "5爱慕之心",
	"ShowItem" : "11601006,5",
	"LootID" : 10000098,
	"Type" : 3,
	"Price" : "11901004,2500",
	"DailyLimit" : 1
},
{
	"ProductName" : "54",
	"Name" : "50*5分钟加速卡",
	"ShowItem" : "11601101,50",
	"LootID" : 10000099,
	"Type" : 3,
	"Price" : "11901004,300",
	"DailyLimit" : 1
},
{
	"ProductName" : "55",
	"Name" : "50*30分钟加速卡",
	"ShowItem" : "11601102,50",
	"LootID" : 10000100,
	"Type" : 3,
	"Price" : "11901004,1500",
	"DailyLimit" : 1
},
{
	"ProductName" : "56",
	"Name" : "核弹兑换-升星石",
	"ShowItem" : "11501000,200",
	"LootID" : 10130236,
	"Type" : 3,
	"Price" : "11901004,200",
	"DailyLimit" : 2
},
{
	"ProductName" : "57",
	"Name" : "核弹兑换-英雄帖",
	"ShowItem" : "10101082,10",
	"LootID" : 10130237,
	"Type" : 3,
	"Price" : "11901004,300",
	"DailyLimit" : 2
},
{
	"ProductName" : "107",
	"Name" : "竞技场兑换-合金外壳*100",
	"ShowItem" : "11601007,100",
	"LootID" : 10130108,
	"Type" : 4,
	"Price" : "10101061,1500",
	"DailyLimit" : 10
},
{
	"ProductName" : "108",
	"Name" : "竞技场兑换-合金外壳*2000",
	"ShowItem" : "11601007,2000",
	"LootID" : 10130109,
	"Type" : 4,
	"Price" : "10101061,30000",
	"IsRecommend" : 1,
	"DailyLimit" : 5
},
{
	"ProductName" : "109",
	"Name" : "竞技场兑换-恶魔之翼碎片",
	"ShowItem" : "11301001,20",
	"LootID" : 10130225,
	"Type" : 4,
	"Price" : "10101061,1000",
	"DailyLimit" : 1
},
{
	"ProductName" : "110",
	"Name" : "竞技场兑换-天使之翼碎片",
	"ShowItem" : "11301013,20",
	"LootID" : 10130226,
	"Type" : 4,
	"Price" : "10101061,1000",
	"DailyLimit" : 1
},
{
	"ProductName" : "111",
	"Name" : "竞技场兑换-玉追碎片",
	"ShowItem" : "11301002,20",
	"LootID" : 10130227,
	"Type" : 4,
	"Price" : "10101061,4000",
	"DailyLimit" : 1
},
{
	"ProductName" : "112",
	"Name" : "竞技场兑换-赤兔碎片",
	"ShowItem" : "11301003,20",
	"LootID" : 10130228,
	"Type" : 4,
	"Price" : "10101061,4000",
	"DailyLimit" : 1
},
{
	"ProductName" : "113",
	"Name" : "竞技场兑换-燎原碎片",
	"ShowItem" : "11301004,20",
	"LootID" : 10130229,
	"Type" : 4,
	"Price" : "10101061,4000",
	"DailyLimit" : 1
},
{
	"ProductName" : "114",
	"Name" : "竞技场兑换-乌雅碎片",
	"ShowItem" : "11301005,20",
	"LootID" : 10130230,
	"Type" : 4,
	"Price" : "10101061,4000",
	"DailyLimit" : 1
},
{
	"ProductName" : "115",
	"Name" : "竞技场兑换-玉狮碎片",
	"ShowItem" : "11301006,20",
	"LootID" : 10130231,
	"Type" : 4,
	"Price" : "10101061,4000",
	"DailyLimit" : 1
},
{
	"ProductName" : "205",
	"Name" : "鱼潮兑换-羽之精粹",
	"ShowItem" : "11601001,500",
	"LootID" : 10130232,
	"Type" : 5,
	"Price" : "10101062,25000",
	"DailyLimit" : 2
},
{
	"ProductName" : "206",
	"Name" : "鱼潮兑换-英雄帖",
	"ShowItem" : "10101082,5",
	"LootID" : 10130233,
	"Type" : 5,
	"Price" : "10101062,30000",
	"DailyLimit" : 1
},
{
	"ProductName" : "21",
	"Name" : "Charge_Gold1",
	"ShowItem" : "10101002,200000",
	"LootID" : 10110021,
	"Type" : 101,
	"DiamondPrice" : 20
},
{
	"ProductName" : "22",
	"Name" : "Charge_Gold2",
	"ShowItem" : "10101003,600000",
	"LootID" : 10110022,
	"Type" : 101,
	"DiamondPrice" : 60
},
{
	"ProductName" : "23",
	"Name" : "Charge_Gold3",
	"ShowItem" : "10101004,1000000",
	"LootID" : 10110023,
	"Type" : 101,
	"DiamondPrice" : 100
},
{
	"ProductName" : "24",
	"Name" : "Charge_Gold4",
	"ShowItem" : "10101005,2000000",
	"LootID" : 10110024,
	"Type" : 101,
	"DiamondPrice" : 200
},
{
	"ProductName" : "25",
	"Name" : "Charge_Gold5",
	"ShowItem" : "10101006,5000000",
	"LootID" : 10110025,
	"Type" : 101,
	"DiamondPrice" : 500
},
{
	"ProductName" : "26",
	"Name" : "Charge_Gold6",
	"ShowItem" : "10101007,8000000",
	"LootID" : 10110026,
	"Type" : 101,
	"DiamondPrice" : 800
},
{
	"ProductName" : "27",
	"Name" : "Charge_Gold5",
	"ShowItem" : "10101008,20000000",
	"LootID" : 10110027,
	"Type" : 101,
	"DiamondPrice" : 2000
},
{
	"ProductName" : "28",
	"Name" : "Charge_Gold6",
	"ShowItem" : "10101009,50000000",
	"LootID" : 10110028,
	"Type" : 101,
	"DiamondPrice" : 5000
},
{
	"ProductName" : "310",
	"Name" : "英雄之魂",
	"ShowItem" : "11601004,2",
	"LootID" : 10000086,
	"Type" : 102,
	"SubType" : 6,
	"Price" : "11601005,1",
	"DailyLimit" : 0
},
{
	"ProductName" : "311",
	"Name" : "爱慕之心",
	"ShowItem" : "11601006,1",
	"LootID" : 10000087,
	"Type" : 102,
	"SubType" : 7,
	"Price" : "11601005,100",
	"DailyLimit" : 0
},
{
	"ProductName" : "312",
	"Name" : "英雄之魂",
	"ShowItem" : "11601004,20",
	"LootID" : 10000088,
	"Type" : 102,
	"SubType" : 6,
	"Price" : "11601005,10",
	"DailyLimit" : 0
},
{
	"ProductName" : "313",
	"Name" : "爱慕之心",
	"ShowItem" : "11601006,10",
	"LootID" : 10000089,
	"Type" : 102,
	"SubType" : 7,
	"Price" : "11601005,1000",
	"DailyLimit" : 0
},
{
	"ProductName" : "1001",
	"Name" : "新年头像框",
	"ShowItem" : "10201203,1",
	"LootID" : 10130208,
	"Type" : 103,
	"Price" : "10101081,1000",
	"DailyLimit" : 1
},
{
	"ProductName" : "1002",
	"Name" : "新年资产面板",
	"ShowItem" : "10203004,1",
	"LootID" : 10130209,
	"Type" : 103,
	"Price" : "10101081,1000",
	"DailyLimit" : 1
},
{
	"ProductName" : "1003",
	"Name" : "鞭炮子弹",
	"ShowItem" : "11302003,1",
	"LootID" : 10130210,
	"Type" : 103,
	"Price" : "10101081,1000",
	"DailyLimit" : 1
},
{
	"ProductName" : "1004",
	"Name" : "英雄自选礼包",
	"ShowItem" : "12101001,1",
	"LootID" : 10130211,
	"Type" : 103,
	"Price" : "10101081,1000",
	"DailyLimit" : 5
},
{
	"ProductName" : "1005",
	"Name" : "翅膀自选礼包",
	"ShowItem" : "12101101,1",
	"LootID" : 10130212,
	"Type" : 103,
	"Price" : "10101081,2000",
	"DailyLimit" : 5
},
{
	"ProductName" : "1006",
	"Name" : "合金外壳",
	"ShowItem" : "11601007,100",
	"LootID" : 10130213,
	"Type" : 103,
	"Price" : "10101081,100",
	"DailyLimit" : 5
},
{
	"ProductName" : "1007",
	"Name" : "赏金令牌",
	"ShowItem" : "11601003,20",
	"LootID" : 10130214,
	"Type" : 103,
	"Price" : "10101081,200",
	"DailyLimit" : 5
},
{
	"ProductName" : "1008",
	"Name" : "“盘古”核弹",
	"ShowItem" : "11901004,50",
	"LootID" : 10130215,
	"Type" : 103,
	"Price" : "10101081,500",
	"DailyLimit" : 5
},
{
	"ProductName" : "1009",
	"Name" : "倍率重置卡",
	"ShowItem" : "11601002,1",
	"LootID" : 10130216,
	"Type" : 103,
	"Price" : "10101081,100",
	"DailyLimit" : 5
},
{
	"ProductName" : "1010",
	"Name" : "召唤号角",
	"ShowItem" : "11401008,10",
	"LootID" : 10130217,
	"Type" : 103,
	"Price" : "10101081,200",
	"DailyLimit" : 5
},
{
	"ProductName" : "1011",
	"Name" : "5分钟加速卡",
	"ShowItem" : "11601101,20",
	"LootID" : 10130218,
	"Type" : 103,
	"Price" : "10101081,50",
	"DailyLimit" : 10
},
{
	"ProductName" : "1012",
	"Name" : "30分钟加速卡",
	"ShowItem" : "11601102,10",
	"LootID" : 10130219,
	"Type" : 103,
	"Price" : "10101081,150",
	"DailyLimit" : 10
},
{
	"ProductName" : "1013",
	"Name" : "1小时加速卡",
	"ShowItem" : "11601103,5",
	"LootID" : 10130220,
	"Type" : 103,
	"Price" : "10101081,150",
	"DailyLimit" : 5
},
{
	"ProductName" : "1014",
	"Name" : "宝藏卷轴",
	"ShowItem" : "10101080,200",
	"LootID" : 10130221,
	"Type" : 103,
	"Price" : "10101081,50",
	"DailyLimit" : 30
},
{
	"ProductName" : "1015",
	"Name" : "超级武器试用-默认",
	"ShowItem" : "11401101,1",
	"LootID" : 10130222,
	"Type" : 103,
	"Price" : "10101081,100",
	"DailyLimit" : 10
},
{
	"ProductName" : "1016",
	"Name" : "超级武器试用-鞭炮",
	"ShowItem" : "11401102,1",
	"LootID" : 10130223,
	"Type" : 103,
	"Price" : "10101081,100",
	"DailyLimit" : 10
}
]