[
{
	"ID" : 0, 
	"Name" : "", 
	"Type" : 0, 
	"Param" : ""
},
{
	"ID" : 1,
	"Name" : "延迟鱼阵",
	"Type" : 1,
	"Param" : "0,0,0,100,100,1,1000,5"
},
{
	"ID" : 2,
	"Name" : "圆型扩散鱼阵",
	"Type" : 2,
	"Param" : "640,360,20,1,20,-1,-1,80"
},
{
	"ID" : 3,
	"Name" : "圆形鱼阵",
	"Type" : 3,
	"Param" : "0,360,100,1,20,-1,-1,0,100,0"
},
{
	"ID" : 4,
	"Name" : "圆形旋转鱼阵",
	"Type" : 4,
	"Param" : "640,360,200,1,20,-1,-1,60,6,100"
},
{
	"ID" : 5,
	"Name" : "线条鱼阵",
	"Type" : 5,
	"Param" : "100,100,1180,100,1,20,3,5000,0,100"
},
{
	"ID" : 6,
	"Name" : "线条间隔鱼阵",
	"Type" : 6,
	"Param" : "100,-100,580,-100,4,1,8,0,100,300,3000,10000"
},
{
	"ID" : 7,
	"Name" : "圆形随机鱼阵",
	"Type" : 7,
	"Param" : "640,360,6,15,200,1,30,100,1"
},
{
	"ID" : 8,
	"Name" : "固定鱼阵",
	"Type" : 8,
	"Param" : "100,0,0,360,1,-100,260,1,-100,460,1"
},
{
	"ID" : 9,
	"Name" : "组合鱼阵",
	"Type" : 10,
	"Param" : "0,4,0,3,1000,4"
},
{
	"ID" : 10,
	"Name" : "红鱼扩散1",
	"Type" : 10,
	"Param" : "0,11,1200,12,1200,13"
},
{
	"ID" : 11,
	"Name" : "红鱼扩散11",
	"Type" : 2,
	"Param" : "640,360,20,1,40,-1,-1,80"
},
{
	"ID" : 12,
	"Name" : "红鱼扩散12",
	"Type" : 2,
	"Param" : "640,360,20,1,40,-1,-1,80"
},
{
	"ID" : 13,
	"Name" : "红鱼扩散13",
	"Type" : 2,
	"Param" : "640,360,20,1,40,-10,29,80"
},
{
	"ID" : 20,
	"Name" : "红鱼扩散1",
	"Type" : 10,
	"Param" : "0,21,1200,22,1200,23"
},
{
	"ID" : 21,
	"Name" : "红鱼扩散11",
	"Type" : 2,
	"Param" : "640,360,20,2,40,-1,-1,80"
},
{
	"ID" : 22,
	"Name" : "红鱼扩散12",
	"Type" : 2,
	"Param" : "640,360,20,2,40,-1,-1,80"
},
{
	"ID" : 23,
	"Name" : "红鱼扩散13",
	"Type" : 2,
	"Param" : "640,360,20,2,40,-10,30,80"
},
{
	"ID" : 30,
	"Name" : "红鱼扩散1",
	"Type" : 10,
	"Param" : "0,31,1200,32,1200,33"
},
{
	"ID" : 31,
	"Name" : "红鱼扩散11",
	"Type" : 2,
	"Param" : "640,360,20,3,32,-1,-1,80"
},
{
	"ID" : 32,
	"Name" : "红鱼扩散12",
	"Type" : 2,
	"Param" : "640,360,20,3,32,-1,-1,80"
},
{
	"ID" : 33,
	"Name" : "红鱼扩散13",
	"Type" : 2,
	"Param" : "640,360,20,3,32,-10,31,80"
},
{
	"ID" : 40,
	"Name" : "红鱼扩散1",
	"Type" : 10,
	"Param" : "0,41,1200,42,1200,43"
},
{
	"ID" : 41,
	"Name" : "红鱼扩散11",
	"Type" : 2,
	"Param" : "640,360,20,4,16,-1,-1,80"
},
{
	"ID" : 42,
	"Name" : "红鱼扩散12",
	"Type" : 2,
	"Param" : "640,360,20,4,16,-1,-1,80"
},
{
	"ID" : 43,
	"Name" : "红鱼扩散13",
	"Type" : 2,
	"Param" : "640,360,20,4,16,-10,32,80"
},
{
	"ID" : 50,
	"Name" : "红鱼扩散1",
	"Type" : 10,
	"Param" : "0,51,1200,52,1200,53"
},
{
	"ID" : 51,
	"Name" : "红鱼扩散11",
	"Type" : 2,
	"Param" : "640,360,20,5,12,-1,-1,80"
},
{
	"ID" : 52,
	"Name" : "红鱼扩散12",
	"Type" : 2,
	"Param" : "640,360,20,5,12,-1,-1,80"
},
{
	"ID" : 53,
	"Name" : "红鱼扩散13",
	"Type" : 2,
	"Param" : "640,360,20,5,12,-10,33,80"
},
{
	"ID" : 60,
	"Name" : "红鱼扩散1",
	"Type" : 10,
	"Param" : "0,61,1200,62,1200,63"
},
{
	"ID" : 61,
	"Name" : "红鱼扩散11",
	"Type" : 2,
	"Param" : "640,360,20,6,10,-1,-1,80"
},
{
	"ID" : 62,
	"Name" : "红鱼扩散12",
	"Type" : 2,
	"Param" : "640,360,20,6,10,-1,-1,80"
},
{
	"ID" : 63,
	"Name" : "红鱼扩散13",
	"Type" : 2,
	"Param" : "640,360,20,6,10,-10,34,80"
},
{
	"ID" : 100,
	"Name" : "1号鱼阵",
	"Type" : 10,
	"Param" : "0,101,1000,102,1000,103,1500,104,1500,105,1500,106"
},
{
	"ID" : 101,
	"Name" : "1号鱼阵1",
	"Type" : 2,
	"Param" : "640,360,20,2,50,-1,-1,70"
},
{
	"ID" : 102,
	"Name" : "1号鱼阵2",
	"Type" : 2,
	"Param" : "640,360,20,3,40,-1,-1,70"
},
{
	"ID" : 103,
	"Name" : "1号鱼阵3",
	"Type" : 2,
	"Param" : "640,360,20,5,30,-1,-1,70"
},
{
	"ID" : 104,
	"Name" : "1号鱼阵4",
	"Type" : 2,
	"Param" : "640,360,20,6,20,-1,-1,70"
},
{
	"ID" : 105,
	"Name" : "1号鱼阵5",
	"Type" : 2,
	"Param" : "640,360,20,15,10,-1,-1,70"
},
{
	"ID" : 106,
	"Name" : "1号鱼阵6",
	"Type" : 2,
	"Param" : "640,360,20,20,4,-1,-1,50"
},
{
	"ID" : 700,
	"Name" : "7号鱼阵",
	"Type" : 10,
	"Param" : "0,701,6000,702,6000,703"
},
{
	"ID" : 701,
	"Name" : "7号鱼阵1",
	"Type" : 7,
	"Param" : "640,360,6,15,200,1,30,100,1001"
},
{
	"ID" : 702,
	"Name" : "7号鱼阵2",
	"Type" : 7,
	"Param" : "640,360,6,15,200,1,30,100,1002"
},
{
	"ID" : 703,
	"Name" : "7号鱼阵3",
	"Type" : 7,
	"Param" : "640,360,6,15,200,1,20,100,1006"
},
{
	"ID" : 200,
	"Name" : "2号鱼阵",
	"Type" : 10,
	"Param" : "0,201,0,202,0,203,0,204,0,205"
},
{
	"ID" : 201,
	"Name" : "2号鱼阵1",
	"Type" : 4,
	"Param" : "640,360,1,22,1,-1,-1,50,24,100"
},
{
	"ID" : 202,
	"Name" : "2号鱼阵2",
	"Type" : 4,
	"Param" : "640,360,300,1,30,-1,-1,50,24,200"
},
{
	"ID" : 203,
	"Name" : "2号鱼阵3",
	"Type" : 4,
	"Param" : "640,360,250,1,20,1,29,50,24,180"
},
{
	"ID" : 204,
	"Name" : "2号鱼阵4",
	"Type" : 4,
	"Param" : "640,360,200,2,15,-1,-1,50,24,150"
},
{
	"ID" : 205,
	"Name" : "2号鱼阵5",
	"Type" : 4,
	"Param" : "640,360,150,4,12,1,32,40,24,120"
},
{
	"ID" : 300,
	"Name" : "3号鱼阵",
	"Type" : 10,
	"Param" : "0,301,0,302,0,303,0,304,0,305,8000,306,0,307,0,308,0,309,0,310"
},
{
	"ID" : 301,
	"Name" : "3号鱼阵1",
	"Type" : 3,
	"Param" : "-400,360,1,20,1,-1,-1,0,100,0"
},
{
	"ID" : 302,
	"Name" : "3号鱼阵2",
	"Type" : 3,
	"Param" : "-400,360,350,1,60,-1,-1,0,100,0"
},
{
	"ID" : 303,
	"Name" : "3号鱼阵3",
	"Type" : 3,
	"Param" : "-400,360,250,2,40,1,30,0,100,0"
},
{
	"ID" : 304,
	"Name" : "3号鱼阵4",
	"Type" : 3,
	"Param" : "-400,360,180,3,20,-1,-1,0,100,0"
},
{
	"ID" : 305,
	"Name" : "3号鱼阵5",
	"Type" : 3,
	"Param" : "-400,360,80,5,15,1,33,0,100,0"
},
{
	"ID" : 306,
	"Name" : "3号鱼阵6",
	"Type" : 3,
	"Param" : "-400,360,1,21,1,-1,-1,0,100,0"
},
{
	"ID" : 307,
	"Name" : "3号鱼阵7",
	"Type" : 3,
	"Param" : "-400,360,350,3,60,-1,-1,0,100,0"
},
{
	"ID" : 308,
	"Name" : "3号鱼阵8",
	"Type" : 3,
	"Param" : "-400,360,250,3,40,1,31,0,100,0"
},
{
	"ID" : 309,
	"Name" : "3号鱼阵9",
	"Type" : 3,
	"Param" : "-400,360,180,4,20,-1,-1,0,100,0"
},
{
	"ID" : 310,
	"Name" : "3号鱼阵10",
	"Type" : 3,
	"Param" : "-400,360,80,4,15,1,32,0,100,0"
},
{
	"ID" : 600,
	"Name" : "6号鱼阵",
	"Type" : 10,
	"Param" : "0,601,0,602,1000,603,12000,603"
},
{
	"ID" : 601,
	"Name" : "6号鱼阵1",
	"Type" : 5,
	"Param" : "20,-100,1280,-100,1,30,8,3000,0,100"
},
{
	"ID" : 602,
	"Name" : "6号鱼阵2",
	"Type" : 5,
	"Param" : "35,820,1295,820,1,30,8,3000,0,-100"
},
{
	"ID" : 603,
	"Name" : "6号鱼阵3",
	"Type" : 8,
	"Param" : "100,0,-200,360,20,-350,510,21,-350,210,21,-500,660,22,-500,60,22"
},
{
	"ID" : 500,
	"Name" : "5号鱼阵",
	"Type" : 10,
	"Param" : "0,501,0,502,1000,503,1000,504"
},
{
	"ID" : 501,
	"Name" : "5号鱼阵1",
	"Type" : 6,
	"Param" : "10,-100,1280,-100,4,1,8,0,100,300,2000,50000"
},
{
	"ID" : 502,
	"Name" : "5号鱼阵2",
	"Type" : 6,
	"Param" : "10,820,1280,820,4,1,8,0,-100,300,2000,50000"
},
{
	"ID" : 503,
	"Name" : "5号鱼阵3",
	"Type" : 1,
	"Param" : "0,-100,200,100,0,19,4000,2,20,4000,2,21,4000,2,22,4000,2,19,4000,2,20,4000,2"
},
{
	"ID" : 504,
	"Name" : "5号鱼阵4",
	"Type" : 1,
	"Param" : "0,1380,520,-100,0,19,4000,2,20,4000,2,21,4000,2,22,4000,2,19,4000,2,20,4000,2"
},
{
	"ID" : 1001,
	"Name" : "群鱼鱼阵",
	"Type" : 9,
	"Param" : "1,80,10,0,100,0,-100,0,50,86"
},
{
	"ID" : 1002,
	"Name" : "群鱼鱼阵",
	"Type" : 9,
	"Param" : "2,100,-10,0,100,0,-100,0,50,86,-50,86"
},
{
	"ID" : 1003,
	"Name" : "群鱼鱼阵",
	"Type" : 9,
	"Param" : "3,120,0,0,100,0,-100,0,50,86,-50,86"
},
{
	"ID" : 1004,
	"Name" : "群鱼鱼阵",
	"Type" : 9,
	"Param" : "4,150,0,0,100,0,-100,0,50,86"
},
{
	"ID" : 10000,
	"Name" : "海盗秘境",
	"Type" : 8,
	"Param" : "50,0,0,360,23"
},
{
	"ID" : 1005,
	"Name" : "延迟鱼阵",
	"Type" : 1,
	"Param" : "0,0,0,100,100,2,1000,3"
},
{
	"ID" : 1006,
	"Name" : "延迟鱼阵",
	"Type" : 1,
	"Param" : "0,0,0,100,100,3,1000,4"
},
{
	"ID" : 1007,
	"Name" : "延迟鱼阵",
	"Type" : 1,
	"Param" : "0,0,0,100,100,4,1000,3"
},
{
	"ID" : 1008,
	"Name" : "延迟鱼阵",
	"Type" : 1,
	"Param" : "0,0,0,100,100,5,1000,4"
},
{
	"ID" : 1009,
	"Name" : "延迟鱼阵",
	"Type" : 1,
	"Param" : "0,0,0,100,100,6,1000,3"
},
{
	"ID" : 1010,
	"Name" : "延迟鱼阵",
	"Type" : 1,
	"Param" : "0,0,0,100,100,11,1000,3"
},
{
	"ID" : 2010,
	"Name" : "BOSS金蟾",
	"Type" : 10,
	"Param" : "0,2011,0,2012,0,2013"
},
{
	"ID" : 2011,
	"Name" : "BOSS金蟾1",
	"Type" : 3,
	"Param" : "-400,360,1,41,1,-1,-1,0,50,0"
},
{
	"ID" : 2012,
	"Name" : "BOSS金蟾2",
	"Type" : 3,
	"Param" : "-400,360,350,1,60,-1,-1,0,50,0"
},
{
	"ID" : 2013,
	"Name" : "BOSS金蟾3",
	"Type" : 3,
	"Param" : "-400,360,250,2,40,1,30,0,50,0"
},
{
	"ID" : 900,
	"Name" : "9号鱼阵",
	"Type" : 10,
	"Param" : "0,901,0,902,0,903,0,904"
},
{
	"ID" : 901,
	"Name" : "9号鱼阵1",
	"Type" : 4,
	"Param" : "640,360,1,1041,1,-1,-1,50,24,100"
},
{
	"ID" : 902,
	"Name" : "9号鱼阵2",
	"Type" : 4,
	"Param" : "640,360,350,1001,30,10,1029,50,24,200"
},
{
	"ID" : 903,
	"Name" : "9号鱼阵3",
	"Type" : 4,
	"Param" : "640,360,300,1004,25,1,1032,50,24,200"
},
{
	"ID" : 904,
	"Name" : "9号鱼阵4",
	"Type" : 4,
	"Param" : "640,360,250,1006,20,-1,-1,50,24,200"
},
{
	"ID" : 800,
	"Name" : "8号鱼阵",
	"Type" : 10,
	"Param" : "0,801,0,802,1000,803,12000,804"
},
{
	"ID" : 801,
	"Name" : "8号鱼阵1",
	"Type" : 5,
	"Param" : "20,-100,1280,-100,1002,30,8,3000,0,100"
},
{
	"ID" : 802,
	"Name" : "8号鱼阵2",
	"Type" : 5,
	"Param" : "35,820,1295,820,1001,30,8,3000,0,-100"
},
{
	"ID" : 803,
	"Name" : "8号鱼阵3",
	"Type" : 8,
	"Param" : "100,0,-200,360,1020,-350,510,1019,-350,210,1019,-500,660,1020,-500,60,1020"
},
{
	"ID" : 804,
	"Name" : "8号鱼阵4",
	"Type" : 8,
	"Param" : "100,0,-200,360,1022,-350,510,1021,-350,210,1021,-500,660,1022,-500,60,1022"
},
{
	"ID" : 1100,
	"Name" : "10号鱼阵",
	"Type" : 10,
	"Param" : "0,1101,1000,1102,1000,1103,1500,1104,1500,1105,1500,1106"
},
{
	"ID" : 1101,
	"Name" : "10号鱼阵1",
	"Type" : 2,
	"Param" : "640,360,20,1001,50,-1,-1,70"
},
{
	"ID" : 1102,
	"Name" : "10号鱼阵2",
	"Type" : 2,
	"Param" : "640,360,20,1003,40,-1,-1,70"
},
{
	"ID" : 1103,
	"Name" : "10号鱼阵3",
	"Type" : 2,
	"Param" : "640,360,20,1005,30,-1,-1,70"
},
{
	"ID" : 1104,
	"Name" : "10号鱼阵4",
	"Type" : 2,
	"Param" : "640,360,20,1006,20,-1,-1,70"
},
{
	"ID" : 1105,
	"Name" : "10号鱼阵5",
	"Type" : 2,
	"Param" : "640,360,20,1011,10,-1,-1,70"
},
{
	"ID" : 1106,
	"Name" : "10号鱼阵6",
	"Type" : 2,
	"Param" : "640,360,20,1013,4,-1,-1,50"
},
{
	"ID" : 1200,
	"Name" : "11号鱼阵",
	"Type" : 10,
	"Param" : "0,1201,0,1202,0,1203,0,1204"
},
{
	"ID" : 1201,
	"Name" : "11号鱼阵1",
	"Type" : 4,
	"Param" : "640,360,1,1020,1,-1,-1,50,24,100"
},
{
	"ID" : 1202,
	"Name" : "11号鱼阵2",
	"Type" : 4,
	"Param" : "640,360,300,1001,30,20,1029,50,24,200"
},
{
	"ID" : 1203,
	"Name" : "11号鱼阵3",
	"Type" : 4,
	"Param" : "640,360,260,1002,20,1,1030,50,24,180"
},
{
	"ID" : 1204,
	"Name" : "11号鱼阵4",
	"Type" : 4,
	"Param" : "640,360,200,1005,15,-1,-1,50,24,150"
},
{
	"ID" : 1300,
	"Name" : "12号鱼阵",
	"Type" : 10,
	"Param" : "0,1301,0,1302,0,1303,0,1304,8000,1305,0,1306,0,1307,0,1308"
},
{
	"ID" : 1301,
	"Name" : "12号鱼阵1",
	"Type" : 3,
	"Param" : "-400,360,1,1021,1,-1,-1,0,100,0"
},
{
	"ID" : 1302,
	"Name" : "12号鱼阵2",
	"Type" : 3,
	"Param" : "-400,360,300,1001,50,1,1029,0,100,0"
},
{
	"ID" : 1303,
	"Name" : "12号鱼阵3",
	"Type" : 3,
	"Param" : "-400,360,250,1002,40,-1,-1,0,100,0"
},
{
	"ID" : 1304,
	"Name" : "12号鱼阵4",
	"Type" : 3,
	"Param" : "-400,360,180,1005,20,1,1033,0,100,0"
},
{
	"ID" : 1305,
	"Name" : "12号鱼阵6",
	"Type" : 3,
	"Param" : "-400,360,1,1022,1,-1,-1,0,100,0"
},
{
	"ID" : 1306,
	"Name" : "12号鱼阵7",
	"Type" : 3,
	"Param" : "-400,360,340,1003,50,1,1031,0,100,0"
},
{
	"ID" : 1307,
	"Name" : "12号鱼阵8",
	"Type" : 3,
	"Param" : "-400,360,270,1004,40,-1,-1,0,100,0"
},
{
	"ID" : 1308,
	"Name" : "12号鱼阵9",
	"Type" : 3,
	"Param" : "-400,360,180,1006,20,1,1034,0,100,0"
},
{
	"ID" : 1400,
	"Name" : "13号鱼阵",
	"Type" : 10,
	"Param" : "0,1401,0,1402,1000,1403,12000,1404"
},
{
	"ID" : 1401,
	"Name" : "13号鱼阵1",
	"Type" : 5,
	"Param" : "20,-100,1280,-100,1002,30,8,3000,0,100"
},
{
	"ID" : 1402,
	"Name" : "13号鱼阵2",
	"Type" : 5,
	"Param" : "35,820,1295,820,1001,30,8,3000,0,-100"
},
{
	"ID" : 1403,
	"Name" : "13号鱼阵3",
	"Type" : 8,
	"Param" : "100,0,-200,360,1022,-350,510,1022,-350,210,1022"
},
{
	"ID" : 1404,
	"Name" : "13号鱼阵4",
	"Type" : 8,
	"Param" : "100,0,-200,360,1042"
},
{
	"ID" : 14597,
	"Name" : "上线鱼",
	"Type" : 1,
	"Param" : "0,-50,600,100,0,10151,5000,25"
},
{
	"ID" : 14598,
	"Name" : "下线鱼",
	"Type" : 1,
	"Param" : "0,-50,150,100,0,10151,5000,25"
},
{
	"ID" : 14599,
	"Name" : "鱼接吻和爱心组合",
	"Type" : 10,
	"Param" : "0,14600,10000,14700,10000,14800,10000,14900,10000,14600,10000,14700,10000,14800,10000,14900,10000,14600,10000,14700,10000,14800,10000,14900,10000,14600,10000,14700,10000,14800,10000,14900,10000,14600,10000,14700,10000,14800,10000,14900,10000,14600,10000,14700,10000,14800,10000,14900"
},
{
	"ID" : 14600,
	"Name" : "鱼接吻组合1",
	"Type" : 10,
	"Param" : "0,14601,0,14602,0,14603,0,14604,0,14605,0,14606,0,14607,0,14608,0,14609,0,14610,0,14611,0,14612,0,14613,0,14614,0,14615,0,14616,0,14617,0,14618,0,14619,0,14620,0,14621,0,14622,0,14623,0,14624,0,14625,0,14626,0,14627,0,14628,0,14629,0,14630,0,14631,0,14632,0,14633,0,14634,0,14635,0,14636,0,14637,0,14638,0,14639,0,14640,0,14641,0,14642,0,14643,0,14644,0,14645,0,14646,0,14647,0,14648,0,14649,0,14650,0,14651,0,14652,0,14653,0,14654,0,14655,0,14656,0,14657,0,14658,0,14659,0,14660,0,14661,0,14662,0,14663,0,14664"
},
{
	"ID" : 14601,
	"Name" : "鱼接吻",
	"Type" : 1,
	"Param" : "0,-666,329,100,0,10005,0,1"
},
{
	"ID" : 14602,
	"Name" : "鱼接吻",
	"Type" : 1,
	"Param" : "0,-666,384,100,0,10005,0,1"
},
{
	"ID" : 14603,
	"Name" : "鱼接吻",
	"Type" : 1,
	"Param" : "0,-666,433,100,0,10005,0,1"
},
{
	"ID" : 14604,
	"Name" : "鱼接吻",
	"Type" : 1,
	"Param" : "0,-640,358,100,0,10005,0,1"
},
{
	"ID" : 14605,
	"Name" : "鱼接吻",
	"Type" : 1,
	"Param" : "0,-640,408,100,0,10005,0,1"
},
{
	"ID" : 14606,
	"Name" : "鱼接吻",
	"Type" : 1,
	"Param" : "0,-608,180,100,0,10005,0,1"
},
{
	"ID" : 14607,
	"Name" : "鱼接吻",
	"Type" : 1,
	"Param" : "0,-608,214,100,0,10005,0,1"
},
{
	"ID" : 14608,
	"Name" : "鱼接吻",
	"Type" : 1,
	"Param" : "0,-608,256,100,0,10005,0,1"
},
{
	"ID" : 14609,
	"Name" : "鱼接吻",
	"Type" : 1,
	"Param" : "0,-608,296,100,0,10005,0,1"
},
{
	"ID" : 14610,
	"Name" : "鱼接吻",
	"Type" : 1,
	"Param" : "0,-608,340,100,0,10005,0,1"
},
{
	"ID" : 14611,
	"Name" : "鱼接吻",
	"Type" : 1,
	"Param" : "0,-608,382,100,0,10005,0,1"
},
{
	"ID" : 14612,
	"Name" : "鱼接吻",
	"Type" : 1,
	"Param" : "0,-608,424,100,0,10005,0,1"
},
{
	"ID" : 14613,
	"Name" : "鱼接吻",
	"Type" : 1,
	"Param" : "0,-608,466,100,0,10005,0,1"
},
{
	"ID" : 14614,
	"Name" : "鱼接吻",
	"Type" : 1,
	"Param" : "0,-608,508,100,0,10005,0,1"
},
{
	"ID" : 14615,
	"Name" : "鱼接吻",
	"Type" : 1,
	"Param" : "0,-608,550,100,0,10005,0,1"
},
{
	"ID" : 14616,
	"Name" : "鱼接吻",
	"Type" : 1,
	"Param" : "0,-608,589,100,0,10005,0,1"
},
{
	"ID" : 14617,
	"Name" : "鱼接吻",
	"Type" : 1,
	"Param" : "0,-579,207,100,0,10005,0,1"
},
{
	"ID" : 14618,
	"Name" : "鱼接吻",
	"Type" : 1,
	"Param" : "0,-554,233,100,0,10005,0,1"
},
{
	"ID" : 14619,
	"Name" : "鱼接吻",
	"Type" : 1,
	"Param" : "0,-528,259,100,0,10005,0,1"
},
{
	"ID" : 14620,
	"Name" : "鱼接吻",
	"Type" : 1,
	"Param" : "0,-501,285,100,0,10005,0,1"
},
{
	"ID" : 14621,
	"Name" : "鱼接吻",
	"Type" : 1,
	"Param" : "0,-474,310,100,0,10005,0,1"
},
{
	"ID" : 14622,
	"Name" : "鱼接吻",
	"Type" : 1,
	"Param" : "0,-450,336,100,0,10005,0,1"
},
{
	"ID" : 14623,
	"Name" : "鱼接吻",
	"Type" : 1,
	"Param" : "0,-424,363,100,0,10005,0,1"
},
{
	"ID" : 14624,
	"Name" : "鱼接吻",
	"Type" : 1,
	"Param" : "0,-412,388,100,0,10005,0,1"
},
{
	"ID" : 14625,
	"Name" : "鱼接吻",
	"Type" : 1,
	"Param" : "0,-424,414,100,0,10005,0,1"
},
{
	"ID" : 14626,
	"Name" : "鱼接吻",
	"Type" : 1,
	"Param" : "0,-450,439,100,0,10005,0,1"
},
{
	"ID" : 14627,
	"Name" : "鱼接吻",
	"Type" : 1,
	"Param" : "0,-474,463,100,0,10005,0,1"
},
{
	"ID" : 14628,
	"Name" : "鱼接吻",
	"Type" : 1,
	"Param" : "0,-501,489,100,0,10005,0,1"
},
{
	"ID" : 14629,
	"Name" : "鱼接吻",
	"Type" : 1,
	"Param" : "0,-528,514,100,0,10005,0,1"
},
{
	"ID" : 14630,
	"Name" : "鱼接吻",
	"Type" : 1,
	"Param" : "0,-554,539,100,0,10005,0,1"
},
{
	"ID" : 14631,
	"Name" : "鱼接吻",
	"Type" : 1,
	"Param" : "0,-579,564,100,0,10005,0,1"
},
{
	"ID" : 14632,
	"Name" : "鱼接吻",
	"Type" : 1,
	"Param" : "0,-487,384,100,0,10006,0,1"
},
{
	"ID" : 14633,
	"Name" : "鱼接吻",
	"Type" : 1,
	"Param" : "0,-210,391,100,0,10006,0,1"
},
{
	"ID" : 14634,
	"Name" : "鱼接吻",
	"Type" : 1,
	"Param" : "0,-288,387,100,0,10008,0,1"
},
{
	"ID" : 14635,
	"Name" : "鱼接吻",
	"Type" : 1,
	"Param" : "0,-275,361,100,0,10008,0,1"
},
{
	"ID" : 14636,
	"Name" : "鱼接吻",
	"Type" : 1,
	"Param" : "0,-248,336,100,0,10008,0,1"
},
{
	"ID" : 14637,
	"Name" : "鱼接吻",
	"Type" : 1,
	"Param" : "0,-221,312,100,0,10008,0,1"
},
{
	"ID" : 14638,
	"Name" : "鱼接吻",
	"Type" : 1,
	"Param" : "0,-194,286,100,0,10008,0,1"
},
{
	"ID" : 14639,
	"Name" : "鱼接吻",
	"Type" : 1,
	"Param" : "0,-167,261,100,0,10008,0,1"
},
{
	"ID" : 14640,
	"Name" : "鱼接吻",
	"Type" : 1,
	"Param" : "0,-140,236,100,0,10008,0,1"
},
{
	"ID" : 14641,
	"Name" : "鱼接吻",
	"Type" : 1,
	"Param" : "0,-114,211,100,0,10008,0,1"
},
{
	"ID" : 14642,
	"Name" : "鱼接吻",
	"Type" : 1,
	"Param" : "0,-275,412,100,0,10008,0,1"
},
{
	"ID" : 14643,
	"Name" : "鱼接吻",
	"Type" : 1,
	"Param" : "0,-248,439,100,0,10008,0,1"
},
{
	"ID" : 14644,
	"Name" : "鱼接吻",
	"Type" : 1,
	"Param" : "0,-221,465,100,0,10008,0,1"
},
{
	"ID" : 14645,
	"Name" : "鱼接吻",
	"Type" : 1,
	"Param" : "0,-194,490,100,0,10008,0,1"
},
{
	"ID" : 14646,
	"Name" : "鱼接吻",
	"Type" : 1,
	"Param" : "0,-167,516,100,0,10008,0,1"
},
{
	"ID" : 14647,
	"Name" : "鱼接吻",
	"Type" : 1,
	"Param" : "0,-140,542,100,0,10008,0,1"
},
{
	"ID" : 14648,
	"Name" : "鱼接吻",
	"Type" : 1,
	"Param" : "0,-114,568,100,0,10008,0,1"
},
{
	"ID" : 14649,
	"Name" : "鱼接吻",
	"Type" : 1,
	"Param" : "0,-87,186,100,0,10008,0,1"
},
{
	"ID" : 14650,
	"Name" : "鱼接吻",
	"Type" : 1,
	"Param" : "0,-87,225,100,0,10008,0,1"
},
{
	"ID" : 14651,
	"Name" : "鱼接吻",
	"Type" : 1,
	"Param" : "0,-87,267,100,0,10008,0,1"
},
{
	"ID" : 14652,
	"Name" : "鱼接吻",
	"Type" : 1,
	"Param" : "0,-87,309,100,0,10008,0,1"
},
{
	"ID" : 14653,
	"Name" : "鱼接吻",
	"Type" : 1,
	"Param" : "0,-87,351,100,0,10008,0,1"
},
{
	"ID" : 14654,
	"Name" : "鱼接吻",
	"Type" : 1,
	"Param" : "0,-87,393,100,0,10008,0,1"
},
{
	"ID" : 14655,
	"Name" : "鱼接吻",
	"Type" : 1,
	"Param" : "0,-87,435,100,0,10008,0,1"
},
{
	"ID" : 14656,
	"Name" : "鱼接吻",
	"Type" : 1,
	"Param" : "0,-87,477,100,0,10008,0,1"
},
{
	"ID" : 14657,
	"Name" : "鱼接吻",
	"Type" : 1,
	"Param" : "0,-87,519,100,0,10008,0,1"
},
{
	"ID" : 14658,
	"Name" : "鱼接吻",
	"Type" : 1,
	"Param" : "0,-87,561,100,0,10008,0,1"
},
{
	"ID" : 14659,
	"Name" : "鱼接吻",
	"Type" : 1,
	"Param" : "0,-87,594,100,0,10008,0,1"
},
{
	"ID" : 14660,
	"Name" : "鱼接吻",
	"Type" : 1,
	"Param" : "0,-57,367,100,0,10008,0,1"
},
{
	"ID" : 14661,
	"Name" : "鱼接吻",
	"Type" : 1,
	"Param" : "0,-57,417,100,0,10008,0,1"
},
{
	"ID" : 14662,
	"Name" : "鱼接吻",
	"Type" : 1,
	"Param" : "0,-30,340,100,0,10008,0,1"
},
{
	"ID" : 14663,
	"Name" : "鱼接吻",
	"Type" : 1,
	"Param" : "0,-30,391,100,0,10008,0,1"
},
{
	"ID" : 14664,
	"Name" : "鱼接吻",
	"Type" : 1,
	"Param" : "0,-30,446,100,0,10008,0,1"
},
{
	"ID" : 14700,
	"Name" : "鱼接吻组合2",
	"Type" : 10,
	"Param" : "0,14701,0,14702,0,14703,0,14704,0,14705,0,14706,0,14707,0,14708,0,14709,0,14710,0,14711,0,14712,0,14713,0,14714,0,14715,0,14716,0,14717,0,14718,0,14719,0,14720,0,14721,0,14722,0,14723,0,14724,0,14725,0,14726,0,14727,0,14728,0,14729,0,14730,0,14731,0,14732,0,14733,0,14734,0,14735,0,14736,0,14737,0,14738,0,14739,0,14740,0,14741,0,14742,0,14743,0,14744,0,14745,0,14746,0,14747,0,14748,0,14749,0,14750,0,14751,0,14752,0,14753,0,14754,0,14755,0,14756,0,14757,0,14758,0,14759,0,14760,0,14761,0,14762,0,14763,0,14764"
},
{
	"ID" : 14701,
	"Name" : "鱼接吻",
	"Type" : 1,
	"Param" : "0,-666,329,100,0,10004,0,1"
},
{
	"ID" : 14702,
	"Name" : "鱼接吻",
	"Type" : 1,
	"Param" : "0,-666,384,100,0,10004,0,1"
},
{
	"ID" : 14703,
	"Name" : "鱼接吻",
	"Type" : 1,
	"Param" : "0,-666,433,100,0,10004,0,1"
},
{
	"ID" : 14704,
	"Name" : "鱼接吻",
	"Type" : 1,
	"Param" : "0,-640,358,100,0,10004,0,1"
},
{
	"ID" : 14705,
	"Name" : "鱼接吻",
	"Type" : 1,
	"Param" : "0,-640,408,100,0,10004,0,1"
},
{
	"ID" : 14706,
	"Name" : "鱼接吻",
	"Type" : 1,
	"Param" : "0,-608,180,100,0,10004,0,1"
},
{
	"ID" : 14707,
	"Name" : "鱼接吻",
	"Type" : 1,
	"Param" : "0,-608,214,100,0,10004,0,1"
},
{
	"ID" : 14708,
	"Name" : "鱼接吻",
	"Type" : 1,
	"Param" : "0,-608,256,100,0,10004,0,1"
},
{
	"ID" : 14709,
	"Name" : "鱼接吻",
	"Type" : 1,
	"Param" : "0,-608,296,100,0,10004,0,1"
},
{
	"ID" : 14710,
	"Name" : "鱼接吻",
	"Type" : 1,
	"Param" : "0,-608,340,100,0,10004,0,1"
},
{
	"ID" : 14711,
	"Name" : "鱼接吻",
	"Type" : 1,
	"Param" : "0,-608,382,100,0,10004,0,1"
},
{
	"ID" : 14712,
	"Name" : "鱼接吻",
	"Type" : 1,
	"Param" : "0,-608,424,100,0,10004,0,1"
},
{
	"ID" : 14713,
	"Name" : "鱼接吻",
	"Type" : 1,
	"Param" : "0,-608,466,100,0,10004,0,1"
},
{
	"ID" : 14714,
	"Name" : "鱼接吻",
	"Type" : 1,
	"Param" : "0,-608,508,100,0,10004,0,1"
},
{
	"ID" : 14715,
	"Name" : "鱼接吻",
	"Type" : 1,
	"Param" : "0,-608,550,100,0,10004,0,1"
},
{
	"ID" : 14716,
	"Name" : "鱼接吻",
	"Type" : 1,
	"Param" : "0,-608,589,100,0,10004,0,1"
},
{
	"ID" : 14717,
	"Name" : "鱼接吻",
	"Type" : 1,
	"Param" : "0,-579,207,100,0,10004,0,1"
},
{
	"ID" : 14718,
	"Name" : "鱼接吻",
	"Type" : 1,
	"Param" : "0,-554,233,100,0,10004,0,1"
},
{
	"ID" : 14719,
	"Name" : "鱼接吻",
	"Type" : 1,
	"Param" : "0,-528,259,100,0,10004,0,1"
},
{
	"ID" : 14720,
	"Name" : "鱼接吻",
	"Type" : 1,
	"Param" : "0,-501,285,100,0,10004,0,1"
},
{
	"ID" : 14721,
	"Name" : "鱼接吻",
	"Type" : 1,
	"Param" : "0,-474,310,100,0,10004,0,1"
},
{
	"ID" : 14722,
	"Name" : "鱼接吻",
	"Type" : 1,
	"Param" : "0,-450,336,100,0,10004,0,1"
},
{
	"ID" : 14723,
	"Name" : "鱼接吻",
	"Type" : 1,
	"Param" : "0,-424,363,100,0,10004,0,1"
},
{
	"ID" : 14724,
	"Name" : "鱼接吻",
	"Type" : 1,
	"Param" : "0,-412,388,100,0,10004,0,1"
},
{
	"ID" : 14725,
	"Name" : "鱼接吻",
	"Type" : 1,
	"Param" : "0,-424,414,100,0,10004,0,1"
},
{
	"ID" : 14726,
	"Name" : "鱼接吻",
	"Type" : 1,
	"Param" : "0,-450,439,100,0,10004,0,1"
},
{
	"ID" : 14727,
	"Name" : "鱼接吻",
	"Type" : 1,
	"Param" : "0,-474,463,100,0,10004,0,1"
},
{
	"ID" : 14728,
	"Name" : "鱼接吻",
	"Type" : 1,
	"Param" : "0,-501,489,100,0,10004,0,1"
},
{
	"ID" : 14729,
	"Name" : "鱼接吻",
	"Type" : 1,
	"Param" : "0,-528,514,100,0,10004,0,1"
},
{
	"ID" : 14730,
	"Name" : "鱼接吻",
	"Type" : 1,
	"Param" : "0,-554,539,100,0,10004,0,1"
},
{
	"ID" : 14731,
	"Name" : "鱼接吻",
	"Type" : 1,
	"Param" : "0,-579,564,100,0,10004,0,1"
},
{
	"ID" : 14732,
	"Name" : "鱼接吻",
	"Type" : 1,
	"Param" : "0,-487,384,100,0,10007,0,1"
},
{
	"ID" : 14733,
	"Name" : "鱼接吻",
	"Type" : 1,
	"Param" : "0,-210,391,100,0,10009,0,1"
},
{
	"ID" : 14734,
	"Name" : "鱼接吻",
	"Type" : 1,
	"Param" : "0,-288,387,100,0,10003,0,1"
},
{
	"ID" : 14735,
	"Name" : "鱼接吻",
	"Type" : 1,
	"Param" : "0,-275,361,100,0,10003,0,1"
},
{
	"ID" : 14736,
	"Name" : "鱼接吻",
	"Type" : 1,
	"Param" : "0,-248,336,100,0,10003,0,1"
},
{
	"ID" : 14737,
	"Name" : "鱼接吻",
	"Type" : 1,
	"Param" : "0,-221,312,100,0,10003,0,1"
},
{
	"ID" : 14738,
	"Name" : "鱼接吻",
	"Type" : 1,
	"Param" : "0,-194,286,100,0,10003,0,1"
},
{
	"ID" : 14739,
	"Name" : "鱼接吻",
	"Type" : 1,
	"Param" : "0,-167,261,100,0,10003,0,1"
},
{
	"ID" : 14740,
	"Name" : "鱼接吻",
	"Type" : 1,
	"Param" : "0,-140,236,100,0,10003,0,1"
},
{
	"ID" : 14741,
	"Name" : "鱼接吻",
	"Type" : 1,
	"Param" : "0,-114,211,100,0,10003,0,1"
},
{
	"ID" : 14742,
	"Name" : "鱼接吻",
	"Type" : 1,
	"Param" : "0,-275,412,100,0,10003,0,1"
},
{
	"ID" : 14743,
	"Name" : "鱼接吻",
	"Type" : 1,
	"Param" : "0,-248,439,100,0,10003,0,1"
},
{
	"ID" : 14744,
	"Name" : "鱼接吻",
	"Type" : 1,
	"Param" : "0,-221,465,100,0,10003,0,1"
},
{
	"ID" : 14745,
	"Name" : "鱼接吻",
	"Type" : 1,
	"Param" : "0,-194,490,100,0,10003,0,1"
},
{
	"ID" : 14746,
	"Name" : "鱼接吻",
	"Type" : 1,
	"Param" : "0,-167,516,100,0,10003,0,1"
},
{
	"ID" : 14747,
	"Name" : "鱼接吻",
	"Type" : 1,
	"Param" : "0,-140,542,100,0,10003,0,1"
},
{
	"ID" : 14748,
	"Name" : "鱼接吻",
	"Type" : 1,
	"Param" : "0,-114,568,100,0,10003,0,1"
},
{
	"ID" : 14749,
	"Name" : "鱼接吻",
	"Type" : 1,
	"Param" : "0,-87,186,100,0,10003,0,1"
},
{
	"ID" : 14750,
	"Name" : "鱼接吻",
	"Type" : 1,
	"Param" : "0,-87,225,100,0,10003,0,1"
},
{
	"ID" : 14751,
	"Name" : "鱼接吻",
	"Type" : 1,
	"Param" : "0,-87,267,100,0,10003,0,1"
},
{
	"ID" : 14752,
	"Name" : "鱼接吻",
	"Type" : 1,
	"Param" : "0,-87,309,100,0,10003,0,1"
},
{
	"ID" : 14753,
	"Name" : "鱼接吻",
	"Type" : 1,
	"Param" : "0,-87,351,100,0,10003,0,1"
},
{
	"ID" : 14754,
	"Name" : "鱼接吻",
	"Type" : 1,
	"Param" : "0,-87,393,100,0,10003,0,1"
},
{
	"ID" : 14755,
	"Name" : "鱼接吻",
	"Type" : 1,
	"Param" : "0,-87,435,100,0,10003,0,1"
},
{
	"ID" : 14756,
	"Name" : "鱼接吻",
	"Type" : 1,
	"Param" : "0,-87,477,100,0,10003,0,1"
},
{
	"ID" : 14757,
	"Name" : "鱼接吻",
	"Type" : 1,
	"Param" : "0,-87,519,100,0,10003,0,1"
},
{
	"ID" : 14758,
	"Name" : "鱼接吻",
	"Type" : 1,
	"Param" : "0,-87,561,100,0,10003,0,1"
},
{
	"ID" : 14759,
	"Name" : "鱼接吻",
	"Type" : 1,
	"Param" : "0,-87,594,100,0,10003,0,1"
},
{
	"ID" : 14760,
	"Name" : "鱼接吻",
	"Type" : 1,
	"Param" : "0,-57,367,100,0,10003,0,1"
},
{
	"ID" : 14761,
	"Name" : "鱼接吻",
	"Type" : 1,
	"Param" : "0,-57,417,100,0,10003,0,1"
},
{
	"ID" : 14762,
	"Name" : "鱼接吻",
	"Type" : 1,
	"Param" : "0,-30,340,100,0,10003,0,1"
},
{
	"ID" : 14763,
	"Name" : "鱼接吻",
	"Type" : 1,
	"Param" : "0,-30,391,100,0,10003,0,1"
},
{
	"ID" : 14764,
	"Name" : "鱼接吻",
	"Type" : 1,
	"Param" : "0,-30,446,100,0,10003,0,1"
},
{
	"ID" : 14800,
	"Name" : "爱心组合1",
	"Type" : 10,
	"Param" : "0,14801,0,14802,0,14803,0,14804,0,14805,0,14806,0,14807,0,14808,0,14809,0,14810,0,14811,0,14812,0,14813,0,14814,0,14815,0,14816,0,14817,0,14818,0,14819,0,14820,0,14821,0,14822,0,14823,0,14824,0,14825,0,14826,0,14827,0,14828,0,14829,0,14830,0,14831,0,14832,0,14833,0,14834,0,14835,0,14836,0,14837,0,14838,0,14839,0,14840,0,14841,0,14842,0,14843,0,14844,0,14845,0,14846,0,14847,0,14848,0,14849,0,14850,0,14851,0,14852,0,14853,0,14854,0,14855,0,14856,0,14857,0,14858,0,14859,0,14860,0,14861,0,14862,0,14863,0,14864"
},
{
	"ID" : 14801,
	"Name" : "爱心外圈",
	"Type" : 1,
	"Param" : "0,-416,538,100,0,10005,0,1"
},
{
	"ID" : 14802,
	"Name" : "爱心外圈",
	"Type" : 1,
	"Param" : "0,-490,575,100,0,10005,0,1"
},
{
	"ID" : 14803,
	"Name" : "爱心外圈",
	"Type" : 1,
	"Param" : "0,-584,559,100,0,10005,0,1"
},
{
	"ID" : 14804,
	"Name" : "爱心外圈",
	"Type" : 1,
	"Param" : "0,-640,518,100,0,10005,0,1"
},
{
	"ID" : 14805,
	"Name" : "爱心外圈",
	"Type" : 1,
	"Param" : "0,-657,455,100,0,10005,0,1"
},
{
	"ID" : 14806,
	"Name" : "爱心外圈",
	"Type" : 1,
	"Param" : "0,-639,390,100,0,10005,0,1"
},
{
	"ID" : 14807,
	"Name" : "爱心外圈",
	"Type" : 1,
	"Param" : "0,-610,334,100,0,10005,0,1"
},
{
	"ID" : 14808,
	"Name" : "爱心外圈",
	"Type" : 1,
	"Param" : "0,-563,281,100,0,10005,0,1"
},
{
	"ID" : 14809,
	"Name" : "爱心外圈",
	"Type" : 1,
	"Param" : "0,-504,235,100,0,10005,0,1"
},
{
	"ID" : 14810,
	"Name" : "爱心外圈",
	"Type" : 1,
	"Param" : "0,-437,202,100,0,10005,0,1"
},
{
	"ID" : 14811,
	"Name" : "爱心外圈",
	"Type" : 1,
	"Param" : "0,-330,168,100,0,10005,0,1"
},
{
	"ID" : 14812,
	"Name" : "爱心外圈",
	"Type" : 1,
	"Param" : "0,-330,499,100,0,10005,0,1"
},
{
	"ID" : 14813,
	"Name" : "爱心外圈",
	"Type" : 1,
	"Param" : "0,-244,538,100,0,10005,0,1"
},
{
	"ID" : 14814,
	"Name" : "爱心外圈",
	"Type" : 1,
	"Param" : "0,-170,575,100,0,10005,0,1"
},
{
	"ID" : 14815,
	"Name" : "爱心外圈",
	"Type" : 1,
	"Param" : "0,-76,559,100,0,10005,0,1"
},
{
	"ID" : 14816,
	"Name" : "爱心外圈",
	"Type" : 1,
	"Param" : "0,-20,518,100,0,10005,0,1"
},
{
	"ID" : 14817,
	"Name" : "爱心外圈",
	"Type" : 1,
	"Param" : "0,-3,455,100,0,10005,0,1"
},
{
	"ID" : 14818,
	"Name" : "爱心外圈",
	"Type" : 1,
	"Param" : "0,-21,390,100,0,10005,0,1"
},
{
	"ID" : 14819,
	"Name" : "爱心外圈",
	"Type" : 1,
	"Param" : "0,-50,334,100,0,10005,0,1"
},
{
	"ID" : 14820,
	"Name" : "爱心外圈",
	"Type" : 1,
	"Param" : "0,-97,281,100,0,10005,0,1"
},
{
	"ID" : 14821,
	"Name" : "爱心外圈",
	"Type" : 1,
	"Param" : "0,-156,235,100,0,10005,0,1"
},
{
	"ID" : 14822,
	"Name" : "爱心外圈",
	"Type" : 1,
	"Param" : "0,-223,202,100,0,10005,0,1"
},
{
	"ID" : 14823,
	"Name" : "爱心中外圈",
	"Type" : 1,
	"Param" : "0,-401,498,100,0,10001,0,1"
},
{
	"ID" : 14824,
	"Name" : "爱心中外圈",
	"Type" : 1,
	"Param" : "0,-503,534,100,0,10001,0,1"
},
{
	"ID" : 14825,
	"Name" : "爱心中外圈",
	"Type" : 1,
	"Param" : "0,-567,482,100,0,10001,0,1"
},
{
	"ID" : 14826,
	"Name" : "爱心中外圈",
	"Type" : 1,
	"Param" : "0,-565,413,100,0,10001,0,1"
},
{
	"ID" : 14827,
	"Name" : "爱心中外圈",
	"Type" : 1,
	"Param" : "0,-537,361,100,0,10001,0,1"
},
{
	"ID" : 14828,
	"Name" : "爱心中外圈",
	"Type" : 1,
	"Param" : "0,-493,309,100,0,10001,0,1"
},
{
	"ID" : 14829,
	"Name" : "爱心中外圈",
	"Type" : 1,
	"Param" : "0,-438,266,100,0,10001,0,1"
},
{
	"ID" : 14830,
	"Name" : "爱心中外圈",
	"Type" : 1,
	"Param" : "0,-379,232,100,0,10001,0,1"
},
{
	"ID" : 14831,
	"Name" : "爱心中外圈",
	"Type" : 1,
	"Param" : "0,-330,459,100,0,10001,0,1"
},
{
	"ID" : 14832,
	"Name" : "爱心中外圈",
	"Type" : 1,
	"Param" : "0,-330,209,100,0,10001,0,1"
},
{
	"ID" : 14833,
	"Name" : "爱心中外圈",
	"Type" : 1,
	"Param" : "0,-259,498,100,0,10001,0,1"
},
{
	"ID" : 14834,
	"Name" : "爱心中外圈",
	"Type" : 1,
	"Param" : "0,-157,534,100,0,10001,0,1"
},
{
	"ID" : 14835,
	"Name" : "爱心中外圈",
	"Type" : 1,
	"Param" : "0,-93,482,100,0,10001,0,1"
},
{
	"ID" : 14836,
	"Name" : "爱心中外圈",
	"Type" : 1,
	"Param" : "0,-95,413,100,0,10001,0,1"
},
{
	"ID" : 14837,
	"Name" : "爱心中外圈",
	"Type" : 1,
	"Param" : "0,-123,361,100,0,10001,0,1"
},
{
	"ID" : 14838,
	"Name" : "爱心中外圈",
	"Type" : 1,
	"Param" : "0,-167,309,100,0,10001,0,1"
},
{
	"ID" : 14839,
	"Name" : "爱心中外圈",
	"Type" : 1,
	"Param" : "0,-222,266,100,0,10001,0,1"
},
{
	"ID" : 14840,
	"Name" : "爱心中外圈",
	"Type" : 1,
	"Param" : "0,-296,232,100,0,10001,0,1"
},
{
	"ID" : 14841,
	"Name" : "爱心中内圈",
	"Type" : 1,
	"Param" : "0,-389,462,100,0,10006,0,1"
},
{
	"ID" : 14842,
	"Name" : "爱心中内圈",
	"Type" : 1,
	"Param" : "0,-479,499,100,0,10006,0,1"
},
{
	"ID" : 14843,
	"Name" : "爱心中内圈",
	"Type" : 1,
	"Param" : "0,-519,457,100,0,10006,0,1"
},
{
	"ID" : 14844,
	"Name" : "爱心中内圈",
	"Type" : 1,
	"Param" : "0,-491,405,100,0,10006,0,1"
},
{
	"ID" : 14845,
	"Name" : "爱心中内圈",
	"Type" : 1,
	"Param" : "0,-457,347,100,0,10006,0,1"
},
{
	"ID" : 14846,
	"Name" : "爱心中内圈",
	"Type" : 1,
	"Param" : "0,-387,293,100,0,10006,0,1"
},
{
	"ID" : 14847,
	"Name" : "爱心中内圈",
	"Type" : 1,
	"Param" : "0,-330,255,100,0,10006,0,1"
},
{
	"ID" : 14848,
	"Name" : "爱心中内圈",
	"Type" : 1,
	"Param" : "0,-330,417,100,0,10006,0,1"
},
{
	"ID" : 14849,
	"Name" : "爱心中内圈",
	"Type" : 1,
	"Param" : "0,-271,462,100,0,10006,0,1"
},
{
	"ID" : 14850,
	"Name" : "爱心中内圈",
	"Type" : 1,
	"Param" : "0,-181,499,100,0,10006,0,1"
},
{
	"ID" : 14851,
	"Name" : "爱心中内圈",
	"Type" : 1,
	"Param" : "0,-141,457,100,0,10006,0,1"
},
{
	"ID" : 14852,
	"Name" : "爱心中内圈",
	"Type" : 1,
	"Param" : "0,-169,405,100,0,10006,0,1"
},
{
	"ID" : 14853,
	"Name" : "爱心中内圈",
	"Type" : 1,
	"Param" : "0,-203,347,100,0,10006,0,1"
},
{
	"ID" : 14854,
	"Name" : "爱心中内圈",
	"Type" : 1,
	"Param" : "0,-273,293,100,0,10006,0,1"
},
{
	"ID" : 14855,
	"Name" : "爱心内圈",
	"Type" : 1,
	"Param" : "0,-389,421,100,0,10001,0,1"
},
{
	"ID" : 14856,
	"Name" : "爱心内圈",
	"Type" : 1,
	"Param" : "0,-460,442,100,0,10001,0,1"
},
{
	"ID" : 14857,
	"Name" : "爱心内圈",
	"Type" : 1,
	"Param" : "0,-429,380,100,0,10001,0,1"
},
{
	"ID" : 14858,
	"Name" : "爱心内圈",
	"Type" : 1,
	"Param" : "0,-376,336,100,0,10001,0,1"
},
{
	"ID" : 14859,
	"Name" : "爱心内圈",
	"Type" : 1,
	"Param" : "0,-330,301,100,0,10001,0,1"
},
{
	"ID" : 14860,
	"Name" : "爱心内圈",
	"Type" : 1,
	"Param" : "0,-330,375,100,0,10001,0,1"
},
{
	"ID" : 14861,
	"Name" : "爱心内圈",
	"Type" : 1,
	"Param" : "0,-271,421,100,0,10001,0,1"
},
{
	"ID" : 14862,
	"Name" : "爱心内圈",
	"Type" : 1,
	"Param" : "0,-200,442,100,0,10001,0,1"
},
{
	"ID" : 14863,
	"Name" : "爱心内圈",
	"Type" : 1,
	"Param" : "0,-231,380,100,0,10001,0,1"
},
{
	"ID" : 14864,
	"Name" : "爱心内圈",
	"Type" : 1,
	"Param" : "0,-284,336,100,0,10001,0,1"
},
{
	"ID" : 14900,
	"Name" : "爱心组合2",
	"Type" : 10,
	"Param" : "0,14901,0,14902,0,14903,0,14904,0,14905,0,14906,0,14907,0,14908,0,14909,0,14910,0,14911,0,14912,0,14913,0,14914,0,14915,0,14916,0,14917,0,14918,0,14919,0,14920,0,14921,0,14922,0,14923,0,14924,0,14925,0,14926,0,14927,0,14928,0,14929,0,14930,0,14931,0,14932,0,14933,0,14934,0,14935,0,14936,0,14937,0,14938,0,14939,0,14940,0,14941,0,14942,0,14943,0,14944,0,14945,0,14946,0,14947,0,14948,0,14949,0,14950,0,14951,0,14952,0,14953,0,14954,0,14955,0,14956,0,14957,0,14958,0,14959,0,14960,0,14961,0,14962,0,14963,0,14964"
},
{
	"ID" : 14901,
	"Name" : "爱心外圈",
	"Type" : 1,
	"Param" : "0,-416,538,100,0,10007,0,1"
},
{
	"ID" : 14902,
	"Name" : "爱心外圈",
	"Type" : 1,
	"Param" : "0,-490,575,100,0,10007,0,1"
},
{
	"ID" : 14903,
	"Name" : "爱心外圈",
	"Type" : 1,
	"Param" : "0,-584,559,100,0,10007,0,1"
},
{
	"ID" : 14904,
	"Name" : "爱心外圈",
	"Type" : 1,
	"Param" : "0,-640,518,100,0,10007,0,1"
},
{
	"ID" : 14905,
	"Name" : "爱心外圈",
	"Type" : 1,
	"Param" : "0,-657,455,100,0,10007,0,1"
},
{
	"ID" : 14906,
	"Name" : "爱心外圈",
	"Type" : 1,
	"Param" : "0,-639,390,100,0,10007,0,1"
},
{
	"ID" : 14907,
	"Name" : "爱心外圈",
	"Type" : 1,
	"Param" : "0,-610,334,100,0,10007,0,1"
},
{
	"ID" : 14908,
	"Name" : "爱心外圈",
	"Type" : 1,
	"Param" : "0,-563,281,100,0,10007,0,1"
},
{
	"ID" : 14909,
	"Name" : "爱心外圈",
	"Type" : 1,
	"Param" : "0,-504,235,100,0,10007,0,1"
},
{
	"ID" : 14910,
	"Name" : "爱心外圈",
	"Type" : 1,
	"Param" : "0,-437,202,100,0,10007,0,1"
},
{
	"ID" : 14911,
	"Name" : "爱心外圈",
	"Type" : 1,
	"Param" : "0,-330,168,100,0,10007,0,1"
},
{
	"ID" : 14912,
	"Name" : "爱心外圈",
	"Type" : 1,
	"Param" : "0,-330,499,100,0,10007,0,1"
},
{
	"ID" : 14913,
	"Name" : "爱心外圈",
	"Type" : 1,
	"Param" : "0,-244,538,100,0,10007,0,1"
},
{
	"ID" : 14914,
	"Name" : "爱心外圈",
	"Type" : 1,
	"Param" : "0,-170,575,100,0,10007,0,1"
},
{
	"ID" : 14915,
	"Name" : "爱心外圈",
	"Type" : 1,
	"Param" : "0,-76,559,100,0,10007,0,1"
},
{
	"ID" : 14916,
	"Name" : "爱心外圈",
	"Type" : 1,
	"Param" : "0,-20,518,100,0,10007,0,1"
},
{
	"ID" : 14917,
	"Name" : "爱心外圈",
	"Type" : 1,
	"Param" : "0,-3,455,100,0,10007,0,1"
},
{
	"ID" : 14918,
	"Name" : "爱心外圈",
	"Type" : 1,
	"Param" : "0,-21,390,100,0,10007,0,1"
},
{
	"ID" : 14919,
	"Name" : "爱心外圈",
	"Type" : 1,
	"Param" : "0,-50,334,100,0,10007,0,1"
},
{
	"ID" : 14920,
	"Name" : "爱心外圈",
	"Type" : 1,
	"Param" : "0,-97,281,100,0,10007,0,1"
},
{
	"ID" : 14921,
	"Name" : "爱心外圈",
	"Type" : 1,
	"Param" : "0,-156,235,100,0,10007,0,1"
},
{
	"ID" : 14922,
	"Name" : "爱心外圈",
	"Type" : 1,
	"Param" : "0,-223,202,100,0,10007,0,1"
},
{
	"ID" : 14923,
	"Name" : "爱心中外圈",
	"Type" : 1,
	"Param" : "0,-401,498,100,0,10002,0,1"
},
{
	"ID" : 14924,
	"Name" : "爱心中外圈",
	"Type" : 1,
	"Param" : "0,-503,534,100,0,10002,0,1"
},
{
	"ID" : 14925,
	"Name" : "爱心中外圈",
	"Type" : 1,
	"Param" : "0,-567,482,100,0,10002,0,1"
},
{
	"ID" : 14926,
	"Name" : "爱心中外圈",
	"Type" : 1,
	"Param" : "0,-565,413,100,0,10002,0,1"
},
{
	"ID" : 14927,
	"Name" : "爱心中外圈",
	"Type" : 1,
	"Param" : "0,-537,361,100,0,10002,0,1"
},
{
	"ID" : 14928,
	"Name" : "爱心中外圈",
	"Type" : 1,
	"Param" : "0,-493,309,100,0,10002,0,1"
},
{
	"ID" : 14929,
	"Name" : "爱心中外圈",
	"Type" : 1,
	"Param" : "0,-438,266,100,0,10002,0,1"
},
{
	"ID" : 14930,
	"Name" : "爱心中外圈",
	"Type" : 1,
	"Param" : "0,-379,232,100,0,10002,0,1"
},
{
	"ID" : 14931,
	"Name" : "爱心中外圈",
	"Type" : 1,
	"Param" : "0,-330,459,100,0,10002,0,1"
},
{
	"ID" : 14932,
	"Name" : "爱心中外圈",
	"Type" : 1,
	"Param" : "0,-330,209,100,0,10002,0,1"
},
{
	"ID" : 14933,
	"Name" : "爱心中外圈",
	"Type" : 1,
	"Param" : "0,-259,498,100,0,10002,0,1"
},
{
	"ID" : 14934,
	"Name" : "爱心中外圈",
	"Type" : 1,
	"Param" : "0,-157,534,100,0,10002,0,1"
},
{
	"ID" : 14935,
	"Name" : "爱心中外圈",
	"Type" : 1,
	"Param" : "0,-93,482,100,0,10002,0,1"
},
{
	"ID" : 14936,
	"Name" : "爱心中外圈",
	"Type" : 1,
	"Param" : "0,-95,413,100,0,10002,0,1"
},
{
	"ID" : 14937,
	"Name" : "爱心中外圈",
	"Type" : 1,
	"Param" : "0,-123,361,100,0,10002,0,1"
},
{
	"ID" : 14938,
	"Name" : "爱心中外圈",
	"Type" : 1,
	"Param" : "0,-167,309,100,0,10002,0,1"
},
{
	"ID" : 14939,
	"Name" : "爱心中外圈",
	"Type" : 1,
	"Param" : "0,-222,266,100,0,10002,0,1"
},
{
	"ID" : 14940,
	"Name" : "爱心中外圈",
	"Type" : 1,
	"Param" : "0,-296,232,100,0,10002,0,1"
},
{
	"ID" : 14941,
	"Name" : "爱心中内圈",
	"Type" : 1,
	"Param" : "0,-389,462,100,0,10010,0,1"
},
{
	"ID" : 14942,
	"Name" : "爱心中内圈",
	"Type" : 1,
	"Param" : "0,-479,499,100,0,10010,0,1"
},
{
	"ID" : 14943,
	"Name" : "爱心中内圈",
	"Type" : 1,
	"Param" : "0,-519,457,100,0,10010,0,1"
},
{
	"ID" : 14944,
	"Name" : "爱心中内圈",
	"Type" : 1,
	"Param" : "0,-491,405,100,0,10010,0,1"
},
{
	"ID" : 14945,
	"Name" : "爱心中内圈",
	"Type" : 1,
	"Param" : "0,-457,347,100,0,10010,0,1"
},
{
	"ID" : 14946,
	"Name" : "爱心中内圈",
	"Type" : 1,
	"Param" : "0,-387,293,100,0,10010,0,1"
},
{
	"ID" : 14947,
	"Name" : "爱心中内圈",
	"Type" : 1,
	"Param" : "0,-330,255,100,0,10010,0,1"
},
{
	"ID" : 14948,
	"Name" : "爱心中内圈",
	"Type" : 1,
	"Param" : "0,-330,417,100,0,10010,0,1"
},
{
	"ID" : 14949,
	"Name" : "爱心中内圈",
	"Type" : 1,
	"Param" : "0,-271,462,100,0,10010,0,1"
},
{
	"ID" : 14950,
	"Name" : "爱心中内圈",
	"Type" : 1,
	"Param" : "0,-181,499,100,0,10010,0,1"
},
{
	"ID" : 14951,
	"Name" : "爱心中内圈",
	"Type" : 1,
	"Param" : "0,-141,457,100,0,10010,0,1"
},
{
	"ID" : 14952,
	"Name" : "爱心中内圈",
	"Type" : 1,
	"Param" : "0,-169,405,100,0,10010,0,1"
},
{
	"ID" : 14953,
	"Name" : "爱心中内圈",
	"Type" : 1,
	"Param" : "0,-203,347,100,0,10010,0,1"
},
{
	"ID" : 14954,
	"Name" : "爱心中内圈",
	"Type" : 1,
	"Param" : "0,-273,293,100,0,10010,0,1"
},
{
	"ID" : 14955,
	"Name" : "爱心内圈",
	"Type" : 1,
	"Param" : "0,-389,421,100,0,10002,0,1"
},
{
	"ID" : 14956,
	"Name" : "爱心内圈",
	"Type" : 1,
	"Param" : "0,-460,442,100,0,10002,0,1"
},
{
	"ID" : 14957,
	"Name" : "爱心内圈",
	"Type" : 1,
	"Param" : "0,-429,380,100,0,10002,0,1"
},
{
	"ID" : 14958,
	"Name" : "爱心内圈",
	"Type" : 1,
	"Param" : "0,-376,336,100,0,10002,0,1"
},
{
	"ID" : 14959,
	"Name" : "爱心内圈",
	"Type" : 1,
	"Param" : "0,-330,301,100,0,10002,0,1"
},
{
	"ID" : 14960,
	"Name" : "爱心内圈",
	"Type" : 1,
	"Param" : "0,-330,375,100,0,10002,0,1"
},
{
	"ID" : 14961,
	"Name" : "爱心内圈",
	"Type" : 1,
	"Param" : "0,-271,421,100,0,10002,0,1"
},
{
	"ID" : 14962,
	"Name" : "爱心内圈",
	"Type" : 1,
	"Param" : "0,-200,442,100,0,10002,0,1"
},
{
	"ID" : 14963,
	"Name" : "爱心内圈",
	"Type" : 1,
	"Param" : "0,-231,380,100,0,10002,0,1"
},
{
	"ID" : 14964,
	"Name" : "爱心内圈",
	"Type" : 1,
	"Param" : "0,-284,336,100,0,10002,0,1"
}
]