[
{
	"ID" : 0, 
	"Name" : "", 
	"BulletID" : 0, 
	"BulletType" : 0, 
	"ResType" : 0, 
	"CostTimes" : 0, 
	"ResName" : "", 
	"ResPath" : "", 
	"ActionName" : "", 
	"Color" : 0, 
	"Scale" : 0, 
	"Collider" : "0,0,20,20", 
	"BulletCount" : 0, 
	"HitType" : 0, 
	"HitEffectID" : 0, 
	"HitSoundID" : 0, 
	"NetEffect" : 0, 
	"NetSize" : 0, 
	"NetCount" : 0, 
	"HitCount" : 0, 
	"NetHitCount" : 0, 
	"Speed" : 0, 
	"Param" : "", 
	"Interval" : 0
},
{
	"ID" : 1,
	"Name" : "原始炮台",
	"BulletID" : 1,
	"BulletType" : 1,
	"ResType" : 1,
	"CostTimes" : 1,
	"ResPath" : "SP_T0_bullet",
	"ActionName" : "T0_bullet",
	"Color" : 16777215,
	"Scale" : 1,
	"BulletCount" : 1,
	"HitType" : 1,
	"HitEffectID" : 0,
	"NetEffect" : 151,
	"NetSize" : 95,
	"NetCount" : 1,
	"HitCount" : 1,
	"NetHitCount" : 3,
	"Speed" : 900,
	"Interval" : 0
},
{
	"ID" : 2,
	"Name" : "渔夫",
	"BulletID" : 2,
	"BulletType" : 1,
	"ResType" : 1,
	"CostTimes" : 1,
	"ResPath" : "SP_T1_bullet",
	"ActionName" : "T1_bullet",
	"Color" : 16777215,
	"Scale" : 1,
	"BulletCount" : 1,
	"HitType" : 1,
	"HitEffectID" : 0,
	"NetEffect" : 152,
	"NetSize" : 95,
	"NetCount" : 1,
	"HitCount" : 1,
	"NetHitCount" : 3,
	"Speed" : 900,
	"Interval" : 0
},
{
	"ID" : 3,
	"Name" : "仙童",
	"BulletID" : 3,
	"BulletType" : 1,
	"ResType" : 1,
	"CostTimes" : 1,
	"ResPath" : "SP_T2_bullet",
	"ActionName" : "T2_bullet",
	"Color" : 16777215,
	"Scale" : 1,
	"BulletCount" : 1,
	"HitType" : 1,
	"HitEffectID" : 0,
	"NetEffect" : 153,
	"NetSize" : 95,
	"NetCount" : 1,
	"HitCount" : 1,
	"NetHitCount" : 3,
	"Speed" : 900,
	"Interval" : 0
},
{
	"ID" : 4,
	"Name" : "关羽",
	"BulletID" : 4,
	"BulletType" : 1,
	"ResType" : 1,
	"CostTimes" : 1,
	"ResPath" : "SP_T7_bullet",
	"ActionName" : "T7_bullet_1",
	"Color" : 16777215,
	"Scale" : 1,
	"BulletCount" : 1,
	"HitType" : 1,
	"HitEffectID" : 0,
	"NetEffect" : 154,
	"NetSize" : 95,
	"NetCount" : 1,
	"HitCount" : 1,
	"NetHitCount" : 3,
	"Speed" : 900,
	"Interval" : 30
},
{
	"ID" : 5,
	"Name" : "张飞",
	"BulletID" : 5,
	"BulletType" : 1,
	"ResType" : 1,
	"CostTimes" : 1,
	"ResPath" : "SP_T8_bullet",
	"ActionName" : "T8_bullet_1",
	"Color" : 16777215,
	"Scale" : 1,
	"BulletCount" : 1,
	"HitType" : 1,
	"HitEffectID" : 0,
	"NetEffect" : 155,
	"NetSize" : 95,
	"NetCount" : 1,
	"HitCount" : 1,
	"NetHitCount" : 3,
	"Speed" : 900,
	"Interval" : 30
},
{
	"ID" : 6,
	"Name" : "赵云",
	"BulletID" : 6,
	"BulletType" : 1,
	"ResType" : 1,
	"CostTimes" : 1,
	"ResPath" : "SP_T9_bullet",
	"ActionName" : "T9_bullet_1",
	"Color" : 16777215,
	"Scale" : 1,
	"BulletCount" : 1,
	"HitType" : 1,
	"HitEffectID" : 0,
	"NetEffect" : 156,
	"NetSize" : 95,
	"NetCount" : 1,
	"HitCount" : 1,
	"NetHitCount" : 3,
	"Speed" : 900,
	"Interval" : 30
},
{
	"ID" : 7,
	"Name" : "黄忠",
	"BulletID" : 7,
	"BulletType" : 1,
	"ResType" : 1,
	"CostTimes" : 1,
	"ResPath" : "SP_T10_bullet",
	"ActionName" : "T10_bullet_1",
	"Color" : 16777215,
	"Scale" : 1,
	"BulletCount" : 1,
	"HitType" : 1,
	"HitEffectID" : 0,
	"NetEffect" : 157,
	"NetSize" : 95,
	"NetCount" : 1,
	"HitCount" : 1,
	"NetHitCount" : 3,
	"Speed" : 900,
	"Interval" : 30
},
{
	"ID" : 8,
	"Name" : "魏延",
	"BulletID" : 8,
	"BulletType" : 1,
	"ResType" : 1,
	"CostTimes" : 1,
	"ResPath" : "SP_T11_bullet",
	"ActionName" : "T11_bullet_1",
	"Color" : 16777215,
	"Scale" : 1,
	"BulletCount" : 1,
	"HitType" : 1,
	"HitEffectID" : 0,
	"NetEffect" : 158,
	"NetSize" : 95,
	"NetCount" : 1,
	"HitCount" : 1,
	"NetHitCount" : 3,
	"Speed" : 900,
	"Interval" : 30
},
{
	"ID" : 9,
	"Name" : "吕布",
	"BulletID" : 9,
	"BulletType" : 1,
	"ResType" : 1,
	"CostTimes" : 1,
	"ResPath" : "SP_T3_bullet",
	"ActionName" : "T3_bullet_1",
	"Color" : 16777215,
	"Scale" : 1,
	"BulletCount" : 1,
	"HitType" : 1,
	"HitEffectID" : 0,
	"NetEffect" : 159,
	"NetSize" : 95,
	"NetCount" : 1,
	"HitCount" : 1,
	"NetHitCount" : 3,
	"Speed" : 900,
	"Interval" : 30
},
{
	"ID" : 10,
	"Name" : "财神",
	"BulletID" : 10,
	"BulletType" : 1,
	"ResType" : 1,
	"CostTimes" : 1,
	"ResPath" : "SP_T12_bullet",
	"ActionName" : "T12_bullet_1",
	"Color" : 16777215,
	"Scale" : 1,
	"BulletCount" : 1,
	"HitType" : 1,
	"HitEffectID" : 0,
	"NetEffect" : 160,
	"NetSize" : 95,
	"NetCount" : 1,
	"HitCount" : 1,
	"NetHitCount" : 3,
	"Speed" : 900,
	"Interval" : 50
},
{
	"ID" : 11,
	"Name" : "财神",
	"BulletID" : 11,
	"BulletType" : 1,
	"ResType" : 1,
	"CostTimes" : 1,
	"ResPath" : "SP_T12_bullet",
	"ActionName" : "T12_bullet_2",
	"Color" : 16777215,
	"Scale" : 1,
	"BulletCount" : 1,
	"HitType" : 1,
	"HitEffectID" : 0,
	"NetEffect" : 160,
	"NetSize" : 95,
	"NetCount" : 1,
	"HitCount" : 1,
	"NetHitCount" : 3,
	"Speed" : 900,
	"Interval" : 50
},
{
	"ID" : 12,
	"Name" : "财神",
	"BulletID" : 12,
	"BulletType" : 1,
	"ResType" : 1,
	"CostTimes" : 1,
	"ResPath" : "SP_T12_bullet",
	"ActionName" : "T12_bullet_3",
	"Color" : 16777215,
	"Scale" : 1,
	"BulletCount" : 1,
	"HitType" : 1,
	"HitEffectID" : 0,
	"NetEffect" : 160,
	"NetSize" : 95,
	"NetCount" : 1,
	"HitCount" : 1,
	"NetHitCount" : 3,
	"Speed" : 900,
	"Interval" : 50
},
{
	"ID" : 13,
	"Name" : "刘备",
	"BulletID" : 13,
	"BulletType" : 1,
	"ResType" : 1,
	"CostTimes" : 1,
	"ResPath" : "SP_T4_bullet",
	"ActionName" : "T4_bullet_1",
	"Color" : 16777215,
	"Scale" : 1,
	"BulletCount" : 1,
	"HitType" : 1,
	"HitEffectID" : 0,
	"NetEffect" : 161,
	"NetSize" : 95,
	"NetCount" : 1,
	"HitCount" : 1,
	"NetHitCount" : 3,
	"Speed" : 900,
	"Interval" : 30
},
{
	"ID" : 14,
	"Name" : "曹操",
	"BulletID" : 14,
	"BulletType" : 1,
	"ResType" : 1,
	"CostTimes" : 1,
	"ResPath" : "SP_T5_bullet",
	"ActionName" : "T5_bullet_1",
	"Color" : 16777215,
	"Scale" : 1,
	"BulletCount" : 1,
	"HitType" : 1,
	"HitEffectID" : 0,
	"NetEffect" : 162,
	"NetSize" : 95,
	"NetCount" : 1,
	"HitCount" : 1,
	"NetHitCount" : 3,
	"Speed" : 900,
	"Interval" : 30
},
{
	"ID" : 15,
	"Name" : "孙权",
	"BulletID" : 15,
	"BulletType" : 1,
	"ResType" : 1,
	"CostTimes" : 1,
	"ResPath" : "SP_T6_bullet",
	"ActionName" : "T6_bullet_1",
	"Color" : 16777215,
	"Scale" : 1,
	"BulletCount" : 1,
	"HitType" : 1,
	"HitEffectID" : 0,
	"NetEffect" : 163,
	"NetSize" : 95,
	"NetCount" : 1,
	"HitCount" : 1,
	"NetHitCount" : 3,
	"Speed" : 900,
	"Interval" : 30
},
{
	"ID" : 16,
	"Name" : "貂蝉",
	"BulletID" : 16,
	"BulletType" : 1,
	"ResType" : 1,
	"CostTimes" : 1,
	"ResPath" : "SP_T13_bullet",
	"ActionName" : "T13_bullet_1",
	"Color" : 16777215,
	"Scale" : 1,
	"BulletCount" : 1,
	"HitType" : 1,
	"HitEffectID" : 0,
	"NetEffect" : 169,
	"NetSize" : 95,
	"NetCount" : 1,
	"HitCount" : 1,
	"NetHitCount" : 3,
	"Speed" : 900,
	"Interval" : 30
},
{
	"ID" : 17,
	"Name" : "甄姬",
	"BulletID" : 17,
	"BulletType" : 1,
	"ResType" : 1,
	"CostTimes" : 1,
	"ResPath" : "SP_T14_bullet",
	"ActionName" : "T14_bullet_1",
	"Color" : 16777215,
	"Scale" : 1,
	"BulletCount" : 1,
	"HitType" : 1,
	"HitEffectID" : 0,
	"NetEffect" : 171,
	"NetSize" : 95,
	"NetCount" : 1,
	"HitCount" : 1,
	"NetHitCount" : 3,
	"Speed" : 900,
	"Interval" : 30
},
{
	"ID" : 18,
	"Name" : "大乔",
	"BulletID" : 18,
	"BulletType" : 1,
	"ResType" : 1,
	"CostTimes" : 1,
	"ResPath" : "SP_T15_bullet",
	"ActionName" : "T15_bullet_1",
	"Color" : 16777215,
	"Scale" : 1,
	"BulletCount" : 1,
	"HitType" : 1,
	"HitEffectID" : 0,
	"NetEffect" : 173,
	"NetSize" : 95,
	"NetCount" : 1,
	"HitCount" : 1,
	"NetHitCount" : 3,
	"Speed" : 900,
	"Interval" : 30
},
{
	"ID" : 19,
	"Name" : "小乔",
	"BulletID" : 19,
	"BulletType" : 1,
	"ResType" : 1,
	"CostTimes" : 1,
	"ResPath" : "SP_T16_bullet",
	"ActionName" : "T16_bullet_1",
	"Color" : 16777215,
	"Scale" : 1,
	"BulletCount" : 1,
	"HitType" : 1,
	"HitEffectID" : 0,
	"NetEffect" : 174,
	"NetSize" : 95,
	"NetCount" : 1,
	"HitCount" : 1,
	"NetHitCount" : 3,
	"Speed" : 900,
	"Interval" : 30
},
{
	"ID" : 20,
	"Name" : "孙尚香",
	"BulletID" : 20,
	"BulletType" : 1,
	"ResType" : 1,
	"CostTimes" : 1,
	"ResPath" : "SP_T17_bullet",
	"ActionName" : "T17_bullet_1",
	"Color" : 16777215,
	"Scale" : 1,
	"BulletCount" : 1,
	"HitType" : 1,
	"HitEffectID" : 0,
	"NetEffect" : 175,
	"NetSize" : 95,
	"NetCount" : 1,
	"HitCount" : 1,
	"NetHitCount" : 3,
	"Speed" : 900,
	"Interval" : 30
},
{
	"ID" : 101,
	"Name" : "钻头炮",
	"BulletID" : 101,
	"BulletType" : 11,
	"ResType" : 1,
	"CostTimes" : 1,
	"ResPath" : "SP_bullet101",
	"ActionName" : "animation",
	"Color" : 14406891,
	"Scale" : 1,
	"Collider" : "0,0,60,60",
	"BulletCount" : 1,
	"HitType" : 1,
	"HitEffectID" : 0,
	"NetEffect" : 2001,
	"NetSize" : 400,
	"NetCount" : 1,
	"HitCount" : 6,
	"NetHitCount" : 3,
	"Speed" : 900,
	"Param" : "5"
},
{
	"ID" : 102,
	"Name" : "激光炮",
	"BulletID" : 102,
	"BulletType" : 10,
	"ResType" : 1,
	"CostTimes" : 1,
	"ResPath" : "SP_bullet102",
	"ActionName" : "animation",
	"Color" : 14406891,
	"Scale" : 1,
	"Collider" : "0,0,300,3000",
	"BulletCount" : 1,
	"HitType" : 1,
	"HitEffectID" : 0,
	"NetEffect" : 0,
	"NetSize" : 0,
	"NetCount" : 1,
	"HitCount" : 6,
	"NetHitCount" : 3,
	"Speed" : 900,
	"Param" : "3000",
	"Interval" : 0
},
{
	"ID" : 103,
	"Name" : "导弹",
	"BulletID" : 103,
	"BulletType" : 12,
	"ResType" : 1,
	"CostTimes" : 1,
	"ResPath" : "SP_bullet102",
	"ActionName" : "animation",
	"Color" : 14406891,
	"Scale" : 1,
	"Collider" : "0,0,60,60",
	"BulletCount" : 1,
	"HitType" : 1,
	"HitEffectID" : 0,
	"NetEffect" : 0,
	"NetSize" : 0,
	"NetCount" : 1,
	"HitCount" : 6,
	"NetHitCount" : 3,
	"Speed" : 900,
	"Interval" : 0
},
{
	"ID" : 104,
	"Name" : "狂暴子弹_4",
	"BulletID" : 104,
	"BulletType" : 1,
	"ResType" : 1,
	"CostTimes" : 1,
	"ResPath" : "SP_T101_bullet",
	"ActionName" : "T101_bullet",
	"Color" : 16777215,
	"Scale" : 1,
	"BulletCount" : 1,
	"HitType" : 1,
	"HitEffectID" : 0,
	"NetEffect" : 164,
	"NetSize" : 100,
	"NetCount" : 1,
	"HitCount" : 1,
	"NetHitCount" : 3,
	"Speed" : 900,
	"Interval" : 50
},
{
	"ID" : 105,
	"Name" : "狂暴子弹_5",
	"BulletID" : 105,
	"BulletType" : 1,
	"ResType" : 1,
	"CostTimes" : 1,
	"ResPath" : "SP_T101_bullet",
	"ActionName" : "T101_bullet_05",
	"Color" : 16777215,
	"Scale" : 1,
	"BulletCount" : 1,
	"HitType" : 1,
	"HitEffectID" : 0,
	"NetEffect" : 164,
	"NetSize" : 100,
	"NetCount" : 1,
	"HitCount" : 1,
	"NetHitCount" : 3,
	"Speed" : 900,
	"Interval" : 50
},
{
	"ID" : 106,
	"Name" : "狂暴子弹_6",
	"BulletID" : 106,
	"BulletType" : 1,
	"ResType" : 1,
	"CostTimes" : 1,
	"ResPath" : "SP_T101_bullet",
	"ActionName" : "T101_bullet_06",
	"Color" : 16777215,
	"Scale" : 1,
	"BulletCount" : 1,
	"HitType" : 1,
	"HitEffectID" : 0,
	"NetEffect" : 164,
	"NetSize" : 100,
	"NetCount" : 1,
	"HitCount" : 1,
	"NetHitCount" : 3,
	"Speed" : 900,
	"Interval" : 50
},
{
	"ID" : 107,
	"Name" : "狂暴子弹_7",
	"BulletID" : 107,
	"BulletType" : 1,
	"ResType" : 1,
	"CostTimes" : 1,
	"ResPath" : "SP_T101_bullet",
	"ActionName" : "T101_bullet_07",
	"Color" : 16777215,
	"Scale" : 1,
	"BulletCount" : 1,
	"HitType" : 1,
	"HitEffectID" : 0,
	"NetEffect" : 164,
	"NetSize" : 100,
	"NetCount" : 1,
	"HitCount" : 1,
	"NetHitCount" : 3,
	"Speed" : 900,
	"Interval" : 50
},
{
	"ID" : 108,
	"Name" : "狂暴子弹_8",
	"BulletID" : 108,
	"BulletType" : 1,
	"ResType" : 1,
	"CostTimes" : 1,
	"ResPath" : "SP_T101_bullet",
	"ActionName" : "T101_bullet_08",
	"Color" : 16777215,
	"Scale" : 1,
	"BulletCount" : 1,
	"HitType" : 1,
	"HitEffectID" : 0,
	"NetEffect" : 164,
	"NetSize" : 100,
	"NetCount" : 1,
	"HitCount" : 1,
	"NetHitCount" : 3,
	"Speed" : 900,
	"Interval" : 50
},
{
	"ID" : 109,
	"Name" : "狂暴子弹_9",
	"BulletID" : 109,
	"BulletType" : 1,
	"ResType" : 1,
	"CostTimes" : 1,
	"ResPath" : "SP_T101_bullet",
	"ActionName" : "T101_bullet_09",
	"Color" : 16777215,
	"Scale" : 1,
	"BulletCount" : 1,
	"HitType" : 1,
	"HitEffectID" : 0,
	"NetEffect" : 164,
	"NetSize" : 100,
	"NetCount" : 1,
	"HitCount" : 1,
	"NetHitCount" : 3,
	"Speed" : 900,
	"Interval" : 50
},
{
	"ID" : 110,
	"Name" : "狂暴子弹_10",
	"BulletID" : 110,
	"BulletType" : 1,
	"ResType" : 1,
	"CostTimes" : 1,
	"ResPath" : "SP_T101_bullet",
	"ActionName" : "T101_bullet_10",
	"Color" : 16777215,
	"Scale" : 1,
	"BulletCount" : 1,
	"HitType" : 1,
	"HitEffectID" : 0,
	"NetEffect" : 164,
	"NetSize" : 100,
	"NetCount" : 1,
	"HitCount" : 1,
	"NetHitCount" : 3,
	"Speed" : 900,
	"Interval" : 50
}
]