[
{
	"ID" : 0, 
	"Type" : 0, 
	"CenterType" : 0, 
	"Collider" : "", 
	"EffectID" : 0, 
	"Param" : 0, 
	"SkillID" : 0, 
	"ParamList" : "", 
	"GoldReturn" : 0
},
{
	"ID" : 1,
	"Type" : 1,
	"EffectID" : 2000,
	"ParamList" : "icon_fish_016,icon_fish_017,icon_fish_018,icon_fish_019,icon_fish_020,icon_fish_204",
	"GoldReturn" : 1
},
{
	"ID" : 2,
	"Type" : 2,
	"EffectID" : 2000,
	"GoldReturn" : 1
},
{
	"ID" : 3,
	"Type" : 3,
	"CenterType" : 1,
	"Collider" : "1,300",
	"EffectID" : 10032,
	"Param" : 4,
	"SkillID" : 211
},
{
	"ID" : 4,
	"Type" : 4,
	"CenterType" : 1,
	"Collider" : "1,300",
	"EffectID" : 2001,
	"Param" : 4,
	"SkillID" : 212
},
{
	"ID" : 5,
	"Type" : 5,
	"CenterType" : 1,
	"Collider" : "1,400",
	"EffectID" : 2002,
	"Param" : 5,
	"SkillID" : 213
},
{
	"ID" : 7,
	"Type" : 6,
	"CenterType" : 1,
	"EffectID" : 121,
	"Param" : 1
},
{
	"ID" : 8,
	"Type" : 7,
	"CenterType" : 1,
	"EffectID" : 122,
	"Param" : 2
},
{
	"ID" : 9,
	"Type" : 8,
	"Param" : 2
},
{
	"ID" : 10,
	"Type" : 10,
	"Param" : 203,
	"SkillID" : 203
},
{
	"ID" : 11,
	"Type" : 10,
	"Param" : 204,
	"SkillID" : 204
},
{
	"ID" : 12,
	"Type" : 10,
	"Param" : 201,
	"SkillID" : 201
},
{
	"ID" : 13,
	"Type" : 10,
	"Param" : 202,
	"SkillID" : 202
},
{
	"ID" : 14,
	"Type" : 3,
	"CenterType" : 1,
	"Collider" : "1,500",
	"EffectID" : 2006,
	"Param" : 8,
	"SkillID" : 214
},
{
	"ID" : 15,
	"Type" : 11,
	"Param" : 208,
	"SkillID" : 208
},
{
	"ID" : 16,
	"Type" : 11,
	"Param" : 209,
	"SkillID" : 209
},
{
	"ID" : 17,
	"Type" : 11,
	"Param" : 210,
	"SkillID" : 210
},
{
	"ID" : 18,
	"Type" : 9,
	"Param" : 4190
},
{
	"ID" : 19,
	"Type" : 9,
	"Param" : 4200
},
{
	"ID" : 20,
	"Type" : 4,
	"CenterType" : 1,
	"Collider" : "1,400",
	"EffectID" : 2001,
	"Param" : 80,
	"SkillID" : 212
},
{
	"ID" : 21,
	"Type" : 5,
	"CenterType" : 1,
	"Collider" : "1,500",
	"EffectID" : 2002,
	"Param" : 20,
	"SkillID" : 213
},
{
	"ID" : 22,
	"Type" : 12,
	"EffectID" : 10601,
	"Param" : 1
},
{
	"ID" : 23,
	"Type" : 12,
	"EffectID" : 10601,
	"Param" : 2
},
{
	"ID" : 24,
	"Type" : 12,
	"EffectID" : 10601,
	"Param" : 3
},
{
	"ID" : 25,
	"Type" : 12,
	"Param" : 4
},
{
	"ID" : 26,
	"Type" : 12
},
{
	"ID" : 27,
	"Type" : 12,
	"EffectID" : 10601
},
{
	"ID" : 28,
	"Type" : 12,
	"EffectID" : 10601,
	"Param" : 5
}
]