[
{
	"ID" : 0, 
	"Description" : "", 
	"SceneResource" : 0, 
	"BackGround" : "", 
	"BackGroundSound" : 0, 
	"LifeTime" : 0, 
	"FishShoalGroup" : "", 
	"ProcessResource" : "", 
	"SwitchSceneFishEndPos" : ""
},
{
	"ID" : 101,
	"Description" : "赤蟹霸王-基础",
	"SceneResource" : 2003,
	"BackGround" : "T_FishScene1",
	"BackGroundSound" : 25,
	"FishShoalGroup" : "101,102,103,104,105,106,107,108,109,110,111,112,117",
	"SwitchSceneFishEndPos" : "-360,360"
},
{
	"ID" : 102,
	"Description" : "玄武降临-基础",
	"SceneResource" : 2003,
	"BackGround" : "T_FishScene1",
	"BackGroundSound" : 25,
	"LifeTime" : 180000,
	"FishShoalGroup" : "121,122,123,124,125,126,127,128,129,130,131,132,137",
	"SwitchSceneFishEndPos" : "-360,360"
},
{
	"ID" : 151,
	"Description" : "赤蟹霸王-特殊",
	"SceneResource" : 2003,
	"BackGround" : "T_FishScene1",
	"BackGroundSound" : 25,
	"LifeTime" : 180000,
	"FishShoalGroup" : "101,102,103,104,114,106,115,108,109,110,111,112,116,117",
	"SwitchSceneFishEndPos" : "-360,360"
},
{
	"ID" : 152,
	"Description" : "玄武降临-特殊",
	"SceneResource" : 2003,
	"BackGround" : "T_FishScene1",
	"BackGroundSound" : 25,
	"FishShoalGroup" : "121,122,123,124,134,126,135,128,129,130,131,132,136,137",
	"SwitchSceneFishEndPos" : "-360,360"
},
{
	"ID" : 154,
	"Description" : "海盗宝藏-特殊",
	"SceneResource" : 2003,
	"BackGround" : "T_FishScene4",
	"BackGroundSound" : 136,
	"FishShoalGroup" : "161,162,163,164,175,166,168,169,170,171,172,173,167,176,178,179",
	"SwitchSceneFishEndPos" : "-360,360"
},
{
	"ID" : 155,
	"Description" : "狐妖现世-特殊",
	"SceneResource" : 2003,
	"BackGround" : "T_FishScene5",
	"BackGroundSound" : 136,
	"FishShoalGroup" : "182,183,184,194,186,195,197,198",
	"SwitchSceneFishEndPos" : "-360,360"
},
{
	"ID" : 201,
	"Description" : "金币房-难度1",
	"BackGround" : "T_FishScene1",
	"BackGroundSound" : 25,
	"FishShoalGroup" : "1001,1002,1003,1004,1005"
},
{
	"ID" : 202,
	"Description" : "金币房-难度2",
	"BackGround" : "T_FishScene1",
	"BackGroundSound" : 25,
	"FishShoalGroup" : "1101,1102,1103,1104,1105"
},
{
	"ID" : 203,
	"Description" : "金币房-难度3",
	"BackGround" : "T_FishScene1",
	"BackGroundSound" : 25,
	"FishShoalGroup" : "1201,1202,1203,1204,1205"
},
{
	"ID" : 204,
	"Description" : "金币房-难度4",
	"BackGround" : "T_FishScene1",
	"BackGroundSound" : 25,
	"FishShoalGroup" : "1301,1302,1303,1304,1305"
},
{
	"ID" : 301,
	"Description" : "升星石房-难度1",
	"BackGround" : "T_FishScene1",
	"BackGroundSound" : 25,
	"FishShoalGroup" : "2001,2002,2003,2004,2005"
},
{
	"ID" : 302,
	"Description" : "升星石房-难度2",
	"BackGround" : "T_FishScene1",
	"BackGroundSound" : 25,
	"FishShoalGroup" : "2101,2102,2103,2104,2105"
},
{
	"ID" : 303,
	"Description" : "升星石房-难度3",
	"BackGround" : "T_FishScene1",
	"BackGroundSound" : 25,
	"FishShoalGroup" : "2201,2202,2203,2204,2205"
},
{
	"ID" : 304,
	"Description" : "升星石房-难度4",
	"BackGround" : "T_FishScene1",
	"BackGroundSound" : 25,
	"FishShoalGroup" : "2301,2302,2303,2304,2305"
},
{
	"ID" : 401,
	"Description" : "羽之精粹房-难度1",
	"BackGround" : "T_FishScene1",
	"BackGroundSound" : 25,
	"FishShoalGroup" : "3001,3002,3003,3004,3005"
},
{
	"ID" : 402,
	"Description" : "羽之精粹房-难度2",
	"BackGround" : "T_FishScene1",
	"BackGroundSound" : 25,
	"FishShoalGroup" : "3101,3102,3103,3104,3105"
},
{
	"ID" : 403,
	"Description" : "羽之精粹房-难度3",
	"BackGround" : "T_FishScene1",
	"BackGroundSound" : 25,
	"FishShoalGroup" : "3201,3202,3203,3204,3205"
},
{
	"ID" : 404,
	"Description" : "羽之精粹房-难度4",
	"BackGround" : "T_FishScene1",
	"BackGroundSound" : 25,
	"FishShoalGroup" : "3301,3302,3303,3304,3305"
},
{
	"ID" : 501,
	"Description" : "竞技场",
	"BackGround" : "T_FishScene1",
	"BackGroundSound" : 25,
	"FishShoalGroup" : "4001,4002,4003,4004,4005,4006,4007,4008,4009,4010,4011"
},
{
	"ID" : 10001,
	"Description" : "活动鱼池1",
	"SceneResource" : 2003,
	"BackGround" : "T_FishScene1",
	"BackGroundSound" : 136,
	"LifeTime" : 300000,
	"FishShoalGroup" : "6001,6002,6003,6004,6005,6006,6007,6008,6009,6010,6011,6012,6013",
	"ProcessResource" : "FishPoolTip1",
	"SwitchSceneFishEndPos" : "-360,360"
},
{
	"ID" : 10002,
	"Description" : "活动鱼池2",
	"SceneResource" : 2003,
	"BackGround" : "T_FishScene1",
	"BackGroundSound" : 136,
	"LifeTime" : 300000,
	"FishShoalGroup" : "6001,6002,6003,6004,6005,6006,6007,6008,6009,6010,6011,6012,6014",
	"ProcessResource" : "FishPoolTip2",
	"SwitchSceneFishEndPos" : "-360,360"
},
{
	"ID" : 2001,
	"Description" : "经典娱乐发鱼潮",
	"SceneResource" : 2003,
	"BackGround" : "T_FishScene1",
	"BackGroundSound" : 134,
	"LifeTime" : 120000,
	"FishShoalGroup" : "601,602,603,604,161,162,163,164,165,166,167,168,169,170,171,172,173",
	"SwitchSceneFishEndPos" : "-360,360"
},
{
	"ID" : 2002,
	"Description" : "经典娱乐财鱼潮",
	"SceneResource" : 2003,
	"BackGround" : "T_FishScene1",
	"BackGroundSound" : 134,
	"LifeTime" : 120000,
	"FishShoalGroup" : "608,605,606,607,182,183,184,185,186,187,188",
	"SwitchSceneFishEndPos" : "-360,360"
},
{
	"ID" : 2003,
	"Description" : "爱心接吻鱼潮",
	"SceneResource" : 2003,
	"BackGround" : "T_FishScene1",
	"BackGroundSound" : 134,
	"LifeTime" : 120000,
	"FishShoalGroup" : "611,612,613",
	"SwitchSceneFishEndPos" : "-360,360"
}
]