[
{
	"ID" : 0, 
	"GroupID" : 0, 
	"FishID" : 0, 
	"FishIDWeight" : 0
},
{
	"ID" : 1,
	"GroupID" : 11,
	"FishID" : 10001,
	"FishIDWeight" : 30
},
{
	"ID" : 2,
	"GroupID" : 11,
	"FishID" : 10002,
	"FishIDWeight" : 30
},
{
	"ID" : 3,
	"GroupID" : 11,
	"FishID" : 10003,
	"FishIDWeight" : 30
},
{
	"ID" : 4,
	"GroupID" : 11,
	"FishID" : 10004,
	"FishIDWeight" : 30
},
{
	"ID" : 5,
	"GroupID" : 11,
	"FishID" : 10005,
	"FishIDWeight" : 30
},
{
	"ID" : 6,
	"GroupID" : 11,
	"FishID" : 10006,
	"FishIDWeight" : 30
},
{
	"ID" : 7,
	"GroupID" : 11,
	"FishID" : 10007,
	"FishIDWeight" : 30
},
{
	"ID" : 8,
	"GroupID" : 11,
	"FishID" : 10008,
	"FishIDWeight" : 30
},
{
	"ID" : 9,
	"GroupID" : 11,
	"FishID" : 10009,
	"FishIDWeight" : 30
},
{
	"ID" : 10,
	"GroupID" : 12,
	"FishID" : 10016,
	"FishIDWeight" : 30
},
{
	"ID" : 11,
	"GroupID" : 12,
	"FishID" : 10017,
	"FishIDWeight" : 30
},
{
	"ID" : 12,
	"GroupID" : 12,
	"FishID" : 10018,
	"FishIDWeight" : 30
},
{
	"ID" : 13,
	"GroupID" : 13,
	"FishID" : 10103,
	"FishIDWeight" : 10
},
{
	"ID" : 14,
	"GroupID" : 13,
	"FishID" : 10104,
	"FishIDWeight" : 10
},
{
	"ID" : 15,
	"GroupID" : 14,
	"FishID" : 10151,
	"FishIDWeight" : 30
},
{
	"ID" : 16,
	"GroupID" : 14,
	"FishID" : 10152,
	"FishIDWeight" : 0
},
{
	"ID" : 17,
	"GroupID" : 14,
	"FishID" : 10156,
	"FishIDWeight" : 0
},
{
	"ID" : 18,
	"GroupID" : 15,
	"FishID" : 10304,
	"FishIDWeight" : 30
},
{
	"ID" : 19,
	"GroupID" : 15,
	"FishID" : 10501,
	"FishIDWeight" : 30
},
{
	"ID" : 20,
	"GroupID" : 18,
	"FishID" : 506,
	"FishIDWeight" : 100
},
{
	"ID" : 21,
	"GroupID" : 16,
	"FishID" : 220,
	"FishIDWeight" : 0
},
{
	"ID" : 22,
	"GroupID" : 16,
	"FishID" : 10206,
	"FishIDWeight" : 30
},
{
	"ID" : 22,
	"GroupID" : 16,
	"FishID" : 10208,
	"FishIDWeight" : 30
},
{
	"ID" : 23,
	"GroupID" : 17,
	"FishID" : 10301,
	"FishIDWeight" : 30
},
{
	"ID" : 24,
	"GroupID" : 21,
	"FishID" : 10001,
	"FishIDWeight" : 30
},
{
	"ID" : 25,
	"GroupID" : 21,
	"FishID" : 10002,
	"FishIDWeight" : 30
},
{
	"ID" : 26,
	"GroupID" : 21,
	"FishID" : 10003,
	"FishIDWeight" : 30
},
{
	"ID" : 27,
	"GroupID" : 21,
	"FishID" : 10004,
	"FishIDWeight" : 30
},
{
	"ID" : 28,
	"GroupID" : 21,
	"FishID" : 10005,
	"FishIDWeight" : 30
},
{
	"ID" : 29,
	"GroupID" : 21,
	"FishID" : 10006,
	"FishIDWeight" : 30
},
{
	"ID" : 30,
	"GroupID" : 21,
	"FishID" : 10007,
	"FishIDWeight" : 30
},
{
	"ID" : 31,
	"GroupID" : 21,
	"FishID" : 10008,
	"FishIDWeight" : 30
},
{
	"ID" : 32,
	"GroupID" : 21,
	"FishID" : 10010,
	"FishIDWeight" : 30
},
{
	"ID" : 33,
	"GroupID" : 21,
	"FishID" : 10011,
	"FishIDWeight" : 30
},
{
	"ID" : 34,
	"GroupID" : 22,
	"FishID" : 10017,
	"FishIDWeight" : 30
},
{
	"ID" : 35,
	"GroupID" : 22,
	"FishID" : 10018,
	"FishIDWeight" : 30
},
{
	"ID" : 36,
	"GroupID" : 22,
	"FishID" : 10019,
	"FishIDWeight" : 30
},
{
	"ID" : 37,
	"GroupID" : 23,
	"FishID" : 10102,
	"FishIDWeight" : 10
},
{
	"ID" : 38,
	"GroupID" : 23,
	"FishID" : 10105,
	"FishIDWeight" : 10
},
{
	"ID" : 39,
	"GroupID" : 24,
	"FishID" : 10151,
	"FishIDWeight" : 30
},
{
	"ID" : 40,
	"GroupID" : 24,
	"FishID" : 10152,
	"FishIDWeight" : 30
},
{
	"ID" : 41,
	"GroupID" : 24,
	"FishID" : 10156,
	"FishIDWeight" : 0
},
{
	"ID" : 42,
	"GroupID" : 24,
	"FishID" : 10157,
	"FishIDWeight" : 0
},
{
	"ID" : 43,
	"GroupID" : 25,
	"FishID" : 10501,
	"FishIDWeight" : 30
},
{
	"ID" : 44,
	"GroupID" : 25,
	"FishID" : 10502,
	"FishIDWeight" : 0
},
{
	"ID" : 45,
	"GroupID" : 25,
	"FishID" : 10304,
	"FishIDWeight" : 30
},
{
	"ID" : 46,
	"GroupID" : 25,
	"FishID" : 10504,
	"FishIDWeight" : 30
},
{
	"ID" : 47,
	"GroupID" : 25,
	"FishID" : 10505,
	"FishIDWeight" : 30
},
{
	"ID" : 48,
	"GroupID" : 28,
	"FishID" : 507,
	"FishIDWeight" : 100
},
{
	"ID" : 49,
	"GroupID" : 26,
	"FishID" : 10201,
	"FishIDWeight" : 30
},
{
	"ID" : 50,
	"GroupID" : 26,
	"FishID" : 218,
	"FishIDWeight" : 30
},
{
	"ID" : 50,
	"GroupID" : 26,
	"FishID" : 10206,
	"FishIDWeight" : 30
},
{
	"ID" : 51,
	"GroupID" : 26,
	"FishID" : 10208,
	"FishIDWeight" : 30
},
{
	"ID" : 53,
	"GroupID" : 27,
	"FishID" : 10302,
	"FishIDWeight" : 30
},
{
	"ID" : 54,
	"GroupID" : 31,
	"FishID" : 10001,
	"FishIDWeight" : 30
},
{
	"ID" : 55,
	"GroupID" : 31,
	"FishID" : 10002,
	"FishIDWeight" : 30
},
{
	"ID" : 56,
	"GroupID" : 31,
	"FishID" : 10003,
	"FishIDWeight" : 30
},
{
	"ID" : 57,
	"GroupID" : 31,
	"FishID" : 10004,
	"FishIDWeight" : 30
},
{
	"ID" : 58,
	"GroupID" : 31,
	"FishID" : 10005,
	"FishIDWeight" : 30
},
{
	"ID" : 59,
	"GroupID" : 31,
	"FishID" : 10006,
	"FishIDWeight" : 30
},
{
	"ID" : 60,
	"GroupID" : 31,
	"FishID" : 10007,
	"FishIDWeight" : 30
},
{
	"ID" : 61,
	"GroupID" : 31,
	"FishID" : 10008,
	"FishIDWeight" : 30
},
{
	"ID" : 62,
	"GroupID" : 31,
	"FishID" : 10012,
	"FishIDWeight" : 30
},
{
	"ID" : 63,
	"GroupID" : 31,
	"FishID" : 10013,
	"FishIDWeight" : 30
},
{
	"ID" : 64,
	"GroupID" : 32,
	"FishID" : 10018,
	"FishIDWeight" : 30
},
{
	"ID" : 65,
	"GroupID" : 32,
	"FishID" : 10019,
	"FishIDWeight" : 30
},
{
	"ID" : 66,
	"GroupID" : 32,
	"FishID" : 10020,
	"FishIDWeight" : 30
},
{
	"ID" : 67,
	"GroupID" : 33,
	"FishID" : 10102,
	"FishIDWeight" : 30
},
{
	"ID" : 68,
	"GroupID" : 33,
	"FishID" : 10104,
	"FishIDWeight" : 30
},
{
	"ID" : 69,
	"GroupID" : 33,
	"FishID" : 10105,
	"FishIDWeight" : 30
},
{
	"ID" : 70,
	"GroupID" : 34,
	"FishID" : 10151,
	"FishIDWeight" : 30
},
{
	"ID" : 71,
	"GroupID" : 34,
	"FishID" : 10153,
	"FishIDWeight" : 30
},
{
	"ID" : 72,
	"GroupID" : 34,
	"FishID" : 10157,
	"FishIDWeight" : 30
},
{
	"ID" : 73,
	"GroupID" : 34,
	"FishID" : 10152,
	"FishIDWeight" : 30
},
{
	"ID" : 74,
	"GroupID" : 34,
	"FishID" : 10156,
	"FishIDWeight" : 0
},
{
	"ID" : 75,
	"GroupID" : 35,
	"FishID" : 10501,
	"FishIDWeight" : 30
},
{
	"ID" : 76,
	"GroupID" : 35,
	"FishID" : 10502,
	"FishIDWeight" : 0
},
{
	"ID" : 77,
	"GroupID" : 35,
	"FishID" : 10304,
	"FishIDWeight" : 30
},
{
	"ID" : 78,
	"GroupID" : 35,
	"FishID" : 10504,
	"FishIDWeight" : 30
},
{
	"ID" : 79,
	"GroupID" : 35,
	"FishID" : 10505,
	"FishIDWeight" : 30
},
{
	"ID" : 80,
	"GroupID" : 35,
	"FishID" : 10305,
	"FishIDWeight" : 10
},
{
	"ID" : 81,
	"GroupID" : 36,
	"FishID" : 218,
	"FishIDWeight" : 30
},
{
	"ID" : 82,
	"GroupID" : 36,
	"FishID" : 10206,
	"FishIDWeight" : 30
},
{
	"ID" : 83,
	"GroupID" : 36,
	"FishID" : 10208,
	"FishIDWeight" : 30
},
{
	"ID" : 84,
	"GroupID" : 36,
	"FishID" : 10215,
	"FishIDWeight" : 5
},
{
	"ID" : 85,
	"GroupID" : 37,
	"FishID" : 10213,
	"FishIDWeight" : 10
},
{
	"ID" : 86,
	"GroupID" : 37,
	"FishID" : 10214,
	"FishIDWeight" : 90
},
{
	"ID" : 87,
	"GroupID" : 38,
	"FishID" : 219,
	"FishIDWeight" : 50
},
{
	"ID" : 88,
	"GroupID" : 41,
	"FishID" : 1,
	"FishIDWeight" : 30
},
{
	"ID" : 89,
	"GroupID" : 41,
	"FishID" : 2,
	"FishIDWeight" : 30
},
{
	"ID" : 90,
	"GroupID" : 41,
	"FishID" : 3,
	"FishIDWeight" : 30
},
{
	"ID" : 91,
	"GroupID" : 41,
	"FishID" : 4,
	"FishIDWeight" : 30
},
{
	"ID" : 92,
	"GroupID" : 41,
	"FishID" : 5,
	"FishIDWeight" : 30
},
{
	"ID" : 93,
	"GroupID" : 41,
	"FishID" : 6,
	"FishIDWeight" : 30
},
{
	"ID" : 94,
	"GroupID" : 41,
	"FishID" : 7,
	"FishIDWeight" : 30
},
{
	"ID" : 95,
	"GroupID" : 41,
	"FishID" : 8,
	"FishIDWeight" : 30
},
{
	"ID" : 96,
	"GroupID" : 41,
	"FishID" : 14,
	"FishIDWeight" : 30
},
{
	"ID" : 97,
	"GroupID" : 41,
	"FishID" : 15,
	"FishIDWeight" : 30
},
{
	"ID" : 98,
	"GroupID" : 42,
	"FishID" : 19,
	"FishIDWeight" : 30
},
{
	"ID" : 99,
	"GroupID" : 42,
	"FishID" : 20,
	"FishIDWeight" : 30
},
{
	"ID" : 100,
	"GroupID" : 42,
	"FishID" : 21,
	"FishIDWeight" : 30
},
{
	"ID" : 101,
	"GroupID" : 43,
	"FishID" : 101,
	"FishIDWeight" : 5
},
{
	"ID" : 102,
	"GroupID" : 43,
	"FishID" : 103,
	"FishIDWeight" : 45
},
{
	"ID" : 103,
	"GroupID" : 43,
	"FishID" : 105,
	"FishIDWeight" : 45
},
{
	"ID" : 104,
	"GroupID" : 43,
	"FishID" : 106,
	"FishIDWeight" : 5
},
{
	"ID" : 105,
	"GroupID" : 44,
	"FishID" : 151,
	"FishIDWeight" : 30
},
{
	"ID" : 106,
	"GroupID" : 44,
	"FishID" : 152,
	"FishIDWeight" : 30
},
{
	"ID" : 107,
	"GroupID" : 44,
	"FishID" : 153,
	"FishIDWeight" : 30
},
{
	"ID" : 108,
	"GroupID" : 44,
	"FishID" : 154,
	"FishIDWeight" : 0
},
{
	"ID" : 109,
	"GroupID" : 44,
	"FishID" : 157,
	"FishIDWeight" : 0
},
{
	"ID" : 110,
	"GroupID" : 45,
	"FishID" : 501,
	"FishIDWeight" : 50
},
{
	"ID" : 111,
	"GroupID" : 45,
	"FishID" : 502,
	"FishIDWeight" : 0
},
{
	"ID" : 112,
	"GroupID" : 45,
	"FishID" : 304,
	"FishIDWeight" : 50
},
{
	"ID" : 113,
	"GroupID" : 45,
	"FishID" : 305,
	"FishIDWeight" : 50
},
{
	"ID" : 114,
	"GroupID" : 45,
	"FishID" : 503,
	"FishIDWeight" : 10
},
{
	"ID" : 115,
	"GroupID" : 45,
	"FishID" : 504,
	"FishIDWeight" : 20
},
{
	"ID" : 116,
	"GroupID" : 45,
	"FishID" : 505,
	"FishIDWeight" : 20
},
{
	"ID" : 117,
	"GroupID" : 45,
	"FishID" : 508,
	"FishIDWeight" : 0
},
{
	"ID" : 118,
	"GroupID" : 46,
	"FishID" : 402,
	"FishIDWeight" : 0
},
{
	"ID" : 119,
	"GroupID" : 46,
	"FishID" : 404,
	"FishIDWeight" : 30
},
{
	"ID" : 119,
	"GroupID" : 46,
	"FishID" : 405,
	"FishIDWeight" : 30
},
{
	"ID" : 120,
	"GroupID" : 46,
	"FishID" : 408,
	"FishIDWeight" : 30
},
{
	"ID" : 121,
	"GroupID" : 46,
	"FishID" : 215,
	"FishIDWeight" : 30
},
{
	"ID" : 122,
	"GroupID" : 46,
	"FishID" : 218,
	"FishIDWeight" : 30
},
{
	"ID" : 123,
	"GroupID" : 46,
	"FishID" : 220,
	"FishIDWeight" : 30
},
{
	"ID" : 124,
	"GroupID" : 47,
	"FishID" : 508,
	"FishIDWeight" : 300
},
{
	"ID" : 125,
	"GroupID" : 47,
	"FishID" : 309,
	"FishIDWeight" : 0
},
{
	"ID" : 126,
	"GroupID" : 47,
	"FishID" : 310,
	"FishIDWeight" : 0
},
{
	"ID" : 127,
	"GroupID" : 48,
	"FishID" : 209,
	"FishIDWeight" : 30
},
{
	"ID" : 128,
	"GroupID" : 49,
	"FishID" : 219,
	"FishIDWeight" : 80
},
{
	"ID" : 129,
	"GroupID" : 49,
	"FishID" : 221,
	"FishIDWeight" : 20
},
{
	"ID" : 130,
	"GroupID" : 51,
	"FishID" : 1,
	"FishIDWeight" : 30
},
{
	"ID" : 131,
	"GroupID" : 51,
	"FishID" : 2,
	"FishIDWeight" : 30
},
{
	"ID" : 132,
	"GroupID" : 51,
	"FishID" : 3,
	"FishIDWeight" : 30
},
{
	"ID" : 133,
	"GroupID" : 51,
	"FishID" : 4,
	"FishIDWeight" : 30
},
{
	"ID" : 134,
	"GroupID" : 51,
	"FishID" : 5,
	"FishIDWeight" : 30
},
{
	"ID" : 135,
	"GroupID" : 51,
	"FishID" : 6,
	"FishIDWeight" : 30
},
{
	"ID" : 136,
	"GroupID" : 51,
	"FishID" : 7,
	"FishIDWeight" : 30
},
{
	"ID" : 137,
	"GroupID" : 51,
	"FishID" : 8,
	"FishIDWeight" : 30
},
{
	"ID" : 138,
	"GroupID" : 51,
	"FishID" : 9,
	"FishIDWeight" : 30
},
{
	"ID" : 139,
	"GroupID" : 51,
	"FishID" : 11,
	"FishIDWeight" : 30
},
{
	"ID" : 140,
	"GroupID" : 51,
	"FishID" : 13,
	"FishIDWeight" : 30
},
{
	"ID" : 141,
	"GroupID" : 52,
	"FishID" : 16,
	"FishIDWeight" : 30
},
{
	"ID" : 142,
	"GroupID" : 52,
	"FishID" : 19,
	"FishIDWeight" : 30
},
{
	"ID" : 143,
	"GroupID" : 52,
	"FishID" : 21,
	"FishIDWeight" : 30
},
{
	"ID" : 144,
	"GroupID" : 53,
	"FishID" : 101,
	"FishIDWeight" : 10
},
{
	"ID" : 145,
	"GroupID" : 53,
	"FishID" : 103,
	"FishIDWeight" : 60
},
{
	"ID" : 146,
	"GroupID" : 53,
	"FishID" : 105,
	"FishIDWeight" : 60
},
{
	"ID" : 147,
	"GroupID" : 53,
	"FishID" : 106,
	"FishIDWeight" : 10
},
{
	"ID" : 148,
	"GroupID" : 54,
	"FishID" : 151,
	"FishIDWeight" : 30
},
{
	"ID" : 149,
	"GroupID" : 54,
	"FishID" : 152,
	"FishIDWeight" : 30
},
{
	"ID" : 150,
	"GroupID" : 54,
	"FishID" : 153,
	"FishIDWeight" : 30
},
{
	"ID" : 151,
	"GroupID" : 54,
	"FishID" : 154,
	"FishIDWeight" : 30
},
{
	"ID" : 152,
	"GroupID" : 54,
	"FishID" : 155,
	"FishIDWeight" : 0
},
{
	"ID" : 153,
	"GroupID" : 54,
	"FishID" : 157,
	"FishIDWeight" : 30
},
{
	"ID" : 154,
	"GroupID" : 55,
	"FishID" : 501,
	"FishIDWeight" : 50
},
{
	"ID" : 155,
	"GroupID" : 55,
	"FishID" : 502,
	"FishIDWeight" : 0
},
{
	"ID" : 156,
	"GroupID" : 55,
	"FishID" : 304,
	"FishIDWeight" : 50
},
{
	"ID" : 157,
	"GroupID" : 55,
	"FishID" : 305,
	"FishIDWeight" : 50
},
{
	"ID" : 158,
	"GroupID" : 55,
	"FishID" : 503,
	"FishIDWeight" : 10
},
{
	"ID" : 159,
	"GroupID" : 55,
	"FishID" : 504,
	"FishIDWeight" : 20
},
{
	"ID" : 160,
	"GroupID" : 55,
	"FishID" : 505,
	"FishIDWeight" : 20
},
{
	"ID" : 161,
	"GroupID" : 55,
	"FishID" : 509,
	"FishIDWeight" : 0
},
{
	"ID" : 162,
	"GroupID" : 56,
	"FishID" : 218,
	"FishIDWeight" : 30
},
{
	"ID" : 163,
	"GroupID" : 56,
	"FishID" : 220,
	"FishIDWeight" : 30
},
{
	"ID" : 163,
	"GroupID" : 56,
	"FishID" : 204,
	"FishIDWeight" : 30
},
{
	"ID" : 164,
	"GroupID" : 56,
	"FishID" : 205,
	"FishIDWeight" : 30
},
{
	"ID" : 165,
	"GroupID" : 56,
	"FishID" : 215,
	"FishIDWeight" : 30
},
{
	"ID" : 166,
	"GroupID" : 57,
	"FishID" : 308,
	"FishIDWeight" : 300
},
{
	"ID" : 167,
	"GroupID" : 57,
	"FishID" : 309,
	"FishIDWeight" : 300
},
{
	"ID" : 168,
	"GroupID" : 57,
	"FishID" : 310,
	"FishIDWeight" : 300
},
{
	"ID" : 169,
	"GroupID" : 58,
	"FishID" : 509,
	"FishIDWeight" : 300
},
{
	"ID" : 170,
	"GroupID" : 58,
	"FishID" : 314,
	"FishIDWeight" : 0
},
{
	"ID" : 171,
	"GroupID" : 58,
	"FishID" : 315,
	"FishIDWeight" : 0
},
{
	"ID" : 172,
	"GroupID" : 58,
	"FishID" : 316,
	"FishIDWeight" : 0
},
{
	"ID" : 173,
	"GroupID" : 59,
	"FishID" : 303,
	"FishIDWeight" : 100
},
{
	"ID" : 174,
	"GroupID" : 59,
	"FishID" : 207,
	"FishIDWeight" : 0
},
{
	"ID" : 175,
	"GroupID" : 60,
	"FishID" : 219,
	"FishIDWeight" : 80
},
{
	"ID" : 176,
	"GroupID" : 60,
	"FishID" : 222,
	"FishIDWeight" : 20
},
{
	"ID" : 177,
	"GroupID" : 71,
	"FishID" : 20016,
	"FishIDWeight" : 50
},
{
	"ID" : 178,
	"GroupID" : 71,
	"FishID" : 20017,
	"FishIDWeight" : 50
},
{
	"ID" : 179,
	"GroupID" : 71,
	"FishID" : 20018,
	"FishIDWeight" : 50
},
{
	"ID" : 180,
	"GroupID" : 71,
	"FishID" : 20019,
	"FishIDWeight" : 50
},
{
	"ID" : 181,
	"GroupID" : 71,
	"FishID" : 20020,
	"FishIDWeight" : 30
},
{
	"ID" : 182,
	"GroupID" : 72,
	"FishID" : 20151,
	"FishIDWeight" : 50
},
{
	"ID" : 183,
	"GroupID" : 72,
	"FishID" : 20152,
	"FishIDWeight" : 50
},
{
	"ID" : 184,
	"GroupID" : 72,
	"FishID" : 20153,
	"FishIDWeight" : 20
},
{
	"ID" : 185,
	"GroupID" : 72,
	"FishID" : 20154,
	"FishIDWeight" : 20
},
{
	"ID" : 186,
	"GroupID" : 72,
	"FishID" : 20155,
	"FishIDWeight" : 0
},
{
	"ID" : 187,
	"GroupID" : 72,
	"FishID" : 20156,
	"FishIDWeight" : 0
},
{
	"ID" : 188,
	"GroupID" : 72,
	"FishID" : 20157,
	"FishIDWeight" : 50
},
{
	"ID" : 189,
	"GroupID" : 73,
	"FishID" : 20304,
	"FishIDWeight" : 50
},
{
	"ID" : 190,
	"GroupID" : 73,
	"FishID" : 20305,
	"FishIDWeight" : 50
},
{
	"ID" : 191,
	"GroupID" : 73,
	"FishID" : 20501,
	"FishIDWeight" : 50
},
{
	"ID" : 192,
	"GroupID" : 75,
	"FishID" : 510,
	"FishIDWeight" : 100
},
{
	"ID" : 193,
	"GroupID" : 73,
	"FishID" : 20504,
	"FishIDWeight" : 0
},
{
	"ID" : 193,
	"GroupID" : 73,
	"FishID" : 20505,
	"FishIDWeight" : 0
},
{
	"ID" : 194,
	"GroupID" : 74,
	"FishID" : 20502,
	"FishIDWeight" : 50
},
{
	"ID" : 195,
	"GroupID" : 101,
	"FishID" : 1001,
	"FishIDWeight" : 30
},
{
	"ID" : 196,
	"GroupID" : 101,
	"FishID" : 1002,
	"FishIDWeight" : 30
},
{
	"ID" : 197,
	"GroupID" : 101,
	"FishID" : 1003,
	"FishIDWeight" : 30
},
{
	"ID" : 198,
	"GroupID" : 101,
	"FishID" : 1004,
	"FishIDWeight" : 30
},
{
	"ID" : 199,
	"GroupID" : 101,
	"FishID" : 1005,
	"FishIDWeight" : 0
},
{
	"ID" : 200,
	"GroupID" : 101,
	"FishID" : 1006,
	"FishIDWeight" : 0
},
{
	"ID" : 201,
	"GroupID" : 101,
	"FishID" : 1007,
	"FishIDWeight" : 0
},
{
	"ID" : 202,
	"GroupID" : 101,
	"FishID" : 1008,
	"FishIDWeight" : 0
},
{
	"ID" : 203,
	"GroupID" : 101,
	"FishID" : 1009,
	"FishIDWeight" : 0
},
{
	"ID" : 204,
	"GroupID" : 101,
	"FishID" : 1010,
	"FishIDWeight" : 0
},
{
	"ID" : 205,
	"GroupID" : 102,
	"FishID" : 1011,
	"FishIDWeight" : 30
},
{
	"ID" : 206,
	"GroupID" : 102,
	"FishID" : 1012,
	"FishIDWeight" : 30
},
{
	"ID" : 207,
	"GroupID" : 102,
	"FishID" : 1013,
	"FishIDWeight" : 30
},
{
	"ID" : 208,
	"GroupID" : 102,
	"FishID" : 1014,
	"FishIDWeight" : 0
},
{
	"ID" : 209,
	"GroupID" : 102,
	"FishID" : 1015,
	"FishIDWeight" : 0
},
{
	"ID" : 210,
	"GroupID" : 102,
	"FishID" : 1016,
	"FishIDWeight" : 0
},
{
	"ID" : 211,
	"GroupID" : 103,
	"FishID" : 1017,
	"FishIDWeight" : 30
},
{
	"ID" : 212,
	"GroupID" : 103,
	"FishID" : 1018,
	"FishIDWeight" : 30
},
{
	"ID" : 213,
	"GroupID" : 103,
	"FishID" : 1019,
	"FishIDWeight" : 0
},
{
	"ID" : 214,
	"GroupID" : 103,
	"FishID" : 1020,
	"FishIDWeight" : 0
},
{
	"ID" : 215,
	"GroupID" : 103,
	"FishID" : 1021,
	"FishIDWeight" : 0
},
{
	"ID" : 216,
	"GroupID" : 103,
	"FishID" : 1022,
	"FishIDWeight" : 0
},
{
	"ID" : 217,
	"GroupID" : 104,
	"FishID" : 1023,
	"FishIDWeight" : 30
},
{
	"ID" : 218,
	"GroupID" : 104,
	"FishID" : 1024,
	"FishIDWeight" : 30
},
{
	"ID" : 219,
	"GroupID" : 104,
	"FishID" : 1025,
	"FishIDWeight" : 30
},
{
	"ID" : 220,
	"GroupID" : 104,
	"FishID" : 1026,
	"FishIDWeight" : 0
},
{
	"ID" : 221,
	"GroupID" : 104,
	"FishID" : 1027,
	"FishIDWeight" : 0
},
{
	"ID" : 222,
	"GroupID" : 104,
	"FishID" : 1028,
	"FishIDWeight" : 0
},
{
	"ID" : 223,
	"GroupID" : 104,
	"FishID" : 1029,
	"FishIDWeight" : 0
},
{
	"ID" : 224,
	"GroupID" : 105,
	"FishID" : 1030,
	"FishIDWeight" : 30
},
{
	"ID" : 225,
	"GroupID" : 105,
	"FishID" : 1031,
	"FishIDWeight" : 50
},
{
	"ID" : 226,
	"GroupID" : 105,
	"FishID" : 1032,
	"FishIDWeight" : 30
},
{
	"ID" : 227,
	"GroupID" : 105,
	"FishID" : 1033,
	"FishIDWeight" : 20
},
{
	"ID" : 228,
	"GroupID" : 105,
	"FishID" : 1034,
	"FishIDWeight" : 0
},
{
	"ID" : 229,
	"GroupID" : 105,
	"FishID" : 1035,
	"FishIDWeight" : 0
},
{
	"ID" : 230,
	"GroupID" : 105,
	"FishID" : 1036,
	"FishIDWeight" : 0
},
{
	"ID" : 231,
	"GroupID" : 111,
	"FishID" : 1101,
	"FishIDWeight" : 0
},
{
	"ID" : 232,
	"GroupID" : 111,
	"FishID" : 1102,
	"FishIDWeight" : 30
},
{
	"ID" : 233,
	"GroupID" : 111,
	"FishID" : 1103,
	"FishIDWeight" : 30
},
{
	"ID" : 234,
	"GroupID" : 111,
	"FishID" : 1104,
	"FishIDWeight" : 30
},
{
	"ID" : 235,
	"GroupID" : 111,
	"FishID" : 1105,
	"FishIDWeight" : 30
},
{
	"ID" : 236,
	"GroupID" : 111,
	"FishID" : 1106,
	"FishIDWeight" : 0
},
{
	"ID" : 237,
	"GroupID" : 111,
	"FishID" : 1107,
	"FishIDWeight" : 0
},
{
	"ID" : 238,
	"GroupID" : 111,
	"FishID" : 1108,
	"FishIDWeight" : 0
},
{
	"ID" : 239,
	"GroupID" : 111,
	"FishID" : 1109,
	"FishIDWeight" : 0
},
{
	"ID" : 240,
	"GroupID" : 111,
	"FishID" : 1110,
	"FishIDWeight" : 0
},
{
	"ID" : 241,
	"GroupID" : 112,
	"FishID" : 1111,
	"FishIDWeight" : 0
},
{
	"ID" : 242,
	"GroupID" : 112,
	"FishID" : 1112,
	"FishIDWeight" : 30
},
{
	"ID" : 243,
	"GroupID" : 112,
	"FishID" : 1113,
	"FishIDWeight" : 30
},
{
	"ID" : 244,
	"GroupID" : 112,
	"FishID" : 1114,
	"FishIDWeight" : 30
},
{
	"ID" : 245,
	"GroupID" : 112,
	"FishID" : 1115,
	"FishIDWeight" : 0
},
{
	"ID" : 246,
	"GroupID" : 112,
	"FishID" : 1116,
	"FishIDWeight" : 0
},
{
	"ID" : 247,
	"GroupID" : 113,
	"FishID" : 1117,
	"FishIDWeight" : 0
},
{
	"ID" : 248,
	"GroupID" : 113,
	"FishID" : 1118,
	"FishIDWeight" : 30
},
{
	"ID" : 249,
	"GroupID" : 113,
	"FishID" : 1119,
	"FishIDWeight" : 30
},
{
	"ID" : 250,
	"GroupID" : 113,
	"FishID" : 1120,
	"FishIDWeight" : 0
},
{
	"ID" : 251,
	"GroupID" : 113,
	"FishID" : 1121,
	"FishIDWeight" : 0
},
{
	"ID" : 252,
	"GroupID" : 113,
	"FishID" : 1122,
	"FishIDWeight" : 0
},
{
	"ID" : 253,
	"GroupID" : 114,
	"FishID" : 1123,
	"FishIDWeight" : 0
},
{
	"ID" : 254,
	"GroupID" : 114,
	"FishID" : 1124,
	"FishIDWeight" : 30
},
{
	"ID" : 255,
	"GroupID" : 114,
	"FishID" : 1125,
	"FishIDWeight" : 30
},
{
	"ID" : 256,
	"GroupID" : 114,
	"FishID" : 1126,
	"FishIDWeight" : 30
},
{
	"ID" : 257,
	"GroupID" : 114,
	"FishID" : 1127,
	"FishIDWeight" : 0
},
{
	"ID" : 258,
	"GroupID" : 114,
	"FishID" : 1128,
	"FishIDWeight" : 0
},
{
	"ID" : 259,
	"GroupID" : 114,
	"FishID" : 1129,
	"FishIDWeight" : 0
},
{
	"ID" : 260,
	"GroupID" : 115,
	"FishID" : 1130,
	"FishIDWeight" : 0
},
{
	"ID" : 261,
	"GroupID" : 115,
	"FishID" : 1131,
	"FishIDWeight" : 30
},
{
	"ID" : 262,
	"GroupID" : 115,
	"FishID" : 1132,
	"FishIDWeight" : 50
},
{
	"ID" : 263,
	"GroupID" : 115,
	"FishID" : 1133,
	"FishIDWeight" : 30
},
{
	"ID" : 264,
	"GroupID" : 115,
	"FishID" : 1134,
	"FishIDWeight" : 20
},
{
	"ID" : 265,
	"GroupID" : 115,
	"FishID" : 1135,
	"FishIDWeight" : 0
},
{
	"ID" : 266,
	"GroupID" : 115,
	"FishID" : 1136,
	"FishIDWeight" : 0
},
{
	"ID" : 267,
	"GroupID" : 121,
	"FishID" : 1201,
	"FishIDWeight" : 0
},
{
	"ID" : 268,
	"GroupID" : 121,
	"FishID" : 1202,
	"FishIDWeight" : 0
},
{
	"ID" : 269,
	"GroupID" : 121,
	"FishID" : 1203,
	"FishIDWeight" : 30
},
{
	"ID" : 270,
	"GroupID" : 121,
	"FishID" : 1204,
	"FishIDWeight" : 30
},
{
	"ID" : 271,
	"GroupID" : 121,
	"FishID" : 1205,
	"FishIDWeight" : 30
},
{
	"ID" : 272,
	"GroupID" : 121,
	"FishID" : 1206,
	"FishIDWeight" : 30
},
{
	"ID" : 273,
	"GroupID" : 121,
	"FishID" : 1207,
	"FishIDWeight" : 0
},
{
	"ID" : 274,
	"GroupID" : 121,
	"FishID" : 1208,
	"FishIDWeight" : 0
},
{
	"ID" : 275,
	"GroupID" : 121,
	"FishID" : 1209,
	"FishIDWeight" : 0
},
{
	"ID" : 276,
	"GroupID" : 121,
	"FishID" : 1210,
	"FishIDWeight" : 0
},
{
	"ID" : 277,
	"GroupID" : 122,
	"FishID" : 1211,
	"FishIDWeight" : 0
},
{
	"ID" : 278,
	"GroupID" : 122,
	"FishID" : 1212,
	"FishIDWeight" : 0
},
{
	"ID" : 279,
	"GroupID" : 122,
	"FishID" : 1213,
	"FishIDWeight" : 30
},
{
	"ID" : 280,
	"GroupID" : 122,
	"FishID" : 1214,
	"FishIDWeight" : 30
},
{
	"ID" : 281,
	"GroupID" : 122,
	"FishID" : 1215,
	"FishIDWeight" : 30
},
{
	"ID" : 282,
	"GroupID" : 122,
	"FishID" : 1216,
	"FishIDWeight" : 0
},
{
	"ID" : 283,
	"GroupID" : 123,
	"FishID" : 1217,
	"FishIDWeight" : 0
},
{
	"ID" : 284,
	"GroupID" : 123,
	"FishID" : 1218,
	"FishIDWeight" : 0
},
{
	"ID" : 285,
	"GroupID" : 123,
	"FishID" : 1219,
	"FishIDWeight" : 30
},
{
	"ID" : 286,
	"GroupID" : 123,
	"FishID" : 1220,
	"FishIDWeight" : 30
},
{
	"ID" : 287,
	"GroupID" : 123,
	"FishID" : 1221,
	"FishIDWeight" : 0
},
{
	"ID" : 288,
	"GroupID" : 123,
	"FishID" : 1222,
	"FishIDWeight" : 0
},
{
	"ID" : 289,
	"GroupID" : 124,
	"FishID" : 1223,
	"FishIDWeight" : 0
},
{
	"ID" : 290,
	"GroupID" : 124,
	"FishID" : 1224,
	"FishIDWeight" : 0
},
{
	"ID" : 291,
	"GroupID" : 124,
	"FishID" : 1225,
	"FishIDWeight" : 30
},
{
	"ID" : 292,
	"GroupID" : 124,
	"FishID" : 1226,
	"FishIDWeight" : 30
},
{
	"ID" : 293,
	"GroupID" : 124,
	"FishID" : 1227,
	"FishIDWeight" : 30
},
{
	"ID" : 294,
	"GroupID" : 124,
	"FishID" : 1228,
	"FishIDWeight" : 0
},
{
	"ID" : 295,
	"GroupID" : 124,
	"FishID" : 1229,
	"FishIDWeight" : 0
},
{
	"ID" : 296,
	"GroupID" : 125,
	"FishID" : 1230,
	"FishIDWeight" : 0
},
{
	"ID" : 297,
	"GroupID" : 125,
	"FishID" : 1231,
	"FishIDWeight" : 0
},
{
	"ID" : 298,
	"GroupID" : 125,
	"FishID" : 1232,
	"FishIDWeight" : 30
},
{
	"ID" : 299,
	"GroupID" : 125,
	"FishID" : 1233,
	"FishIDWeight" : 50
},
{
	"ID" : 300,
	"GroupID" : 125,
	"FishID" : 1234,
	"FishIDWeight" : 30
},
{
	"ID" : 301,
	"GroupID" : 125,
	"FishID" : 1235,
	"FishIDWeight" : 20
},
{
	"ID" : 302,
	"GroupID" : 125,
	"FishID" : 1236,
	"FishIDWeight" : 0
},
{
	"ID" : 303,
	"GroupID" : 131,
	"FishID" : 1301,
	"FishIDWeight" : 0
},
{
	"ID" : 304,
	"GroupID" : 131,
	"FishID" : 1302,
	"FishIDWeight" : 0
},
{
	"ID" : 305,
	"GroupID" : 131,
	"FishID" : 1303,
	"FishIDWeight" : 0
},
{
	"ID" : 306,
	"GroupID" : 131,
	"FishID" : 1304,
	"FishIDWeight" : 30
},
{
	"ID" : 307,
	"GroupID" : 131,
	"FishID" : 1305,
	"FishIDWeight" : 30
},
{
	"ID" : 308,
	"GroupID" : 131,
	"FishID" : 1306,
	"FishIDWeight" : 30
},
{
	"ID" : 309,
	"GroupID" : 131,
	"FishID" : 1307,
	"FishIDWeight" : 30
},
{
	"ID" : 310,
	"GroupID" : 131,
	"FishID" : 1308,
	"FishIDWeight" : 0
},
{
	"ID" : 311,
	"GroupID" : 131,
	"FishID" : 1309,
	"FishIDWeight" : 0
},
{
	"ID" : 312,
	"GroupID" : 131,
	"FishID" : 1310,
	"FishIDWeight" : 0
},
{
	"ID" : 313,
	"GroupID" : 132,
	"FishID" : 1311,
	"FishIDWeight" : 0
},
{
	"ID" : 314,
	"GroupID" : 132,
	"FishID" : 1312,
	"FishIDWeight" : 0
},
{
	"ID" : 315,
	"GroupID" : 132,
	"FishID" : 1313,
	"FishIDWeight" : 0
},
{
	"ID" : 316,
	"GroupID" : 132,
	"FishID" : 1314,
	"FishIDWeight" : 30
},
{
	"ID" : 317,
	"GroupID" : 132,
	"FishID" : 1315,
	"FishIDWeight" : 30
},
{
	"ID" : 318,
	"GroupID" : 132,
	"FishID" : 1316,
	"FishIDWeight" : 30
},
{
	"ID" : 319,
	"GroupID" : 133,
	"FishID" : 1317,
	"FishIDWeight" : 0
},
{
	"ID" : 320,
	"GroupID" : 133,
	"FishID" : 1318,
	"FishIDWeight" : 0
},
{
	"ID" : 321,
	"GroupID" : 133,
	"FishID" : 1319,
	"FishIDWeight" : 0
},
{
	"ID" : 322,
	"GroupID" : 133,
	"FishID" : 1320,
	"FishIDWeight" : 30
},
{
	"ID" : 323,
	"GroupID" : 133,
	"FishID" : 1321,
	"FishIDWeight" : 30
},
{
	"ID" : 324,
	"GroupID" : 133,
	"FishID" : 1322,
	"FishIDWeight" : 0
},
{
	"ID" : 325,
	"GroupID" : 134,
	"FishID" : 1323,
	"FishIDWeight" : 0
},
{
	"ID" : 326,
	"GroupID" : 134,
	"FishID" : 1324,
	"FishIDWeight" : 0
},
{
	"ID" : 327,
	"GroupID" : 134,
	"FishID" : 1325,
	"FishIDWeight" : 0
},
{
	"ID" : 328,
	"GroupID" : 134,
	"FishID" : 1326,
	"FishIDWeight" : 30
},
{
	"ID" : 329,
	"GroupID" : 134,
	"FishID" : 1327,
	"FishIDWeight" : 30
},
{
	"ID" : 330,
	"GroupID" : 134,
	"FishID" : 1328,
	"FishIDWeight" : 30
},
{
	"ID" : 331,
	"GroupID" : 134,
	"FishID" : 1329,
	"FishIDWeight" : 0
},
{
	"ID" : 332,
	"GroupID" : 135,
	"FishID" : 1330,
	"FishIDWeight" : 0
},
{
	"ID" : 333,
	"GroupID" : 135,
	"FishID" : 1331,
	"FishIDWeight" : 0
},
{
	"ID" : 334,
	"GroupID" : 135,
	"FishID" : 1332,
	"FishIDWeight" : 0
},
{
	"ID" : 335,
	"GroupID" : 135,
	"FishID" : 1333,
	"FishIDWeight" : 30
},
{
	"ID" : 336,
	"GroupID" : 135,
	"FishID" : 1334,
	"FishIDWeight" : 50
},
{
	"ID" : 337,
	"GroupID" : 135,
	"FishID" : 1335,
	"FishIDWeight" : 30
},
{
	"ID" : 338,
	"GroupID" : 135,
	"FishID" : 1336,
	"FishIDWeight" : 20
},
{
	"ID" : 339,
	"GroupID" : 201,
	"FishID" : 2001,
	"FishIDWeight" : 30
},
{
	"ID" : 340,
	"GroupID" : 201,
	"FishID" : 2002,
	"FishIDWeight" : 30
},
{
	"ID" : 341,
	"GroupID" : 201,
	"FishID" : 2003,
	"FishIDWeight" : 30
},
{
	"ID" : 342,
	"GroupID" : 201,
	"FishID" : 2004,
	"FishIDWeight" : 30
},
{
	"ID" : 343,
	"GroupID" : 201,
	"FishID" : 2005,
	"FishIDWeight" : 0
},
{
	"ID" : 344,
	"GroupID" : 201,
	"FishID" : 2006,
	"FishIDWeight" : 0
},
{
	"ID" : 345,
	"GroupID" : 201,
	"FishID" : 2007,
	"FishIDWeight" : 0
},
{
	"ID" : 346,
	"GroupID" : 201,
	"FishID" : 2008,
	"FishIDWeight" : 0
},
{
	"ID" : 347,
	"GroupID" : 201,
	"FishID" : 2009,
	"FishIDWeight" : 0
},
{
	"ID" : 348,
	"GroupID" : 201,
	"FishID" : 2010,
	"FishIDWeight" : 0
},
{
	"ID" : 349,
	"GroupID" : 202,
	"FishID" : 2011,
	"FishIDWeight" : 30
},
{
	"ID" : 350,
	"GroupID" : 202,
	"FishID" : 2012,
	"FishIDWeight" : 30
},
{
	"ID" : 351,
	"GroupID" : 202,
	"FishID" : 2013,
	"FishIDWeight" : 30
},
{
	"ID" : 352,
	"GroupID" : 202,
	"FishID" : 2014,
	"FishIDWeight" : 0
},
{
	"ID" : 353,
	"GroupID" : 202,
	"FishID" : 2015,
	"FishIDWeight" : 0
},
{
	"ID" : 354,
	"GroupID" : 202,
	"FishID" : 2016,
	"FishIDWeight" : 0
},
{
	"ID" : 355,
	"GroupID" : 203,
	"FishID" : 2017,
	"FishIDWeight" : 30
},
{
	"ID" : 356,
	"GroupID" : 203,
	"FishID" : 2018,
	"FishIDWeight" : 30
},
{
	"ID" : 357,
	"GroupID" : 203,
	"FishID" : 2019,
	"FishIDWeight" : 0
},
{
	"ID" : 358,
	"GroupID" : 203,
	"FishID" : 2020,
	"FishIDWeight" : 0
},
{
	"ID" : 359,
	"GroupID" : 203,
	"FishID" : 2021,
	"FishIDWeight" : 0
},
{
	"ID" : 360,
	"GroupID" : 203,
	"FishID" : 2022,
	"FishIDWeight" : 0
},
{
	"ID" : 361,
	"GroupID" : 204,
	"FishID" : 2023,
	"FishIDWeight" : 30
},
{
	"ID" : 362,
	"GroupID" : 204,
	"FishID" : 2024,
	"FishIDWeight" : 30
},
{
	"ID" : 363,
	"GroupID" : 204,
	"FishID" : 2025,
	"FishIDWeight" : 30
},
{
	"ID" : 364,
	"GroupID" : 204,
	"FishID" : 2026,
	"FishIDWeight" : 0
},
{
	"ID" : 365,
	"GroupID" : 204,
	"FishID" : 2027,
	"FishIDWeight" : 0
},
{
	"ID" : 366,
	"GroupID" : 204,
	"FishID" : 2028,
	"FishIDWeight" : 0
},
{
	"ID" : 367,
	"GroupID" : 204,
	"FishID" : 2029,
	"FishIDWeight" : 0
},
{
	"ID" : 368,
	"GroupID" : 205,
	"FishID" : 2030,
	"FishIDWeight" : 30
},
{
	"ID" : 369,
	"GroupID" : 205,
	"FishID" : 2031,
	"FishIDWeight" : 50
},
{
	"ID" : 370,
	"GroupID" : 205,
	"FishID" : 2032,
	"FishIDWeight" : 30
},
{
	"ID" : 371,
	"GroupID" : 205,
	"FishID" : 2033,
	"FishIDWeight" : 20
},
{
	"ID" : 372,
	"GroupID" : 205,
	"FishID" : 2034,
	"FishIDWeight" : 0
},
{
	"ID" : 373,
	"GroupID" : 205,
	"FishID" : 2035,
	"FishIDWeight" : 0
},
{
	"ID" : 374,
	"GroupID" : 205,
	"FishID" : 2036,
	"FishIDWeight" : 0
},
{
	"ID" : 375,
	"GroupID" : 211,
	"FishID" : 2101,
	"FishIDWeight" : 0
},
{
	"ID" : 376,
	"GroupID" : 211,
	"FishID" : 2102,
	"FishIDWeight" : 30
},
{
	"ID" : 377,
	"GroupID" : 211,
	"FishID" : 2103,
	"FishIDWeight" : 30
},
{
	"ID" : 378,
	"GroupID" : 211,
	"FishID" : 2104,
	"FishIDWeight" : 30
},
{
	"ID" : 379,
	"GroupID" : 211,
	"FishID" : 2105,
	"FishIDWeight" : 30
},
{
	"ID" : 380,
	"GroupID" : 211,
	"FishID" : 2106,
	"FishIDWeight" : 0
},
{
	"ID" : 381,
	"GroupID" : 211,
	"FishID" : 2107,
	"FishIDWeight" : 0
},
{
	"ID" : 382,
	"GroupID" : 211,
	"FishID" : 2108,
	"FishIDWeight" : 0
},
{
	"ID" : 383,
	"GroupID" : 211,
	"FishID" : 2109,
	"FishIDWeight" : 0
},
{
	"ID" : 384,
	"GroupID" : 211,
	"FishID" : 2110,
	"FishIDWeight" : 0
},
{
	"ID" : 385,
	"GroupID" : 212,
	"FishID" : 2111,
	"FishIDWeight" : 0
},
{
	"ID" : 386,
	"GroupID" : 212,
	"FishID" : 2112,
	"FishIDWeight" : 30
},
{
	"ID" : 387,
	"GroupID" : 212,
	"FishID" : 2113,
	"FishIDWeight" : 30
},
{
	"ID" : 388,
	"GroupID" : 212,
	"FishID" : 2114,
	"FishIDWeight" : 30
},
{
	"ID" : 389,
	"GroupID" : 212,
	"FishID" : 2115,
	"FishIDWeight" : 0
},
{
	"ID" : 390,
	"GroupID" : 212,
	"FishID" : 2116,
	"FishIDWeight" : 0
},
{
	"ID" : 391,
	"GroupID" : 213,
	"FishID" : 2117,
	"FishIDWeight" : 0
},
{
	"ID" : 392,
	"GroupID" : 213,
	"FishID" : 2118,
	"FishIDWeight" : 30
},
{
	"ID" : 393,
	"GroupID" : 213,
	"FishID" : 2119,
	"FishIDWeight" : 30
},
{
	"ID" : 394,
	"GroupID" : 213,
	"FishID" : 2120,
	"FishIDWeight" : 0
},
{
	"ID" : 395,
	"GroupID" : 213,
	"FishID" : 2121,
	"FishIDWeight" : 0
},
{
	"ID" : 396,
	"GroupID" : 213,
	"FishID" : 2122,
	"FishIDWeight" : 0
},
{
	"ID" : 397,
	"GroupID" : 214,
	"FishID" : 2123,
	"FishIDWeight" : 0
},
{
	"ID" : 398,
	"GroupID" : 214,
	"FishID" : 2124,
	"FishIDWeight" : 30
},
{
	"ID" : 399,
	"GroupID" : 214,
	"FishID" : 2125,
	"FishIDWeight" : 30
},
{
	"ID" : 400,
	"GroupID" : 214,
	"FishID" : 2126,
	"FishIDWeight" : 30
},
{
	"ID" : 401,
	"GroupID" : 214,
	"FishID" : 2127,
	"FishIDWeight" : 0
},
{
	"ID" : 402,
	"GroupID" : 214,
	"FishID" : 2128,
	"FishIDWeight" : 0
},
{
	"ID" : 403,
	"GroupID" : 214,
	"FishID" : 2129,
	"FishIDWeight" : 0
},
{
	"ID" : 404,
	"GroupID" : 215,
	"FishID" : 2130,
	"FishIDWeight" : 0
},
{
	"ID" : 405,
	"GroupID" : 215,
	"FishID" : 2131,
	"FishIDWeight" : 30
},
{
	"ID" : 406,
	"GroupID" : 215,
	"FishID" : 2132,
	"FishIDWeight" : 50
},
{
	"ID" : 407,
	"GroupID" : 215,
	"FishID" : 2133,
	"FishIDWeight" : 30
},
{
	"ID" : 408,
	"GroupID" : 215,
	"FishID" : 2134,
	"FishIDWeight" : 20
},
{
	"ID" : 409,
	"GroupID" : 215,
	"FishID" : 2135,
	"FishIDWeight" : 0
},
{
	"ID" : 410,
	"GroupID" : 215,
	"FishID" : 2136,
	"FishIDWeight" : 0
},
{
	"ID" : 411,
	"GroupID" : 221,
	"FishID" : 2201,
	"FishIDWeight" : 0
},
{
	"ID" : 412,
	"GroupID" : 221,
	"FishID" : 2202,
	"FishIDWeight" : 0
},
{
	"ID" : 413,
	"GroupID" : 221,
	"FishID" : 2203,
	"FishIDWeight" : 30
},
{
	"ID" : 414,
	"GroupID" : 221,
	"FishID" : 2204,
	"FishIDWeight" : 30
},
{
	"ID" : 415,
	"GroupID" : 221,
	"FishID" : 2205,
	"FishIDWeight" : 30
},
{
	"ID" : 416,
	"GroupID" : 221,
	"FishID" : 2206,
	"FishIDWeight" : 30
},
{
	"ID" : 417,
	"GroupID" : 221,
	"FishID" : 2207,
	"FishIDWeight" : 0
},
{
	"ID" : 418,
	"GroupID" : 221,
	"FishID" : 2208,
	"FishIDWeight" : 0
},
{
	"ID" : 419,
	"GroupID" : 221,
	"FishID" : 2209,
	"FishIDWeight" : 0
},
{
	"ID" : 420,
	"GroupID" : 221,
	"FishID" : 2210,
	"FishIDWeight" : 0
},
{
	"ID" : 421,
	"GroupID" : 222,
	"FishID" : 2211,
	"FishIDWeight" : 0
},
{
	"ID" : 422,
	"GroupID" : 222,
	"FishID" : 2212,
	"FishIDWeight" : 0
},
{
	"ID" : 423,
	"GroupID" : 222,
	"FishID" : 2213,
	"FishIDWeight" : 30
},
{
	"ID" : 424,
	"GroupID" : 222,
	"FishID" : 2214,
	"FishIDWeight" : 30
},
{
	"ID" : 425,
	"GroupID" : 222,
	"FishID" : 2215,
	"FishIDWeight" : 30
},
{
	"ID" : 426,
	"GroupID" : 222,
	"FishID" : 2216,
	"FishIDWeight" : 0
},
{
	"ID" : 427,
	"GroupID" : 223,
	"FishID" : 2217,
	"FishIDWeight" : 0
},
{
	"ID" : 428,
	"GroupID" : 223,
	"FishID" : 2218,
	"FishIDWeight" : 0
},
{
	"ID" : 429,
	"GroupID" : 223,
	"FishID" : 2219,
	"FishIDWeight" : 30
},
{
	"ID" : 430,
	"GroupID" : 223,
	"FishID" : 2220,
	"FishIDWeight" : 30
},
{
	"ID" : 431,
	"GroupID" : 223,
	"FishID" : 2221,
	"FishIDWeight" : 0
},
{
	"ID" : 432,
	"GroupID" : 223,
	"FishID" : 2222,
	"FishIDWeight" : 0
},
{
	"ID" : 433,
	"GroupID" : 224,
	"FishID" : 2223,
	"FishIDWeight" : 0
},
{
	"ID" : 434,
	"GroupID" : 224,
	"FishID" : 2224,
	"FishIDWeight" : 0
},
{
	"ID" : 435,
	"GroupID" : 224,
	"FishID" : 2225,
	"FishIDWeight" : 30
},
{
	"ID" : 436,
	"GroupID" : 224,
	"FishID" : 2226,
	"FishIDWeight" : 30
},
{
	"ID" : 437,
	"GroupID" : 224,
	"FishID" : 2227,
	"FishIDWeight" : 30
},
{
	"ID" : 438,
	"GroupID" : 224,
	"FishID" : 2228,
	"FishIDWeight" : 0
},
{
	"ID" : 439,
	"GroupID" : 224,
	"FishID" : 2229,
	"FishIDWeight" : 0
},
{
	"ID" : 440,
	"GroupID" : 225,
	"FishID" : 2230,
	"FishIDWeight" : 0
},
{
	"ID" : 441,
	"GroupID" : 225,
	"FishID" : 2231,
	"FishIDWeight" : 0
},
{
	"ID" : 442,
	"GroupID" : 225,
	"FishID" : 2232,
	"FishIDWeight" : 30
},
{
	"ID" : 443,
	"GroupID" : 225,
	"FishID" : 2233,
	"FishIDWeight" : 50
},
{
	"ID" : 444,
	"GroupID" : 225,
	"FishID" : 2234,
	"FishIDWeight" : 30
},
{
	"ID" : 445,
	"GroupID" : 225,
	"FishID" : 2235,
	"FishIDWeight" : 20
},
{
	"ID" : 446,
	"GroupID" : 225,
	"FishID" : 2236,
	"FishIDWeight" : 0
},
{
	"ID" : 447,
	"GroupID" : 231,
	"FishID" : 2301,
	"FishIDWeight" : 0
},
{
	"ID" : 448,
	"GroupID" : 231,
	"FishID" : 2302,
	"FishIDWeight" : 0
},
{
	"ID" : 449,
	"GroupID" : 231,
	"FishID" : 2303,
	"FishIDWeight" : 0
},
{
	"ID" : 450,
	"GroupID" : 231,
	"FishID" : 2304,
	"FishIDWeight" : 30
},
{
	"ID" : 451,
	"GroupID" : 231,
	"FishID" : 2305,
	"FishIDWeight" : 30
},
{
	"ID" : 452,
	"GroupID" : 231,
	"FishID" : 2306,
	"FishIDWeight" : 30
},
{
	"ID" : 453,
	"GroupID" : 231,
	"FishID" : 2307,
	"FishIDWeight" : 30
},
{
	"ID" : 454,
	"GroupID" : 231,
	"FishID" : 2308,
	"FishIDWeight" : 0
},
{
	"ID" : 455,
	"GroupID" : 231,
	"FishID" : 2309,
	"FishIDWeight" : 0
},
{
	"ID" : 456,
	"GroupID" : 231,
	"FishID" : 2310,
	"FishIDWeight" : 0
},
{
	"ID" : 457,
	"GroupID" : 232,
	"FishID" : 2311,
	"FishIDWeight" : 0
},
{
	"ID" : 458,
	"GroupID" : 232,
	"FishID" : 2312,
	"FishIDWeight" : 0
},
{
	"ID" : 459,
	"GroupID" : 232,
	"FishID" : 2313,
	"FishIDWeight" : 0
},
{
	"ID" : 460,
	"GroupID" : 232,
	"FishID" : 2314,
	"FishIDWeight" : 30
},
{
	"ID" : 461,
	"GroupID" : 232,
	"FishID" : 2315,
	"FishIDWeight" : 30
},
{
	"ID" : 462,
	"GroupID" : 232,
	"FishID" : 2316,
	"FishIDWeight" : 30
},
{
	"ID" : 463,
	"GroupID" : 233,
	"FishID" : 2317,
	"FishIDWeight" : 0
},
{
	"ID" : 464,
	"GroupID" : 233,
	"FishID" : 2318,
	"FishIDWeight" : 0
},
{
	"ID" : 465,
	"GroupID" : 233,
	"FishID" : 2319,
	"FishIDWeight" : 0
},
{
	"ID" : 466,
	"GroupID" : 233,
	"FishID" : 2320,
	"FishIDWeight" : 30
},
{
	"ID" : 467,
	"GroupID" : 233,
	"FishID" : 2321,
	"FishIDWeight" : 30
},
{
	"ID" : 468,
	"GroupID" : 233,
	"FishID" : 2322,
	"FishIDWeight" : 0
},
{
	"ID" : 469,
	"GroupID" : 234,
	"FishID" : 2323,
	"FishIDWeight" : 0
},
{
	"ID" : 470,
	"GroupID" : 234,
	"FishID" : 2324,
	"FishIDWeight" : 0
},
{
	"ID" : 471,
	"GroupID" : 234,
	"FishID" : 2325,
	"FishIDWeight" : 0
},
{
	"ID" : 472,
	"GroupID" : 234,
	"FishID" : 2326,
	"FishIDWeight" : 30
},
{
	"ID" : 473,
	"GroupID" : 234,
	"FishID" : 2327,
	"FishIDWeight" : 30
},
{
	"ID" : 474,
	"GroupID" : 234,
	"FishID" : 2328,
	"FishIDWeight" : 30
},
{
	"ID" : 475,
	"GroupID" : 234,
	"FishID" : 2329,
	"FishIDWeight" : 0
},
{
	"ID" : 476,
	"GroupID" : 235,
	"FishID" : 2330,
	"FishIDWeight" : 0
},
{
	"ID" : 477,
	"GroupID" : 235,
	"FishID" : 2331,
	"FishIDWeight" : 0
},
{
	"ID" : 478,
	"GroupID" : 235,
	"FishID" : 2332,
	"FishIDWeight" : 0
},
{
	"ID" : 479,
	"GroupID" : 235,
	"FishID" : 2333,
	"FishIDWeight" : 30
},
{
	"ID" : 480,
	"GroupID" : 235,
	"FishID" : 2334,
	"FishIDWeight" : 50
},
{
	"ID" : 481,
	"GroupID" : 235,
	"FishID" : 2335,
	"FishIDWeight" : 30
},
{
	"ID" : 482,
	"GroupID" : 235,
	"FishID" : 2336,
	"FishIDWeight" : 20
},
{
	"ID" : 483,
	"GroupID" : 301,
	"FishID" : 3001,
	"FishIDWeight" : 30
},
{
	"ID" : 484,
	"GroupID" : 301,
	"FishID" : 3002,
	"FishIDWeight" : 30
},
{
	"ID" : 485,
	"GroupID" : 301,
	"FishID" : 3003,
	"FishIDWeight" : 30
},
{
	"ID" : 486,
	"GroupID" : 301,
	"FishID" : 3004,
	"FishIDWeight" : 30
},
{
	"ID" : 487,
	"GroupID" : 301,
	"FishID" : 3005,
	"FishIDWeight" : 0
},
{
	"ID" : 488,
	"GroupID" : 301,
	"FishID" : 3006,
	"FishIDWeight" : 0
},
{
	"ID" : 489,
	"GroupID" : 301,
	"FishID" : 3007,
	"FishIDWeight" : 0
},
{
	"ID" : 490,
	"GroupID" : 301,
	"FishID" : 3008,
	"FishIDWeight" : 0
},
{
	"ID" : 491,
	"GroupID" : 301,
	"FishID" : 3009,
	"FishIDWeight" : 0
},
{
	"ID" : 492,
	"GroupID" : 301,
	"FishID" : 3010,
	"FishIDWeight" : 0
},
{
	"ID" : 493,
	"GroupID" : 302,
	"FishID" : 3011,
	"FishIDWeight" : 30
},
{
	"ID" : 494,
	"GroupID" : 302,
	"FishID" : 3012,
	"FishIDWeight" : 30
},
{
	"ID" : 495,
	"GroupID" : 302,
	"FishID" : 3013,
	"FishIDWeight" : 30
},
{
	"ID" : 496,
	"GroupID" : 302,
	"FishID" : 3014,
	"FishIDWeight" : 0
},
{
	"ID" : 497,
	"GroupID" : 302,
	"FishID" : 3015,
	"FishIDWeight" : 0
},
{
	"ID" : 498,
	"GroupID" : 302,
	"FishID" : 3016,
	"FishIDWeight" : 0
},
{
	"ID" : 499,
	"GroupID" : 303,
	"FishID" : 3017,
	"FishIDWeight" : 30
},
{
	"ID" : 500,
	"GroupID" : 303,
	"FishID" : 3018,
	"FishIDWeight" : 30
},
{
	"ID" : 501,
	"GroupID" : 303,
	"FishID" : 3019,
	"FishIDWeight" : 0
},
{
	"ID" : 502,
	"GroupID" : 303,
	"FishID" : 3020,
	"FishIDWeight" : 0
},
{
	"ID" : 503,
	"GroupID" : 303,
	"FishID" : 3021,
	"FishIDWeight" : 0
},
{
	"ID" : 504,
	"GroupID" : 303,
	"FishID" : 3022,
	"FishIDWeight" : 0
},
{
	"ID" : 505,
	"GroupID" : 304,
	"FishID" : 3023,
	"FishIDWeight" : 30
},
{
	"ID" : 506,
	"GroupID" : 304,
	"FishID" : 3024,
	"FishIDWeight" : 30
},
{
	"ID" : 507,
	"GroupID" : 304,
	"FishID" : 3025,
	"FishIDWeight" : 30
},
{
	"ID" : 508,
	"GroupID" : 304,
	"FishID" : 3026,
	"FishIDWeight" : 0
},
{
	"ID" : 509,
	"GroupID" : 304,
	"FishID" : 3027,
	"FishIDWeight" : 0
},
{
	"ID" : 510,
	"GroupID" : 304,
	"FishID" : 3028,
	"FishIDWeight" : 0
},
{
	"ID" : 511,
	"GroupID" : 304,
	"FishID" : 3029,
	"FishIDWeight" : 0
},
{
	"ID" : 512,
	"GroupID" : 305,
	"FishID" : 3030,
	"FishIDWeight" : 30
},
{
	"ID" : 513,
	"GroupID" : 305,
	"FishID" : 3031,
	"FishIDWeight" : 50
},
{
	"ID" : 514,
	"GroupID" : 305,
	"FishID" : 3032,
	"FishIDWeight" : 30
},
{
	"ID" : 515,
	"GroupID" : 305,
	"FishID" : 3033,
	"FishIDWeight" : 20
},
{
	"ID" : 516,
	"GroupID" : 305,
	"FishID" : 3034,
	"FishIDWeight" : 0
},
{
	"ID" : 517,
	"GroupID" : 305,
	"FishID" : 3035,
	"FishIDWeight" : 0
},
{
	"ID" : 518,
	"GroupID" : 305,
	"FishID" : 3036,
	"FishIDWeight" : 0
},
{
	"ID" : 519,
	"GroupID" : 311,
	"FishID" : 3101,
	"FishIDWeight" : 0
},
{
	"ID" : 520,
	"GroupID" : 311,
	"FishID" : 3102,
	"FishIDWeight" : 30
},
{
	"ID" : 521,
	"GroupID" : 311,
	"FishID" : 3103,
	"FishIDWeight" : 30
},
{
	"ID" : 522,
	"GroupID" : 311,
	"FishID" : 3104,
	"FishIDWeight" : 30
},
{
	"ID" : 523,
	"GroupID" : 311,
	"FishID" : 3105,
	"FishIDWeight" : 30
},
{
	"ID" : 524,
	"GroupID" : 311,
	"FishID" : 3106,
	"FishIDWeight" : 0
},
{
	"ID" : 525,
	"GroupID" : 311,
	"FishID" : 3107,
	"FishIDWeight" : 0
},
{
	"ID" : 526,
	"GroupID" : 311,
	"FishID" : 3108,
	"FishIDWeight" : 0
},
{
	"ID" : 527,
	"GroupID" : 311,
	"FishID" : 3109,
	"FishIDWeight" : 0
},
{
	"ID" : 528,
	"GroupID" : 311,
	"FishID" : 3110,
	"FishIDWeight" : 0
},
{
	"ID" : 529,
	"GroupID" : 312,
	"FishID" : 3111,
	"FishIDWeight" : 0
},
{
	"ID" : 530,
	"GroupID" : 312,
	"FishID" : 3112,
	"FishIDWeight" : 30
},
{
	"ID" : 531,
	"GroupID" : 312,
	"FishID" : 3113,
	"FishIDWeight" : 30
},
{
	"ID" : 532,
	"GroupID" : 312,
	"FishID" : 3114,
	"FishIDWeight" : 30
},
{
	"ID" : 533,
	"GroupID" : 312,
	"FishID" : 3115,
	"FishIDWeight" : 0
},
{
	"ID" : 534,
	"GroupID" : 312,
	"FishID" : 3116,
	"FishIDWeight" : 0
},
{
	"ID" : 535,
	"GroupID" : 313,
	"FishID" : 3117,
	"FishIDWeight" : 0
},
{
	"ID" : 536,
	"GroupID" : 313,
	"FishID" : 3118,
	"FishIDWeight" : 30
},
{
	"ID" : 537,
	"GroupID" : 313,
	"FishID" : 3119,
	"FishIDWeight" : 30
},
{
	"ID" : 538,
	"GroupID" : 313,
	"FishID" : 3120,
	"FishIDWeight" : 0
},
{
	"ID" : 539,
	"GroupID" : 313,
	"FishID" : 3121,
	"FishIDWeight" : 0
},
{
	"ID" : 540,
	"GroupID" : 313,
	"FishID" : 3122,
	"FishIDWeight" : 0
},
{
	"ID" : 541,
	"GroupID" : 314,
	"FishID" : 3123,
	"FishIDWeight" : 0
},
{
	"ID" : 542,
	"GroupID" : 314,
	"FishID" : 3124,
	"FishIDWeight" : 30
},
{
	"ID" : 543,
	"GroupID" : 314,
	"FishID" : 3125,
	"FishIDWeight" : 30
},
{
	"ID" : 544,
	"GroupID" : 314,
	"FishID" : 3126,
	"FishIDWeight" : 30
},
{
	"ID" : 545,
	"GroupID" : 314,
	"FishID" : 3127,
	"FishIDWeight" : 0
},
{
	"ID" : 546,
	"GroupID" : 314,
	"FishID" : 3128,
	"FishIDWeight" : 0
},
{
	"ID" : 547,
	"GroupID" : 314,
	"FishID" : 3129,
	"FishIDWeight" : 0
},
{
	"ID" : 548,
	"GroupID" : 315,
	"FishID" : 3130,
	"FishIDWeight" : 0
},
{
	"ID" : 549,
	"GroupID" : 315,
	"FishID" : 3131,
	"FishIDWeight" : 30
},
{
	"ID" : 550,
	"GroupID" : 315,
	"FishID" : 3132,
	"FishIDWeight" : 50
},
{
	"ID" : 551,
	"GroupID" : 315,
	"FishID" : 3133,
	"FishIDWeight" : 30
},
{
	"ID" : 552,
	"GroupID" : 315,
	"FishID" : 3134,
	"FishIDWeight" : 20
},
{
	"ID" : 553,
	"GroupID" : 315,
	"FishID" : 3135,
	"FishIDWeight" : 0
},
{
	"ID" : 554,
	"GroupID" : 315,
	"FishID" : 3136,
	"FishIDWeight" : 0
},
{
	"ID" : 555,
	"GroupID" : 321,
	"FishID" : 3201,
	"FishIDWeight" : 0
},
{
	"ID" : 556,
	"GroupID" : 321,
	"FishID" : 3202,
	"FishIDWeight" : 0
},
{
	"ID" : 557,
	"GroupID" : 321,
	"FishID" : 3203,
	"FishIDWeight" : 30
},
{
	"ID" : 558,
	"GroupID" : 321,
	"FishID" : 3204,
	"FishIDWeight" : 30
},
{
	"ID" : 559,
	"GroupID" : 321,
	"FishID" : 3205,
	"FishIDWeight" : 30
},
{
	"ID" : 560,
	"GroupID" : 321,
	"FishID" : 3206,
	"FishIDWeight" : 30
},
{
	"ID" : 561,
	"GroupID" : 321,
	"FishID" : 3207,
	"FishIDWeight" : 0
},
{
	"ID" : 562,
	"GroupID" : 321,
	"FishID" : 3208,
	"FishIDWeight" : 0
},
{
	"ID" : 563,
	"GroupID" : 321,
	"FishID" : 3209,
	"FishIDWeight" : 0
},
{
	"ID" : 564,
	"GroupID" : 321,
	"FishID" : 3210,
	"FishIDWeight" : 0
},
{
	"ID" : 565,
	"GroupID" : 322,
	"FishID" : 3211,
	"FishIDWeight" : 0
},
{
	"ID" : 566,
	"GroupID" : 322,
	"FishID" : 3212,
	"FishIDWeight" : 0
},
{
	"ID" : 567,
	"GroupID" : 322,
	"FishID" : 3213,
	"FishIDWeight" : 30
},
{
	"ID" : 568,
	"GroupID" : 322,
	"FishID" : 3214,
	"FishIDWeight" : 30
},
{
	"ID" : 569,
	"GroupID" : 322,
	"FishID" : 3215,
	"FishIDWeight" : 30
},
{
	"ID" : 570,
	"GroupID" : 322,
	"FishID" : 3216,
	"FishIDWeight" : 0
},
{
	"ID" : 571,
	"GroupID" : 323,
	"FishID" : 3217,
	"FishIDWeight" : 0
},
{
	"ID" : 572,
	"GroupID" : 323,
	"FishID" : 3218,
	"FishIDWeight" : 0
},
{
	"ID" : 573,
	"GroupID" : 323,
	"FishID" : 3219,
	"FishIDWeight" : 30
},
{
	"ID" : 574,
	"GroupID" : 323,
	"FishID" : 3220,
	"FishIDWeight" : 30
},
{
	"ID" : 575,
	"GroupID" : 323,
	"FishID" : 3221,
	"FishIDWeight" : 0
},
{
	"ID" : 576,
	"GroupID" : 323,
	"FishID" : 3222,
	"FishIDWeight" : 0
},
{
	"ID" : 577,
	"GroupID" : 324,
	"FishID" : 3223,
	"FishIDWeight" : 0
},
{
	"ID" : 578,
	"GroupID" : 324,
	"FishID" : 3224,
	"FishIDWeight" : 0
},
{
	"ID" : 579,
	"GroupID" : 324,
	"FishID" : 3225,
	"FishIDWeight" : 30
},
{
	"ID" : 580,
	"GroupID" : 324,
	"FishID" : 3226,
	"FishIDWeight" : 30
},
{
	"ID" : 581,
	"GroupID" : 324,
	"FishID" : 3227,
	"FishIDWeight" : 30
},
{
	"ID" : 582,
	"GroupID" : 324,
	"FishID" : 3228,
	"FishIDWeight" : 0
},
{
	"ID" : 583,
	"GroupID" : 324,
	"FishID" : 3229,
	"FishIDWeight" : 0
},
{
	"ID" : 584,
	"GroupID" : 325,
	"FishID" : 3230,
	"FishIDWeight" : 0
},
{
	"ID" : 585,
	"GroupID" : 325,
	"FishID" : 3231,
	"FishIDWeight" : 0
},
{
	"ID" : 586,
	"GroupID" : 325,
	"FishID" : 3232,
	"FishIDWeight" : 30
},
{
	"ID" : 587,
	"GroupID" : 325,
	"FishID" : 3233,
	"FishIDWeight" : 50
},
{
	"ID" : 588,
	"GroupID" : 325,
	"FishID" : 3234,
	"FishIDWeight" : 30
},
{
	"ID" : 589,
	"GroupID" : 325,
	"FishID" : 3235,
	"FishIDWeight" : 20
},
{
	"ID" : 590,
	"GroupID" : 325,
	"FishID" : 3236,
	"FishIDWeight" : 0
},
{
	"ID" : 591,
	"GroupID" : 331,
	"FishID" : 3301,
	"FishIDWeight" : 0
},
{
	"ID" : 592,
	"GroupID" : 331,
	"FishID" : 3302,
	"FishIDWeight" : 0
},
{
	"ID" : 593,
	"GroupID" : 331,
	"FishID" : 3303,
	"FishIDWeight" : 0
},
{
	"ID" : 594,
	"GroupID" : 331,
	"FishID" : 3304,
	"FishIDWeight" : 30
},
{
	"ID" : 595,
	"GroupID" : 331,
	"FishID" : 3305,
	"FishIDWeight" : 30
},
{
	"ID" : 596,
	"GroupID" : 331,
	"FishID" : 3306,
	"FishIDWeight" : 30
},
{
	"ID" : 597,
	"GroupID" : 331,
	"FishID" : 3307,
	"FishIDWeight" : 30
},
{
	"ID" : 598,
	"GroupID" : 331,
	"FishID" : 3308,
	"FishIDWeight" : 0
},
{
	"ID" : 599,
	"GroupID" : 331,
	"FishID" : 3309,
	"FishIDWeight" : 0
},
{
	"ID" : 600,
	"GroupID" : 331,
	"FishID" : 3310,
	"FishIDWeight" : 0
},
{
	"ID" : 601,
	"GroupID" : 332,
	"FishID" : 3311,
	"FishIDWeight" : 0
},
{
	"ID" : 602,
	"GroupID" : 332,
	"FishID" : 3312,
	"FishIDWeight" : 0
},
{
	"ID" : 603,
	"GroupID" : 332,
	"FishID" : 3313,
	"FishIDWeight" : 0
},
{
	"ID" : 604,
	"GroupID" : 332,
	"FishID" : 3314,
	"FishIDWeight" : 30
},
{
	"ID" : 605,
	"GroupID" : 332,
	"FishID" : 3315,
	"FishIDWeight" : 30
},
{
	"ID" : 606,
	"GroupID" : 332,
	"FishID" : 3316,
	"FishIDWeight" : 30
},
{
	"ID" : 607,
	"GroupID" : 333,
	"FishID" : 3317,
	"FishIDWeight" : 0
},
{
	"ID" : 608,
	"GroupID" : 333,
	"FishID" : 3318,
	"FishIDWeight" : 0
},
{
	"ID" : 609,
	"GroupID" : 333,
	"FishID" : 3319,
	"FishIDWeight" : 0
},
{
	"ID" : 610,
	"GroupID" : 333,
	"FishID" : 3320,
	"FishIDWeight" : 30
},
{
	"ID" : 611,
	"GroupID" : 333,
	"FishID" : 3321,
	"FishIDWeight" : 30
},
{
	"ID" : 612,
	"GroupID" : 333,
	"FishID" : 3322,
	"FishIDWeight" : 0
},
{
	"ID" : 613,
	"GroupID" : 334,
	"FishID" : 3323,
	"FishIDWeight" : 0
},
{
	"ID" : 614,
	"GroupID" : 334,
	"FishID" : 3324,
	"FishIDWeight" : 0
},
{
	"ID" : 615,
	"GroupID" : 334,
	"FishID" : 3325,
	"FishIDWeight" : 0
},
{
	"ID" : 616,
	"GroupID" : 334,
	"FishID" : 3326,
	"FishIDWeight" : 30
},
{
	"ID" : 617,
	"GroupID" : 334,
	"FishID" : 3327,
	"FishIDWeight" : 30
},
{
	"ID" : 618,
	"GroupID" : 334,
	"FishID" : 3328,
	"FishIDWeight" : 30
},
{
	"ID" : 619,
	"GroupID" : 334,
	"FishID" : 3329,
	"FishIDWeight" : 0
},
{
	"ID" : 620,
	"GroupID" : 335,
	"FishID" : 3330,
	"FishIDWeight" : 0
},
{
	"ID" : 621,
	"GroupID" : 335,
	"FishID" : 3331,
	"FishIDWeight" : 0
},
{
	"ID" : 622,
	"GroupID" : 335,
	"FishID" : 3332,
	"FishIDWeight" : 0
},
{
	"ID" : 623,
	"GroupID" : 335,
	"FishID" : 3333,
	"FishIDWeight" : 30
},
{
	"ID" : 624,
	"GroupID" : 335,
	"FishID" : 3334,
	"FishIDWeight" : 50
},
{
	"ID" : 625,
	"GroupID" : 335,
	"FishID" : 3335,
	"FishIDWeight" : 30
},
{
	"ID" : 626,
	"GroupID" : 335,
	"FishID" : 3336,
	"FishIDWeight" : 20
},
{
	"ID" : 627,
	"GroupID" : 401,
	"FishID" : 4029,
	"FishIDWeight" : 1
},
{
	"ID" : 628,
	"GroupID" : 402,
	"FishID" : 4050,
	"FishIDWeight" : 1
},
{
	"ID" : 629,
	"GroupID" : 403,
	"FishID" : 4051,
	"FishIDWeight" : 1
},
{
	"ID" : 630,
	"GroupID" : 404,
	"FishID" : 4052,
	"FishIDWeight" : 1
},
{
	"ID" : 631,
	"GroupID" : 405,
	"FishID" : 4053,
	"FishIDWeight" : 1
},
{
	"ID" : 632,
	"GroupID" : 406,
	"FishID" : 4054,
	"FishIDWeight" : 1
},
{
	"ID" : 633,
	"GroupID" : 407,
	"FishID" : 4055,
	"FishIDWeight" : 1
},
{
	"ID" : 634,
	"GroupID" : 408,
	"FishID" : 4056,
	"FishIDWeight" : 1
},
{
	"ID" : 635,
	"GroupID" : 409,
	"FishID" : 4061,
	"FishIDWeight" : 1
},
{
	"ID" : 636,
	"GroupID" : 410,
	"FishID" : 4035,
	"FishIDWeight" : 1
},
{
	"ID" : 637,
	"GroupID" : 411,
	"FishID" : 4036,
	"FishIDWeight" : 1
},
{
	"ID" : 638,
	"GroupID" : 412,
	"FishID" : 4037,
	"FishIDWeight" : 1
},
{
	"ID" : 639,
	"GroupID" : 413,
	"FishID" : 4038,
	"FishIDWeight" : 1
},
{
	"ID" : 640,
	"GroupID" : 414,
	"FishID" : 4039,
	"FishIDWeight" : 1
},
{
	"ID" : 641,
	"GroupID" : 415,
	"FishID" : 4040,
	"FishIDWeight" : 1
},
{
	"ID" : 642,
	"GroupID" : 416,
	"FishID" : 4042,
	"FishIDWeight" : 1
},
{
	"ID" : 643,
	"GroupID" : 417,
	"FishID" : 4044,
	"FishIDWeight" : 1
},
{
	"ID" : 644,
	"GroupID" : 418,
	"FishID" : 4056,
	"FishIDWeight" : 1
},
{
	"ID" : 645,
	"GroupID" : 419,
	"FishID" : 4057,
	"FishIDWeight" : 1
},
{
	"ID" : 646,
	"GroupID" : 420,
	"FishID" : 4058,
	"FishIDWeight" : 1
},
{
	"ID" : 647,
	"GroupID" : 421,
	"FishID" : 4059,
	"FishIDWeight" : 1
},
{
	"ID" : 648,
	"GroupID" : 422,
	"FishID" : 4060,
	"FishIDWeight" : 1
},
{
	"ID" : 649,
	"GroupID" : 423,
	"FishID" : 4061,
	"FishIDWeight" : 1
},
{
	"ID" : 650,
	"GroupID" : 424,
	"FishID" : 4048,
	"FishIDWeight" : 1
},
{
	"ID" : 651,
	"GroupID" : 424,
	"FishID" : 4047,
	"FishIDWeight" : 1
},
{
	"ID" : 652,
	"GroupID" : 1001,
	"FishID" : 5001,
	"FishIDWeight" : 10
},
{
	"ID" : 653,
	"GroupID" : 1001,
	"FishID" : 5002,
	"FishIDWeight" : 10
},
{
	"ID" : 654,
	"GroupID" : 1001,
	"FishID" : 5003,
	"FishIDWeight" : 10
},
{
	"ID" : 655,
	"GroupID" : 1001,
	"FishID" : 5004,
	"FishIDWeight" : 10
},
{
	"ID" : 656,
	"GroupID" : 1001,
	"FishID" : 5005,
	"FishIDWeight" : 10
},
{
	"ID" : 657,
	"GroupID" : 1002,
	"FishID" : 5051,
	"FishIDWeight" : 10
},
{
	"ID" : 658,
	"GroupID" : 1002,
	"FishID" : 5052,
	"FishIDWeight" : 10
},
{
	"ID" : 659,
	"GroupID" : 1002,
	"FishID" : 5053,
	"FishIDWeight" : 10
},
{
	"ID" : 660,
	"GroupID" : 1002,
	"FishID" : 5054,
	"FishIDWeight" : 10
},
{
	"ID" : 661,
	"GroupID" : 1002,
	"FishID" : 5055,
	"FishIDWeight" : 10
},
{
	"ID" : 662,
	"GroupID" : 1003,
	"FishID" : 5101,
	"FishIDWeight" : 10
},
{
	"ID" : 663,
	"GroupID" : 1003,
	"FishID" : 5102,
	"FishIDWeight" : 10
},
{
	"ID" : 664,
	"GroupID" : 1003,
	"FishID" : 5103,
	"FishIDWeight" : 10
},
{
	"ID" : 665,
	"GroupID" : 1003,
	"FishID" : 5104,
	"FishIDWeight" : 10
},
{
	"ID" : 666,
	"GroupID" : 1003,
	"FishID" : 5105,
	"FishIDWeight" : 10
},
{
	"ID" : 667,
	"GroupID" : 1004,
	"FishID" : 5151,
	"FishIDWeight" : 50
},
{
	"ID" : 668,
	"GroupID" : 1004,
	"FishID" : 5152,
	"FishIDWeight" : 40
},
{
	"ID" : 669,
	"GroupID" : 1004,
	"FishID" : 5153,
	"FishIDWeight" : 30
},
{
	"ID" : 670,
	"GroupID" : 1004,
	"FishID" : 5154,
	"FishIDWeight" : 20
},
{
	"ID" : 671,
	"GroupID" : 1004,
	"FishID" : 5155,
	"FishIDWeight" : 10
},
{
	"ID" : 672,
	"GroupID" : 1005,
	"FishID" : 5201,
	"FishIDWeight" : 50
},
{
	"ID" : 673,
	"GroupID" : 1005,
	"FishID" : 5202,
	"FishIDWeight" : 30
},
{
	"ID" : 674,
	"GroupID" : 1005,
	"FishID" : 5203,
	"FishIDWeight" : 20
},
{
	"ID" : 675,
	"GroupID" : 1005,
	"FishID" : 5204,
	"FishIDWeight" : 10
},
{
	"ID" : 676,
	"GroupID" : 1005,
	"FishID" : 5205,
	"FishIDWeight" : 40
},
{
	"ID" : 677,
	"GroupID" : 1006,
	"FishID" : 5051,
	"FishIDWeight" : 10
},
{
	"ID" : 678,
	"GroupID" : 1006,
	"FishID" : 5052,
	"FishIDWeight" : 10
},
{
	"ID" : 679,
	"GroupID" : 1006,
	"FishID" : 5053,
	"FishIDWeight" : 10
},
{
	"ID" : 680,
	"GroupID" : 1006,
	"FishID" : 5054,
	"FishIDWeight" : 10
},
{
	"ID" : 681,
	"GroupID" : 1006,
	"FishID" : 5055,
	"FishIDWeight" : 10
},
{
	"ID" : 682,
	"GroupID" : 1006,
	"FishID" : 5101,
	"FishIDWeight" : 10
},
{
	"ID" : 683,
	"GroupID" : 1006,
	"FishID" : 5102,
	"FishIDWeight" : 10
},
{
	"ID" : 684,
	"GroupID" : 1006,
	"FishID" : 5103,
	"FishIDWeight" : 10
},
{
	"ID" : 685,
	"GroupID" : 1006,
	"FishID" : 5104,
	"FishIDWeight" : 10
},
{
	"ID" : 686,
	"GroupID" : 1006,
	"FishID" : 5105,
	"FishIDWeight" : 10
},
{
	"ID" : 687,
	"GroupID" : 10001,
	"FishID" : 210,
	"FishIDWeight" : 10
},
{
	"ID" : 688,
	"GroupID" : 10002,
	"FishID" : 211,
	"FishIDWeight" : 10
},
{
	"ID" : 689,
	"GroupID" : 2001,
	"FishID" : 11001,
	"FishIDWeight" : 1
},
{
	"ID" : 690,
	"GroupID" : 2001,
	"FishID" : 11002,
	"FishIDWeight" : 1
},
{
	"ID" : 691,
	"GroupID" : 2001,
	"FishID" : 11003,
	"FishIDWeight" : 1
},
{
	"ID" : 692,
	"GroupID" : 2002,
	"FishID" : 11004,
	"FishIDWeight" : 1
},
{
	"ID" : 693,
	"GroupID" : 2002,
	"FishID" : 11005,
	"FishIDWeight" : 1
},
{
	"ID" : 694,
	"GroupID" : 2002,
	"FishID" : 11006,
	"FishIDWeight" : 1
}
]