[
{
	"ID" : 0, 
	"RouteID" : 0, 
	"StartPosX" : 0, 
	"StartPosY" : 0, 
	"LifeTime" : 0, 
	"StartLeft" : 0, 
	"Speed" : 0, 
	"Rotation" : 0, 
	"Gradient" : 0, 
	"Duration" : 0
},
{
	"ID" : 1,
	"RouteID" : 1,
	"StartPosX" : -40,
	"StartPosY" : 100,
	"LifeTime" : 33.625,
	"StartLeft" : 1,
	"Speed" : 100,
	"Rotation" : 90,
	"Gradient" : 0,
	"Duration" : 0.1
},
{
	"ID" : 2,
	"RouteID" : 1,
	"StartPosX" : -40,
	"StartPosY" : 100,
	"LifeTime" : 33.625,
	"StartLeft" : 1,
	"Speed" : 100,
	"Rotation" : 15,
	"Gradient" : 2,
	"Duration" : 3
},
{
	"ID" : 3,
	"RouteID" : 1,
	"StartPosX" : -40,
	"StartPosY" : 100,
	"LifeTime" : 33.625,
	"StartLeft" : 1,
	"Speed" : 100,
	"Rotation" : 100,
	"Gradient" : 4,
	"Duration" : 4
},
{
	"ID" : 4,
	"RouteID" : 1,
	"StartPosX" : -40,
	"StartPosY" : 100,
	"LifeTime" : 33.625,
	"StartLeft" : 1,
	"Speed" : 100,
	"Rotation" : 120,
	"Gradient" : 1,
	"Duration" : 1
},
{
	"ID" : 5,
	"RouteID" : 1,
	"StartPosX" : -40,
	"StartPosY" : 100,
	"LifeTime" : 33.625,
	"StartLeft" : 1,
	"Speed" : 120,
	"Rotation" : 270,
	"Gradient" : 2,
	"Duration" : 2
},
{
	"ID" : 6,
	"RouteID" : 1,
	"StartPosX" : -40,
	"StartPosY" : 100,
	"LifeTime" : 33.625,
	"StartLeft" : 1,
	"Speed" : 100,
	"Rotation" : 180,
	"Gradient" : 2,
	"Duration" : 2
},
{
	"ID" : 7,
	"RouteID" : 1,
	"StartPosX" : -40,
	"StartPosY" : 100,
	"LifeTime" : 33.625,
	"StartLeft" : 1,
	"Speed" : 120,
	"Rotation" : 90,
	"Gradient" : 2,
	"Duration" : 2
},
{
	"ID" : 8,
	"RouteID" : 1,
	"StartPosX" : -40,
	"StartPosY" : 100,
	"LifeTime" : 33.625,
	"StartLeft" : 1,
	"Speed" : 100,
	"Rotation" : 45,
	"Gradient" : 1,
	"Duration" : 4
},
{
	"ID" : 9,
	"RouteID" : 1,
	"StartPosX" : -40,
	"StartPosY" : 100,
	"LifeTime" : 33.625,
	"StartLeft" : 1,
	"Speed" : 100,
	"Rotation" : 90,
	"Gradient" : 2,
	"Duration" : 3
},
{
	"ID" : 10,
	"RouteID" : 1,
	"StartPosX" : -40,
	"StartPosY" : 100,
	"LifeTime" : 33.625,
	"StartLeft" : 1,
	"Speed" : 100,
	"Rotation" : 135,
	"Gradient" : 2,
	"Duration" : 5
},
{
	"ID" : 11,
	"RouteID" : 2,
	"StartPosX" : 100,
	"StartPosY" : -40,
	"LifeTime" : 17.25,
	"StartLeft" : 1,
	"Speed" : 100,
	"Rotation" : 45,
	"Gradient" : 0,
	"Duration" : 13
},
{
	"ID" : 12,
	"RouteID" : 3,
	"StartPosX" : -40,
	"StartPosY" : 100,
	"LifeTime" : 22.875,
	"StartLeft" : 1,
	"Speed" : 100,
	"Rotation" : 45,
	"Gradient" : 0,
	"Duration" : 3
},
{
	"ID" : 13,
	"RouteID" : 3,
	"StartPosX" : -40,
	"StartPosY" : 100,
	"LifeTime" : 22.875,
	"StartLeft" : 1,
	"Speed" : 100,
	"Rotation" : 135,
	"Gradient" : 10,
	"Duration" : 10
},
{
	"ID" : 14,
	"RouteID" : 3,
	"StartPosX" : -40,
	"StartPosY" : 100,
	"LifeTime" : 22.875,
	"StartLeft" : 1,
	"Speed" : 100,
	"Rotation" : 135,
	"Gradient" : 0,
	"Duration" : 4.5
},
{
	"ID" : 15,
	"RouteID" : 4,
	"StartPosX" : 100,
	"StartPosY" : 760,
	"LifeTime" : 19.125,
	"StartLeft" : 1,
	"Speed" : 100,
	"Rotation" : 180,
	"Gradient" : 0,
	"Duration" : 2
},
{
	"ID" : 16,
	"RouteID" : 4,
	"StartPosX" : 100,
	"StartPosY" : 760,
	"LifeTime" : 19.125,
	"StartLeft" : 1,
	"Speed" : 100,
	"Rotation" : 105,
	"Gradient" : 3,
	"Duration" : 8
},
{
	"ID" : 17,
	"RouteID" : 4,
	"StartPosX" : 100,
	"StartPosY" : 760,
	"LifeTime" : 19.125,
	"StartLeft" : 1,
	"Speed" : 100,
	"Rotation" : 180,
	"Gradient" : 3,
	"Duration" : 4.5
},
{
	"ID" : 18,
	"RouteID" : 5,
	"StartPosX" : -40,
	"StartPosY" : 100,
	"LifeTime" : 24.125,
	"StartLeft" : 1,
	"Speed" : 100,
	"Rotation" : 45,
	"Gradient" : 0,
	"Duration" : 3
},
{
	"ID" : 19,
	"RouteID" : 5,
	"StartPosX" : -40,
	"StartPosY" : 100,
	"LifeTime" : 24.125,
	"StartLeft" : 1,
	"Speed" : 100,
	"Rotation" : 135,
	"Gradient" : 5,
	"Duration" : 5
},
{
	"ID" : 20,
	"RouteID" : 5,
	"StartPosX" : -40,
	"StartPosY" : 100,
	"LifeTime" : 24.125,
	"StartLeft" : 1,
	"Speed" : 100,
	"Rotation" : 45,
	"Gradient" : 5,
	"Duration" : 5
},
{
	"ID" : 21,
	"RouteID" : 5,
	"StartPosX" : -40,
	"StartPosY" : 100,
	"LifeTime" : 24.125,
	"StartLeft" : 1,
	"Speed" : 100,
	"Rotation" : 40,
	"Gradient" : 1,
	"Duration" : 5.5
},
{
	"ID" : 22,
	"RouteID" : 6,
	"StartPosX" : -40,
	"StartPosY" : 640,
	"LifeTime" : 21,
	"StartLeft" : 1,
	"Speed" : 100,
	"Rotation" : 100,
	"Gradient" : 0,
	"Duration" : 3
},
{
	"ID" : 23,
	"RouteID" : 6,
	"StartPosX" : -40,
	"StartPosY" : 640,
	"LifeTime" : 21,
	"StartLeft" : 1,
	"Speed" : 100,
	"Rotation" : 120,
	"Gradient" : 1,
	"Duration" : 10
},
{
	"ID" : 24,
	"RouteID" : 6,
	"StartPosX" : -40,
	"StartPosY" : 640,
	"LifeTime" : 21,
	"StartLeft" : 1,
	"Speed" : 100,
	"Rotation" : 90,
	"Gradient" : 1,
	"Duration" : 3
},
{
	"ID" : 25,
	"RouteID" : 7,
	"StartPosX" : -40,
	"StartPosY" : 200,
	"LifeTime" : 33.782,
	"StartLeft" : 1,
	"Speed" : 80,
	"Rotation" : 90,
	"Gradient" : 0,
	"Duration" : 3.75
},
{
	"ID" : 26,
	"RouteID" : 7,
	"StartPosX" : -40,
	"StartPosY" : 200,
	"LifeTime" : 33.782,
	"StartLeft" : 1,
	"Speed" : 80,
	"Rotation" : 0,
	"Gradient" : 5,
	"Duration" : 6.25
},
{
	"ID" : 27,
	"RouteID" : 7,
	"StartPosX" : -40,
	"StartPosY" : 200,
	"LifeTime" : 33.782,
	"StartLeft" : 1,
	"Speed" : 50,
	"Rotation" : 90,
	"Gradient" : 3,
	"Duration" : 0.6
},
{
	"ID" : 28,
	"RouteID" : 7,
	"StartPosX" : -40,
	"StartPosY" : 200,
	"LifeTime" : 33.782,
	"StartLeft" : 1,
	"Speed" : 50,
	"Rotation" : 135,
	"Gradient" : 5,
	"Duration" : 5
},
{
	"ID" : 29,
	"RouteID" : 7,
	"StartPosX" : -40,
	"StartPosY" : 200,
	"LifeTime" : 33.782,
	"StartLeft" : 1,
	"Speed" : 80,
	"Rotation" : 90,
	"Gradient" : 4,
	"Duration" : 10.625
},
{
	"ID" : 30,
	"RouteID" : 8,
	"StartPosX" : -40,
	"StartPosY" : 600,
	"LifeTime" : 25.375,
	"StartLeft" : 1,
	"Speed" : 100,
	"Rotation" : 90,
	"Gradient" : 0,
	"Duration" : 3
},
{
	"ID" : 31,
	"RouteID" : 8,
	"StartPosX" : -40,
	"StartPosY" : 600,
	"LifeTime" : 25.375,
	"StartLeft" : 1,
	"Speed" : 100,
	"Rotation" : 180,
	"Gradient" : 3,
	"Duration" : 3
},
{
	"ID" : 32,
	"RouteID" : 8,
	"StartPosX" : -40,
	"StartPosY" : 600,
	"LifeTime" : 25.375,
	"StartLeft" : 1,
	"Speed" : 100,
	"Rotation" : 90,
	"Gradient" : 5,
	"Duration" : 5
},
{
	"ID" : 33,
	"RouteID" : 8,
	"StartPosX" : -40,
	"StartPosY" : 600,
	"LifeTime" : 25.375,
	"StartLeft" : 1,
	"Speed" : 100,
	"Rotation" : 45,
	"Gradient" : 2,
	"Duration" : 8.5
},
{
	"ID" : 34,
	"RouteID" : 9,
	"StartPosX" : 1200,
	"StartPosY" : -40,
	"LifeTime" : 17.25,
	"StartLeft" : 0,
	"Speed" : 100,
	"Rotation" : 0,
	"Gradient" : 0,
	"Duration" : 2
},
{
	"ID" : 35,
	"RouteID" : 9,
	"StartPosX" : 1200,
	"StartPosY" : -40,
	"LifeTime" : 17.25,
	"StartLeft" : 0,
	"Speed" : 100,
	"Rotation" : -45,
	"Gradient" : 3,
	"Duration" : 3
},
{
	"ID" : 36,
	"RouteID" : 9,
	"StartPosX" : 1200,
	"StartPosY" : -40,
	"LifeTime" : 17.25,
	"StartLeft" : 0,
	"Speed" : 100,
	"Rotation" : -90,
	"Gradient" : 2,
	"Duration" : 3
},
{
	"ID" : 37,
	"RouteID" : 9,
	"StartPosX" : 1200,
	"StartPosY" : -40,
	"LifeTime" : 17.25,
	"StartLeft" : 0,
	"Speed" : 100,
	"Rotation" : 0,
	"Gradient" : 4,
	"Duration" : 5
},
{
	"ID" : 38,
	"RouteID" : 10,
	"StartPosX" : 1100,
	"StartPosY" : -40,
	"LifeTime" : 19.75,
	"StartLeft" : 0,
	"Speed" : 100,
	"Rotation" : -45,
	"Gradient" : 0,
	"Duration" : 3
},
{
	"ID" : 39,
	"RouteID" : 10,
	"StartPosX" : 1100,
	"StartPosY" : -40,
	"LifeTime" : 19.75,
	"StartLeft" : 0,
	"Speed" : 100,
	"Rotation" : -90,
	"Gradient" : 5,
	"Duration" : 5
},
{
	"ID" : 40,
	"RouteID" : 10,
	"StartPosX" : 1100,
	"StartPosY" : -40,
	"LifeTime" : 19.75,
	"StartLeft" : 0,
	"Speed" : 100,
	"Rotation" : -45,
	"Gradient" : 3,
	"Duration" : 7
},
{
	"ID" : 41,
	"RouteID" : 11,
	"StartPosX" : 1100,
	"StartPosY" : -40,
	"LifeTime" : 16,
	"StartLeft" : 0,
	"Speed" : 100,
	"Rotation" : 0,
	"Gradient" : 0,
	"Duration" : 1
},
{
	"ID" : 42,
	"RouteID" : 11,
	"StartPosX" : 1100,
	"StartPosY" : -40,
	"LifeTime" : 16,
	"StartLeft" : 0,
	"Speed" : 100,
	"Rotation" : -45,
	"Gradient" : 3,
	"Duration" : 11
},
{
	"ID" : 43,
	"RouteID" : 12,
	"StartPosX" : 1150,
	"StartPosY" : 760,
	"LifeTime" : 17.25,
	"StartLeft" : 0,
	"Speed" : 100,
	"Rotation" : -180,
	"Gradient" : 0,
	"Duration" : 1
},
{
	"ID" : 44,
	"RouteID" : 12,
	"StartPosX" : 1150,
	"StartPosY" : 760,
	"LifeTime" : 17.25,
	"StartLeft" : 0,
	"Speed" : 100,
	"Rotation" : -135,
	"Gradient" : 2,
	"Duration" : 3
},
{
	"ID" : 45,
	"RouteID" : 12,
	"StartPosX" : 1150,
	"StartPosY" : 760,
	"LifeTime" : 17.25,
	"StartLeft" : 0,
	"Speed" : 100,
	"Rotation" : -90,
	"Gradient" : 1,
	"Duration" : 3
},
{
	"ID" : 46,
	"RouteID" : 12,
	"StartPosX" : 1150,
	"StartPosY" : 760,
	"LifeTime" : 17.25,
	"StartLeft" : 0,
	"Speed" : 100,
	"Rotation" : -180,
	"Gradient" : 3,
	"Duration" : 6
},
{
	"ID" : 47,
	"RouteID" : 13,
	"StartPosX" : 1200,
	"StartPosY" : 760,
	"LifeTime" : 22.25,
	"StartLeft" : 0,
	"Speed" : 100,
	"Rotation" : -145,
	"Gradient" : 0,
	"Duration" : 3
},
{
	"ID" : 48,
	"RouteID" : 13,
	"StartPosX" : 1200,
	"StartPosY" : 760,
	"LifeTime" : 22.25,
	"StartLeft" : 0,
	"Speed" : 100,
	"Rotation" : -45,
	"Gradient" : 10,
	"Duration" : 14
},
{
	"ID" : 49,
	"RouteID" : 14,
	"StartPosX" : 1320,
	"StartPosY" : 640,
	"LifeTime" : 22.25,
	"StartLeft" : 0,
	"Speed" : 100,
	"Rotation" : -115,
	"Gradient" : 0,
	"Duration" : 3
},
{
	"ID" : 50,
	"RouteID" : 14,
	"StartPosX" : 1320,
	"StartPosY" : 640,
	"LifeTime" : 22.25,
	"StartLeft" : 0,
	"Speed" : 100,
	"Rotation" : -150,
	"Gradient" : 4,
	"Duration" : 4
},
{
	"ID" : 51,
	"RouteID" : 14,
	"StartPosX" : 1320,
	"StartPosY" : 640,
	"LifeTime" : 22.25,
	"StartLeft" : 0,
	"Speed" : 100,
	"Rotation" : -90,
	"Gradient" : 3,
	"Duration" : 10
},
{
	"ID" : 52,
	"RouteID" : 15,
	"StartPosX" : 1320,
	"StartPosY" : 200,
	"LifeTime" : 24.75,
	"StartLeft" : 0,
	"Speed" : 100,
	"Rotation" : -45,
	"Gradient" : 0,
	"Duration" : 3
},
{
	"ID" : 53,
	"RouteID" : 15,
	"StartPosX" : 1320,
	"StartPosY" : 200,
	"LifeTime" : 24.75,
	"StartLeft" : 0,
	"Speed" : 100,
	"Rotation" : -90,
	"Gradient" : 3,
	"Duration" : 3
},
{
	"ID" : 54,
	"RouteID" : 15,
	"StartPosX" : 1320,
	"StartPosY" : 200,
	"LifeTime" : 24.75,
	"StartLeft" : 0,
	"Speed" : 100,
	"Rotation" : -180,
	"Gradient" : 3,
	"Duration" : 3
},
{
	"ID" : 55,
	"RouteID" : 15,
	"StartPosX" : 1320,
	"StartPosY" : 200,
	"LifeTime" : 24.75,
	"StartLeft" : 0,
	"Speed" : 100,
	"Rotation" : -90,
	"Gradient" : 3,
	"Duration" : 10
},
{
	"ID" : 56,
	"RouteID" : 16,
	"StartPosX" : 1320,
	"StartPosY" : 320,
	"LifeTime" : 22.25,
	"StartLeft" : 0,
	"Speed" : 100,
	"Rotation" : -45,
	"Gradient" : 0,
	"Duration" : 3
},
{
	"ID" : 57,
	"RouteID" : 16,
	"StartPosX" : 1320,
	"StartPosY" : 320,
	"LifeTime" : 22.25,
	"StartLeft" : 0,
	"Speed" : 100,
	"Rotation" : -155,
	"Gradient" : 6,
	"Duration" : 6
},
{
	"ID" : 58,
	"RouteID" : 16,
	"StartPosX" : 1320,
	"StartPosY" : 320,
	"LifeTime" : 22.25,
	"StartLeft" : 0,
	"Speed" : 100,
	"Rotation" : -115,
	"Gradient" : 5,
	"Duration" : 8
},
{
	"ID" : 59,
	"RouteID" : 17,
	"StartPosX" : -50,
	"StartPosY" : 150,
	"LifeTime" : 38.188,
	"StartLeft" : 1,
	"Speed" : 120,
	"Rotation" : 50,
	"Gradient" : 0,
	"Duration" : 3.75
},
{
	"ID" : 60,
	"RouteID" : 17,
	"StartPosX" : -50,
	"StartPosY" : 150,
	"LifeTime" : 38.188,
	"StartLeft" : 1,
	"Speed" : 100,
	"Rotation" : 70,
	"Gradient" : 1,
	"Duration" : 3
},
{
	"ID" : 61,
	"RouteID" : 17,
	"StartPosX" : -50,
	"StartPosY" : 150,
	"LifeTime" : 38.188,
	"StartLeft" : 1,
	"Speed" : 100,
	"Rotation" : 90,
	"Gradient" : 1,
	"Duration" : 1
},
{
	"ID" : 62,
	"RouteID" : 17,
	"StartPosX" : -50,
	"StartPosY" : 150,
	"LifeTime" : 38.188,
	"StartLeft" : 1,
	"Speed" : 100,
	"Rotation" : 110,
	"Gradient" : 1,
	"Duration" : 1
},
{
	"ID" : 63,
	"RouteID" : 17,
	"StartPosX" : -50,
	"StartPosY" : 150,
	"LifeTime" : 38.188,
	"StartLeft" : 1,
	"Speed" : 100,
	"Rotation" : 130,
	"Gradient" : 1,
	"Duration" : 1
},
{
	"ID" : 64,
	"RouteID" : 17,
	"StartPosX" : -50,
	"StartPosY" : 150,
	"LifeTime" : 38.188,
	"StartLeft" : 1,
	"Speed" : 100,
	"Rotation" : 150,
	"Gradient" : 1,
	"Duration" : 1
},
{
	"ID" : 65,
	"RouteID" : 17,
	"StartPosX" : -50,
	"StartPosY" : 150,
	"LifeTime" : 38.188,
	"StartLeft" : 1,
	"Speed" : 100,
	"Rotation" : 170,
	"Gradient" : 1,
	"Duration" : 1
},
{
	"ID" : 66,
	"RouteID" : 17,
	"StartPosX" : -50,
	"StartPosY" : 150,
	"LifeTime" : 38.188,
	"StartLeft" : 1,
	"Speed" : 100,
	"Rotation" : 190,
	"Gradient" : 1,
	"Duration" : 1
},
{
	"ID" : 67,
	"RouteID" : 17,
	"StartPosX" : -50,
	"StartPosY" : 150,
	"LifeTime" : 38.188,
	"StartLeft" : 1,
	"Speed" : 100,
	"Rotation" : 210,
	"Gradient" : 1,
	"Duration" : 1
},
{
	"ID" : 68,
	"RouteID" : 17,
	"StartPosX" : -50,
	"StartPosY" : 150,
	"LifeTime" : 38.188,
	"StartLeft" : 1,
	"Speed" : 100,
	"Rotation" : 230,
	"Gradient" : 1,
	"Duration" : 1
},
{
	"ID" : 69,
	"RouteID" : 17,
	"StartPosX" : -50,
	"StartPosY" : 150,
	"LifeTime" : 38.188,
	"StartLeft" : 1,
	"Speed" : 100,
	"Rotation" : 250,
	"Gradient" : 1,
	"Duration" : 1
},
{
	"ID" : 70,
	"RouteID" : 17,
	"StartPosX" : -50,
	"StartPosY" : 150,
	"LifeTime" : 38.188,
	"StartLeft" : 1,
	"Speed" : 100,
	"Rotation" : 270,
	"Gradient" : 1,
	"Duration" : 1
},
{
	"ID" : 71,
	"RouteID" : 17,
	"StartPosX" : -50,
	"StartPosY" : 150,
	"LifeTime" : 38.188,
	"StartLeft" : 1,
	"Speed" : 100,
	"Rotation" : 290,
	"Gradient" : 1,
	"Duration" : 1
},
{
	"ID" : 72,
	"RouteID" : 17,
	"StartPosX" : -50,
	"StartPosY" : 150,
	"LifeTime" : 38.188,
	"StartLeft" : 1,
	"Speed" : 100,
	"Rotation" : 310,
	"Gradient" : 1,
	"Duration" : 1
},
{
	"ID" : 73,
	"RouteID" : 17,
	"StartPosX" : -50,
	"StartPosY" : 150,
	"LifeTime" : 38.188,
	"StartLeft" : 1,
	"Speed" : 100,
	"Rotation" : 330,
	"Gradient" : 1,
	"Duration" : 1
},
{
	"ID" : 74,
	"RouteID" : 17,
	"StartPosX" : -50,
	"StartPosY" : 150,
	"LifeTime" : 38.188,
	"StartLeft" : 1,
	"Speed" : 100,
	"Rotation" : 350,
	"Gradient" : 1,
	"Duration" : 10
},
{
	"ID" : 75,
	"RouteID" : 18,
	"StartPosX" : 1300,
	"StartPosY" : -50,
	"LifeTime" : 36.313,
	"StartLeft" : 0,
	"Speed" : 120,
	"Rotation" : -45,
	"Gradient" : 0,
	"Duration" : 2.5
},
{
	"ID" : 76,
	"RouteID" : 18,
	"StartPosX" : 1300,
	"StartPosY" : -50,
	"LifeTime" : 36.313,
	"StartLeft" : 0,
	"Speed" : 100,
	"Rotation" : 0,
	"Gradient" : 2,
	"Duration" : 2
},
{
	"ID" : 77,
	"RouteID" : 18,
	"StartPosX" : 1300,
	"StartPosY" : -50,
	"LifeTime" : 36.313,
	"StartLeft" : 0,
	"Speed" : 100,
	"Rotation" : 80,
	"Gradient" : 2,
	"Duration" : 1
},
{
	"ID" : 78,
	"RouteID" : 18,
	"StartPosX" : 1300,
	"StartPosY" : -50,
	"LifeTime" : 36.313,
	"StartLeft" : 0,
	"Speed" : 100,
	"Rotation" : -90,
	"Gradient" : 2,
	"Duration" : 3
},
{
	"ID" : 79,
	"RouteID" : 18,
	"StartPosX" : 1300,
	"StartPosY" : -50,
	"LifeTime" : 36.313,
	"StartLeft" : 0,
	"Speed" : 100,
	"Rotation" : -200,
	"Gradient" : 2,
	"Duration" : 3
},
{
	"ID" : 80,
	"RouteID" : 18,
	"StartPosX" : 1300,
	"StartPosY" : -50,
	"LifeTime" : 36.313,
	"StartLeft" : 0,
	"Speed" : 100,
	"Rotation" : -150,
	"Gradient" : 2,
	"Duration" : 3
},
{
	"ID" : 81,
	"RouteID" : 18,
	"StartPosX" : 1300,
	"StartPosY" : -50,
	"LifeTime" : 36.313,
	"StartLeft" : 0,
	"Speed" : 120,
	"Rotation" : -30,
	"Gradient" : 2,
	"Duration" : 13.75
},
{
	"ID" : 82,
	"RouteID" : 19,
	"StartPosX" : 1300,
	"StartPosY" : 700,
	"LifeTime" : 29.583,
	"StartLeft" : 0,
	"Speed" : 150,
	"Rotation" : -100,
	"Gradient" : 0,
	"Duration" : 6
},
{
	"ID" : 83,
	"RouteID" : 19,
	"StartPosX" : 1300,
	"StartPosY" : 700,
	"LifeTime" : 29.583,
	"StartLeft" : 0,
	"Speed" : 100,
	"Rotation" : -180,
	"Gradient" : 1,
	"Duration" : 2.4
},
{
	"ID" : 84,
	"RouteID" : 19,
	"StartPosX" : 1300,
	"StartPosY" : 700,
	"LifeTime" : 29.583,
	"StartLeft" : 0,
	"Speed" : 80,
	"Rotation" : -290,
	"Gradient" : 3,
	"Duration" : 2.5
},
{
	"ID" : 85,
	"RouteID" : 19,
	"StartPosX" : 1300,
	"StartPosY" : 700,
	"LifeTime" : 29.583,
	"StartLeft" : 0,
	"Speed" : 100,
	"Rotation" : -350,
	"Gradient" : 3,
	"Duration" : 2.4
},
{
	"ID" : 86,
	"RouteID" : 19,
	"StartPosX" : 1300,
	"StartPosY" : 700,
	"LifeTime" : 29.583,
	"StartLeft" : 0,
	"Speed" : 130,
	"Rotation" : -300,
	"Gradient" : 1,
	"Duration" : 2.308
},
{
	"ID" : 87,
	"RouteID" : 19,
	"StartPosX" : 1300,
	"StartPosY" : 700,
	"LifeTime" : 29.583,
	"StartLeft" : 0,
	"Speed" : 150,
	"Rotation" : -270,
	"Gradient" : 1,
	"Duration" : 7
},
{
	"ID" : 88,
	"RouteID" : 20,
	"StartPosX" : 100,
	"StartPosY" : 780,
	"LifeTime" : 41.833,
	"StartLeft" : 1,
	"Speed" : 80,
	"Rotation" : 135,
	"Gradient" : 0,
	"Duration" : 4.125
},
{
	"ID" : 89,
	"RouteID" : 20,
	"StartPosX" : 100,
	"StartPosY" : 780,
	"LifeTime" : 41.833,
	"StartLeft" : 1,
	"Speed" : 90,
	"Rotation" : 80,
	"Gradient" : 2,
	"Duration" : 6.666
},
{
	"ID" : 90,
	"RouteID" : 20,
	"StartPosX" : 100,
	"StartPosY" : 780,
	"LifeTime" : 41.833,
	"StartLeft" : 1,
	"Speed" : 100,
	"Rotation" : 150,
	"Gradient" : 2,
	"Duration" : 3.25
},
{
	"ID" : 91,
	"RouteID" : 20,
	"StartPosX" : 100,
	"StartPosY" : 780,
	"LifeTime" : 41.833,
	"StartLeft" : 1,
	"Speed" : 110,
	"Rotation" : 200,
	"Gradient" : 2,
	"Duration" : 1.909
},
{
	"ID" : 92,
	"RouteID" : 20,
	"StartPosX" : 100,
	"StartPosY" : 780,
	"LifeTime" : 41.833,
	"StartLeft" : 1,
	"Speed" : 110,
	"Rotation" : 290,
	"Gradient" : 2,
	"Duration" : 4.091
},
{
	"ID" : 93,
	"RouteID" : 20,
	"StartPosX" : 100,
	"StartPosY" : 780,
	"LifeTime" : 41.833,
	"StartLeft" : 1,
	"Speed" : 120,
	"Rotation" : 270,
	"Gradient" : 2,
	"Duration" : 4
},
{
	"ID" : 94,
	"RouteID" : 20,
	"StartPosX" : 100,
	"StartPosY" : 780,
	"LifeTime" : 41.833,
	"StartLeft" : 1,
	"Speed" : 130,
	"Rotation" : 290,
	"Gradient" : 2,
	"Duration" : 1.962
},
{
	"ID" : 95,
	"RouteID" : 20,
	"StartPosX" : 100,
	"StartPosY" : 780,
	"LifeTime" : 41.833,
	"StartLeft" : 1,
	"Speed" : 140,
	"Rotation" : 370,
	"Gradient" : 1,
	"Duration" : 6.428
},
{
	"ID" : 96,
	"RouteID" : 21,
	"StartPosX" : 640,
	"StartPosY" : 780,
	"LifeTime" : 27.25,
	"StartLeft" : 1,
	"Speed" : 100,
	"Rotation" : 150,
	"Gradient" : 0,
	"Duration" : 1
},
{
	"ID" : 97,
	"RouteID" : 21,
	"StartPosX" : 640,
	"StartPosY" : 780,
	"LifeTime" : 27.25,
	"StartLeft" : 1,
	"Speed" : 100,
	"Rotation" : 130,
	"Gradient" : 2,
	"Duration" : 3
},
{
	"ID" : 98,
	"RouteID" : 21,
	"StartPosX" : 640,
	"StartPosY" : 780,
	"LifeTime" : 27.25,
	"StartLeft" : 1,
	"Speed" : 100,
	"Rotation" : 170,
	"Gradient" : 2,
	"Duration" : 2
},
{
	"ID" : 99,
	"RouteID" : 21,
	"StartPosX" : 640,
	"StartPosY" : 780,
	"LifeTime" : 27.25,
	"StartLeft" : 1,
	"Speed" : 100,
	"Rotation" : 220,
	"Gradient" : 2,
	"Duration" : 2
},
{
	"ID" : 100,
	"RouteID" : 21,
	"StartPosX" : 640,
	"StartPosY" : 780,
	"LifeTime" : 27.25,
	"StartLeft" : 1,
	"Speed" : 100,
	"Rotation" : 270,
	"Gradient" : 2,
	"Duration" : 2
},
{
	"ID" : 101,
	"RouteID" : 21,
	"StartPosX" : 640,
	"StartPosY" : 780,
	"LifeTime" : 27.25,
	"StartLeft" : 1,
	"Speed" : 100,
	"Rotation" : 320,
	"Gradient" : 2,
	"Duration" : 2
},
{
	"ID" : 102,
	"RouteID" : 21,
	"StartPosX" : 640,
	"StartPosY" : 780,
	"LifeTime" : 27.25,
	"StartLeft" : 1,
	"Speed" : 100,
	"Rotation" : 370,
	"Gradient" : 2,
	"Duration" : 2
},
{
	"ID" : 103,
	"RouteID" : 21,
	"StartPosX" : 640,
	"StartPosY" : 780,
	"LifeTime" : 27.25,
	"StartLeft" : 1,
	"Speed" : 100,
	"Rotation" : 420,
	"Gradient" : 2,
	"Duration" : 2
},
{
	"ID" : 104,
	"RouteID" : 21,
	"StartPosX" : 640,
	"StartPosY" : 780,
	"LifeTime" : 27.25,
	"StartLeft" : 1,
	"Speed" : 100,
	"Rotation" : 400,
	"Gradient" : 2,
	"Duration" : 5
},
{
	"ID" : 105,
	"RouteID" : 22,
	"StartPosX" : 640,
	"StartPosY" : -50,
	"LifeTime" : 34.75,
	"StartLeft" : 1,
	"Speed" : 150,
	"Rotation" : 0,
	"Gradient" : 0,
	"Duration" : 2
},
{
	"ID" : 106,
	"RouteID" : 22,
	"StartPosX" : 640,
	"StartPosY" : -50,
	"LifeTime" : 34.75,
	"StartLeft" : 1,
	"Speed" : 140,
	"Rotation" : -75,
	"Gradient" : 2,
	"Duration" : 1
},
{
	"ID" : 107,
	"RouteID" : 22,
	"StartPosX" : 640,
	"StartPosY" : -50,
	"LifeTime" : 34.75,
	"StartLeft" : 1,
	"Speed" : 130,
	"Rotation" : -130,
	"Gradient" : 2,
	"Duration" : 2
},
{
	"ID" : 108,
	"RouteID" : 22,
	"StartPosX" : 640,
	"StartPosY" : -50,
	"LifeTime" : 34.75,
	"StartLeft" : 1,
	"Speed" : 120,
	"Rotation" : -180,
	"Gradient" : 2,
	"Duration" : 2
},
{
	"ID" : 109,
	"RouteID" : 22,
	"StartPosX" : 640,
	"StartPosY" : -50,
	"LifeTime" : 34.75,
	"StartLeft" : 1,
	"Speed" : 110,
	"Rotation" : -270,
	"Gradient" : 2,
	"Duration" : 2
},
{
	"ID" : 110,
	"RouteID" : 22,
	"StartPosX" : 640,
	"StartPosY" : -50,
	"LifeTime" : 34.75,
	"StartLeft" : 1,
	"Speed" : 100,
	"Rotation" : -330,
	"Gradient" : 2,
	"Duration" : 4
},
{
	"ID" : 111,
	"RouteID" : 22,
	"StartPosX" : 640,
	"StartPosY" : -50,
	"LifeTime" : 34.75,
	"StartLeft" : 1,
	"Speed" : 90,
	"Rotation" : -300,
	"Gradient" : 2,
	"Duration" : 4
},
{
	"ID" : 112,
	"RouteID" : 22,
	"StartPosX" : 640,
	"StartPosY" : -50,
	"LifeTime" : 34.75,
	"StartLeft" : 1,
	"Speed" : 80,
	"Rotation" : -250,
	"Gradient" : 2,
	"Duration" : 4
},
{
	"ID" : 113,
	"RouteID" : 22,
	"StartPosX" : 640,
	"StartPosY" : -50,
	"LifeTime" : 34.75,
	"StartLeft" : 1,
	"Speed" : 70,
	"Rotation" : -220,
	"Gradient" : 2,
	"Duration" : 6
},
{
	"ID" : 114,
	"RouteID" : 23,
	"StartPosX" : -50,
	"StartPosY" : 550,
	"LifeTime" : 36.625,
	"StartLeft" : 1,
	"Speed" : 100,
	"Rotation" : 100,
	"Gradient" : 0,
	"Duration" : 5
},
{
	"ID" : 115,
	"RouteID" : 23,
	"StartPosX" : -50,
	"StartPosY" : 550,
	"LifeTime" : 36.625,
	"StartLeft" : 1,
	"Speed" : 100,
	"Rotation" : 75,
	"Gradient" : 1,
	"Duration" : 5
},
{
	"ID" : 116,
	"RouteID" : 23,
	"StartPosX" : -50,
	"StartPosY" : 550,
	"LifeTime" : 36.625,
	"StartLeft" : 1,
	"Speed" : 100,
	"Rotation" : 180,
	"Gradient" : 3,
	"Duration" : 5
},
{
	"ID" : 117,
	"RouteID" : 23,
	"StartPosX" : -50,
	"StartPosY" : 550,
	"LifeTime" : 36.625,
	"StartLeft" : 1,
	"Speed" : 100,
	"Rotation" : 290,
	"Gradient" : 2,
	"Duration" : 3
},
{
	"ID" : 118,
	"RouteID" : 23,
	"StartPosX" : -50,
	"StartPosY" : 550,
	"LifeTime" : 36.625,
	"StartLeft" : 1,
	"Speed" : 100,
	"Rotation" : 260,
	"Gradient" : 2,
	"Duration" : 5
},
{
	"ID" : 119,
	"RouteID" : 23,
	"StartPosX" : -50,
	"StartPosY" : 550,
	"LifeTime" : 36.625,
	"StartLeft" : 1,
	"Speed" : 100,
	"Rotation" : 280,
	"Gradient" : 2,
	"Duration" : 5.5
},
{
	"ID" : 120,
	"RouteID" : 24,
	"StartPosX" : 1080,
	"StartPosY" : -50,
	"LifeTime" : 28.5,
	"StartLeft" : 0,
	"Speed" : 150,
	"Rotation" : -10,
	"Gradient" : 0,
	"Duration" : 3
},
{
	"ID" : 121,
	"RouteID" : 24,
	"StartPosX" : 1080,
	"StartPosY" : -50,
	"LifeTime" : 28.5,
	"StartLeft" : 0,
	"Speed" : 100,
	"Rotation" : -180,
	"Gradient" : 2,
	"Duration" : 1
},
{
	"ID" : 122,
	"RouteID" : 24,
	"StartPosX" : 1080,
	"StartPosY" : -50,
	"LifeTime" : 28.5,
	"StartLeft" : 0,
	"Speed" : 150,
	"Rotation" : -200,
	"Gradient" : 2,
	"Duration" : 4
},
{
	"ID" : 123,
	"RouteID" : 24,
	"StartPosX" : 1080,
	"StartPosY" : -50,
	"LifeTime" : 28.5,
	"StartLeft" : 0,
	"Speed" : 100,
	"Rotation" : -30,
	"Gradient" : 2,
	"Duration" : 3
},
{
	"ID" : 124,
	"RouteID" : 24,
	"StartPosX" : 1080,
	"StartPosY" : -50,
	"LifeTime" : 28.5,
	"StartLeft" : 0,
	"Speed" : 150,
	"Rotation" : -10,
	"Gradient" : 3,
	"Duration" : 11
},
{
	"ID" : 135,
	"RouteID" : 52,
	"StartPosX" : -300,
	"StartPosY" : -340,
	"LifeTime" : 26,
	"StartLeft" : 1,
	"Speed" : 80,
	"Rotation" : 45,
	"Gradient" : 0,
	"Duration" : 25
},
{
	"ID" : 136,
	"RouteID" : 54,
	"StartPosX" : 100,
	"StartPosY" : 1100,
	"LifeTime" : 21.375,
	"StartLeft" : 1,
	"Speed" : 80,
	"Rotation" : 180,
	"Gradient" : 0,
	"Duration" : 6.75
},
{
	"ID" : 137,
	"RouteID" : 54,
	"StartPosX" : 100,
	"StartPosY" : 1100,
	"LifeTime" : 21.375,
	"StartLeft" : 1,
	"Speed" : 80,
	"Rotation" : 105,
	"Gradient" : 3,
	"Duration" : 10
},
{
	"ID" : 138,
	"RouteID" : 54,
	"StartPosX" : 100,
	"StartPosY" : 1100,
	"LifeTime" : 21.375,
	"StartLeft" : 1,
	"Speed" : 80,
	"Rotation" : 180,
	"Gradient" : 3,
	"Duration" : 9.625
},
{
	"ID" : 139,
	"RouteID" : 55,
	"StartPosX" : -350,
	"StartPosY" : 0,
	"LifeTime" : 27.888,
	"StartLeft" : 1,
	"Speed" : 100,
	"Rotation" : 90,
	"Gradient" : 0,
	"Duration" : 1
},
{
	"ID" : 140,
	"RouteID" : 55,
	"StartPosX" : -350,
	"StartPosY" : 0,
	"LifeTime" : 27.888,
	"StartLeft" : 1,
	"Speed" : 80,
	"Rotation" : 45,
	"Gradient" : 0,
	"Duration" : 5.513
},
{
	"ID" : 141,
	"RouteID" : 55,
	"StartPosX" : -350,
	"StartPosY" : 0,
	"LifeTime" : 27.888,
	"StartLeft" : 1,
	"Speed" : 80,
	"Rotation" : 135,
	"Gradient" : 5,
	"Duration" : 6.25
},
{
	"ID" : 142,
	"RouteID" : 55,
	"StartPosX" : -350,
	"StartPosY" : 0,
	"LifeTime" : 27.888,
	"StartLeft" : 1,
	"Speed" : 80,
	"Rotation" : 45,
	"Gradient" : 5,
	"Duration" : 6.25
},
{
	"ID" : 143,
	"RouteID" : 55,
	"StartPosX" : -350,
	"StartPosY" : 0,
	"LifeTime" : 27.888,
	"StartLeft" : 1,
	"Speed" : 80,
	"Rotation" : 40,
	"Gradient" : 1,
	"Duration" : 10.875
},
{
	"ID" : 144,
	"RouteID" : 56,
	"StartPosX" : -350,
	"StartPosY" : 640,
	"LifeTime" : 22,
	"StartLeft" : 1,
	"Speed" : 100,
	"Rotation" : 90,
	"Gradient" : 0,
	"Duration" : 1
},
{
	"ID" : 145,
	"RouteID" : 56,
	"StartPosX" : -350,
	"StartPosY" : 640,
	"LifeTime" : 22,
	"StartLeft" : 1,
	"Speed" : 80,
	"Rotation" : 100,
	"Gradient" : 0,
	"Duration" : 3.75
},
{
	"ID" : 146,
	"RouteID" : 56,
	"StartPosX" : -350,
	"StartPosY" : 640,
	"LifeTime" : 22,
	"StartLeft" : 1,
	"Speed" : 80,
	"Rotation" : 120,
	"Gradient" : 1,
	"Duration" : 12.5
},
{
	"ID" : 147,
	"RouteID" : 56,
	"StartPosX" : -350,
	"StartPosY" : 640,
	"LifeTime" : 22,
	"StartLeft" : 1,
	"Speed" : 80,
	"Rotation" : 90,
	"Gradient" : 1,
	"Duration" : 8.75
},
{
	"ID" : 148,
	"RouteID" : 57,
	"StartPosX" : -350,
	"StartPosY" : 200,
	"LifeTime" : 34.782,
	"StartLeft" : 1,
	"Speed" : 100,
	"Rotation" : 90,
	"Gradient" : 0,
	"Duration" : 1
},
{
	"ID" : 149,
	"RouteID" : 57,
	"StartPosX" : -350,
	"StartPosY" : 200,
	"LifeTime" : 34.782,
	"StartLeft" : 1,
	"Speed" : 64,
	"Rotation" : 90,
	"Gradient" : 0,
	"Duration" : 4.688
},
{
	"ID" : 150,
	"RouteID" : 57,
	"StartPosX" : -350,
	"StartPosY" : 200,
	"LifeTime" : 34.782,
	"StartLeft" : 1,
	"Speed" : 64,
	"Rotation" : 0,
	"Gradient" : 5,
	"Duration" : 7.813
},
{
	"ID" : 151,
	"RouteID" : 57,
	"StartPosX" : -350,
	"StartPosY" : 200,
	"LifeTime" : 34.782,
	"StartLeft" : 1,
	"Speed" : 40,
	"Rotation" : 90,
	"Gradient" : 3,
	"Duration" : 0.75
},
{
	"ID" : 152,
	"RouteID" : 57,
	"StartPosX" : -350,
	"StartPosY" : 200,
	"LifeTime" : 34.782,
	"StartLeft" : 1,
	"Speed" : 40,
	"Rotation" : 135,
	"Gradient" : 5,
	"Duration" : 6.25
},
{
	"ID" : 153,
	"RouteID" : 57,
	"StartPosX" : -350,
	"StartPosY" : 200,
	"LifeTime" : 34.782,
	"StartLeft" : 1,
	"Speed" : 64,
	"Rotation" : 90,
	"Gradient" : 4,
	"Duration" : 22.281
},
{
	"ID" : 154,
	"RouteID" : 58,
	"StartPosX" : -350,
	"StartPosY" : 600,
	"LifeTime" : 26.375,
	"StartLeft" : 1,
	"Speed" : 100,
	"Rotation" : 90,
	"Gradient" : 0,
	"Duration" : 1
},
{
	"ID" : 155,
	"RouteID" : 58,
	"StartPosX" : -350,
	"StartPosY" : 600,
	"LifeTime" : 26.375,
	"StartLeft" : 1,
	"Speed" : 80,
	"Rotation" : 90,
	"Gradient" : 0,
	"Duration" : 3.75
},
{
	"ID" : 156,
	"RouteID" : 58,
	"StartPosX" : -350,
	"StartPosY" : 600,
	"LifeTime" : 26.375,
	"StartLeft" : 1,
	"Speed" : 80,
	"Rotation" : 180,
	"Gradient" : 3,
	"Duration" : 3.75
},
{
	"ID" : 157,
	"RouteID" : 58,
	"StartPosX" : -350,
	"StartPosY" : 600,
	"LifeTime" : 26.375,
	"StartLeft" : 1,
	"Speed" : 80,
	"Rotation" : 90,
	"Gradient" : 5,
	"Duration" : 6.25
},
{
	"ID" : 158,
	"RouteID" : 58,
	"StartPosX" : -350,
	"StartPosY" : 600,
	"LifeTime" : 26.375,
	"StartLeft" : 1,
	"Speed" : 80,
	"Rotation" : 45,
	"Gradient" : 2,
	"Duration" : 14.625
},
{
	"ID" : 159,
	"RouteID" : 59,
	"StartPosX" : 1200,
	"StartPosY" : -350,
	"LifeTime" : 18.25,
	"StartLeft" : 0,
	"Speed" : 100,
	"Rotation" : 0,
	"Gradient" : 0,
	"Duration" : 1
},
{
	"ID" : 160,
	"RouteID" : 59,
	"StartPosX" : 1200,
	"StartPosY" : -350,
	"LifeTime" : 18.25,
	"StartLeft" : 0,
	"Speed" : 80,
	"Rotation" : 0,
	"Gradient" : 0,
	"Duration" : 2.5
},
{
	"ID" : 161,
	"RouteID" : 59,
	"StartPosX" : 1200,
	"StartPosY" : -350,
	"LifeTime" : 18.25,
	"StartLeft" : 0,
	"Speed" : 80,
	"Rotation" : -45,
	"Gradient" : 3,
	"Duration" : 3.75
},
{
	"ID" : 162,
	"RouteID" : 59,
	"StartPosX" : 1200,
	"StartPosY" : -350,
	"LifeTime" : 18.25,
	"StartLeft" : 0,
	"Speed" : 80,
	"Rotation" : -90,
	"Gradient" : 2,
	"Duration" : 3.75
},
{
	"ID" : 163,
	"RouteID" : 59,
	"StartPosX" : 1200,
	"StartPosY" : -350,
	"LifeTime" : 18.25,
	"StartLeft" : 0,
	"Speed" : 80,
	"Rotation" : 0,
	"Gradient" : 4,
	"Duration" : 12.25
},
{
	"ID" : 164,
	"RouteID" : 60,
	"StartPosX" : 1100,
	"StartPosY" : -350,
	"LifeTime" : 20.75,
	"StartLeft" : 0,
	"Speed" : 100,
	"Rotation" : 0,
	"Gradient" : 0,
	"Duration" : 4
},
{
	"ID" : 165,
	"RouteID" : 60,
	"StartPosX" : 1100,
	"StartPosY" : -350,
	"LifeTime" : 20.75,
	"StartLeft" : 0,
	"Speed" : 80,
	"Rotation" : -45,
	"Gradient" : 0,
	"Duration" : 3.75
},
{
	"ID" : 166,
	"RouteID" : 60,
	"StartPosX" : 1100,
	"StartPosY" : -350,
	"LifeTime" : 20.75,
	"StartLeft" : 0,
	"Speed" : 80,
	"Rotation" : -90,
	"Gradient" : 5,
	"Duration" : 6.25
},
{
	"ID" : 167,
	"RouteID" : 60,
	"StartPosX" : 1100,
	"StartPosY" : -350,
	"LifeTime" : 20.75,
	"StartLeft" : 0,
	"Speed" : 80,
	"Rotation" : -45,
	"Gradient" : 3,
	"Duration" : 12.75
},
{
	"ID" : 168,
	"RouteID" : 61,
	"StartPosX" : 1100,
	"StartPosY" : -350,
	"LifeTime" : 17,
	"StartLeft" : 0,
	"Speed" : 100,
	"Rotation" : 0,
	"Gradient" : 0,
	"Duration" : 1
},
{
	"ID" : 169,
	"RouteID" : 61,
	"StartPosX" : 1100,
	"StartPosY" : -350,
	"LifeTime" : 17,
	"StartLeft" : 0,
	"Speed" : 80,
	"Rotation" : 0,
	"Gradient" : 0,
	"Duration" : 1.25
},
{
	"ID" : 170,
	"RouteID" : 61,
	"StartPosX" : 1100,
	"StartPosY" : -350,
	"LifeTime" : 17,
	"StartLeft" : 0,
	"Speed" : 80,
	"Rotation" : -45,
	"Gradient" : 3,
	"Duration" : 20.75
},
{
	"ID" : 171,
	"RouteID" : 62,
	"StartPosX" : 1150,
	"StartPosY" : 1070,
	"LifeTime" : 18.25,
	"StartLeft" : 0,
	"Speed" : 100,
	"Rotation" : -180,
	"Gradient" : 0,
	"Duration" : 1
},
{
	"ID" : 172,
	"RouteID" : 62,
	"StartPosX" : 1150,
	"StartPosY" : 1070,
	"LifeTime" : 18.25,
	"StartLeft" : 0,
	"Speed" : 80,
	"Rotation" : -180,
	"Gradient" : 0,
	"Duration" : 2.25
},
{
	"ID" : 173,
	"RouteID" : 62,
	"StartPosX" : 1150,
	"StartPosY" : 1070,
	"LifeTime" : 18.25,
	"StartLeft" : 0,
	"Speed" : 80,
	"Rotation" : -135,
	"Gradient" : 2,
	"Duration" : 3.75
},
{
	"ID" : 174,
	"RouteID" : 62,
	"StartPosX" : 1150,
	"StartPosY" : 1070,
	"LifeTime" : 18.25,
	"StartLeft" : 0,
	"Speed" : 80,
	"Rotation" : -90,
	"Gradient" : 1,
	"Duration" : 3.75
},
{
	"ID" : 175,
	"RouteID" : 62,
	"StartPosX" : 1150,
	"StartPosY" : 1070,
	"LifeTime" : 18.25,
	"StartLeft" : 0,
	"Speed" : 80,
	"Rotation" : -180,
	"Gradient" : 3,
	"Duration" : 12.5
},
{
	"ID" : 176,
	"RouteID" : 63,
	"StartPosX" : 1200,
	"StartPosY" : 1070,
	"LifeTime" : 23.25,
	"StartLeft" : 0,
	"Speed" : 100,
	"Rotation" : -180,
	"Gradient" : 0,
	"Duration" : 3
},
{
	"ID" : 177,
	"RouteID" : 63,
	"StartPosX" : 1200,
	"StartPosY" : 1070,
	"LifeTime" : 23.25,
	"StartLeft" : 0,
	"Speed" : 80,
	"Rotation" : -145,
	"Gradient" : 0,
	"Duration" : 3.75
},
{
	"ID" : 178,
	"RouteID" : 63,
	"StartPosX" : 1200,
	"StartPosY" : 1070,
	"LifeTime" : 23.25,
	"StartLeft" : 0,
	"Speed" : 80,
	"Rotation" : -120,
	"Gradient" : 10,
	"Duration" : 19.5
},
{
	"ID" : 179,
	"RouteID" : 64,
	"StartPosX" : 1680,
	"StartPosY" : 640,
	"LifeTime" : 23.25,
	"StartLeft" : 0,
	"Speed" : 100,
	"Rotation" : -90,
	"Gradient" : 0,
	"Duration" : 3.5
},
{
	"ID" : 180,
	"RouteID" : 64,
	"StartPosX" : 1680,
	"StartPosY" : 640,
	"LifeTime" : 23.25,
	"StartLeft" : 0,
	"Speed" : 80,
	"Rotation" : -115,
	"Gradient" : 0,
	"Duration" : 3.75
},
{
	"ID" : 181,
	"RouteID" : 64,
	"StartPosX" : 1680,
	"StartPosY" : 640,
	"LifeTime" : 23.25,
	"StartLeft" : 0,
	"Speed" : 80,
	"Rotation" : -150,
	"Gradient" : 4,
	"Duration" : 5
},
{
	"ID" : 182,
	"RouteID" : 64,
	"StartPosX" : 1680,
	"StartPosY" : 640,
	"LifeTime" : 23.25,
	"StartLeft" : 0,
	"Speed" : 80,
	"Rotation" : -90,
	"Gradient" : 3,
	"Duration" : 17.5
},
{
	"ID" : 183,
	"RouteID" : 65,
	"StartPosX" : 1680,
	"StartPosY" : 200,
	"LifeTime" : 25.75,
	"StartLeft" : 0,
	"Speed" : 100,
	"Rotation" : -90,
	"Gradient" : 0,
	"Duration" : 3.5
},
{
	"ID" : 184,
	"RouteID" : 65,
	"StartPosX" : 1680,
	"StartPosY" : 200,
	"LifeTime" : 25.75,
	"StartLeft" : 0,
	"Speed" : 80,
	"Rotation" : -45,
	"Gradient" : 0,
	"Duration" : 3.75
},
{
	"ID" : 185,
	"RouteID" : 65,
	"StartPosX" : 1680,
	"StartPosY" : 200,
	"LifeTime" : 25.75,
	"StartLeft" : 0,
	"Speed" : 80,
	"Rotation" : -90,
	"Gradient" : 3,
	"Duration" : 3.75
},
{
	"ID" : 186,
	"RouteID" : 65,
	"StartPosX" : 1680,
	"StartPosY" : 200,
	"LifeTime" : 25.75,
	"StartLeft" : 0,
	"Speed" : 80,
	"Rotation" : -180,
	"Gradient" : 3,
	"Duration" : 3.75
},
{
	"ID" : 187,
	"RouteID" : 65,
	"StartPosX" : 1680,
	"StartPosY" : 200,
	"LifeTime" : 25.75,
	"StartLeft" : 0,
	"Speed" : 80,
	"Rotation" : -90,
	"Gradient" : 3,
	"Duration" : 17.5
},
{
	"ID" : 188,
	"RouteID" : 66,
	"StartPosX" : 1680,
	"StartPosY" : 320,
	"LifeTime" : 23.25,
	"StartLeft" : 0,
	"Speed" : 100,
	"Rotation" : -90,
	"Gradient" : 0,
	"Duration" : 3.5
},
{
	"ID" : 189,
	"RouteID" : 66,
	"StartPosX" : 1680,
	"StartPosY" : 320,
	"LifeTime" : 23.25,
	"StartLeft" : 0,
	"Speed" : 80,
	"Rotation" : -45,
	"Gradient" : 0,
	"Duration" : 4.75
},
{
	"ID" : 190,
	"RouteID" : 66,
	"StartPosX" : 1680,
	"StartPosY" : 320,
	"LifeTime" : 23.25,
	"StartLeft" : 0,
	"Speed" : 80,
	"Rotation" : -135,
	"Gradient" : 6,
	"Duration" : 7.5
},
{
	"ID" : 191,
	"RouteID" : 66,
	"StartPosX" : 1680,
	"StartPosY" : 320,
	"LifeTime" : 23.25,
	"StartLeft" : 0,
	"Speed" : 80,
	"Rotation" : -105,
	"Gradient" : 5,
	"Duration" : 15
},
{
	"ID" : 192,
	"RouteID" : 67,
	"StartPosX" : -350,
	"StartPosY" : 150,
	"LifeTime" : 39.188,
	"StartLeft" : 1,
	"Speed" : 100,
	"Rotation" : 90,
	"Gradient" : 0,
	"Duration" : 1
},
{
	"ID" : 193,
	"RouteID" : 67,
	"StartPosX" : -350,
	"StartPosY" : 150,
	"LifeTime" : 39.188,
	"StartLeft" : 1,
	"Speed" : 96,
	"Rotation" : 50,
	"Gradient" : 0,
	"Duration" : 4.688
},
{
	"ID" : 194,
	"RouteID" : 67,
	"StartPosX" : -350,
	"StartPosY" : 150,
	"LifeTime" : 39.188,
	"StartLeft" : 1,
	"Speed" : 80,
	"Rotation" : 70,
	"Gradient" : 1,
	"Duration" : 3.75
},
{
	"ID" : 195,
	"RouteID" : 67,
	"StartPosX" : -350,
	"StartPosY" : 150,
	"LifeTime" : 39.188,
	"StartLeft" : 1,
	"Speed" : 80,
	"Rotation" : 90,
	"Gradient" : 1,
	"Duration" : 1.25
},
{
	"ID" : 196,
	"RouteID" : 67,
	"StartPosX" : -350,
	"StartPosY" : 150,
	"LifeTime" : 39.188,
	"StartLeft" : 1,
	"Speed" : 80,
	"Rotation" : 110,
	"Gradient" : 1,
	"Duration" : 1.25
},
{
	"ID" : 197,
	"RouteID" : 67,
	"StartPosX" : -350,
	"StartPosY" : 150,
	"LifeTime" : 39.188,
	"StartLeft" : 1,
	"Speed" : 80,
	"Rotation" : 130,
	"Gradient" : 1,
	"Duration" : 1.25
},
{
	"ID" : 198,
	"RouteID" : 67,
	"StartPosX" : -350,
	"StartPosY" : 150,
	"LifeTime" : 39.188,
	"StartLeft" : 1,
	"Speed" : 80,
	"Rotation" : 150,
	"Gradient" : 1,
	"Duration" : 1.25
},
{
	"ID" : 199,
	"RouteID" : 67,
	"StartPosX" : -350,
	"StartPosY" : 150,
	"LifeTime" : 39.188,
	"StartLeft" : 1,
	"Speed" : 80,
	"Rotation" : 170,
	"Gradient" : 1,
	"Duration" : 1.25
},
{
	"ID" : 200,
	"RouteID" : 67,
	"StartPosX" : -350,
	"StartPosY" : 150,
	"LifeTime" : 39.188,
	"StartLeft" : 1,
	"Speed" : 80,
	"Rotation" : 190,
	"Gradient" : 1,
	"Duration" : 1.25
},
{
	"ID" : 201,
	"RouteID" : 67,
	"StartPosX" : -350,
	"StartPosY" : 150,
	"LifeTime" : 39.188,
	"StartLeft" : 1,
	"Speed" : 80,
	"Rotation" : 210,
	"Gradient" : 1,
	"Duration" : 1.25
},
{
	"ID" : 202,
	"RouteID" : 67,
	"StartPosX" : -350,
	"StartPosY" : 150,
	"LifeTime" : 39.188,
	"StartLeft" : 1,
	"Speed" : 80,
	"Rotation" : 230,
	"Gradient" : 1,
	"Duration" : 1.25
},
{
	"ID" : 203,
	"RouteID" : 67,
	"StartPosX" : -350,
	"StartPosY" : 150,
	"LifeTime" : 39.188,
	"StartLeft" : 1,
	"Speed" : 80,
	"Rotation" : 250,
	"Gradient" : 1,
	"Duration" : 1.25
},
{
	"ID" : 204,
	"RouteID" : 67,
	"StartPosX" : -350,
	"StartPosY" : 150,
	"LifeTime" : 39.188,
	"StartLeft" : 1,
	"Speed" : 80,
	"Rotation" : 270,
	"Gradient" : 1,
	"Duration" : 1.25
},
{
	"ID" : 205,
	"RouteID" : 67,
	"StartPosX" : -350,
	"StartPosY" : 150,
	"LifeTime" : 39.188,
	"StartLeft" : 1,
	"Speed" : 80,
	"Rotation" : 290,
	"Gradient" : 1,
	"Duration" : 1.25
},
{
	"ID" : 206,
	"RouteID" : 67,
	"StartPosX" : -350,
	"StartPosY" : 150,
	"LifeTime" : 39.188,
	"StartLeft" : 1,
	"Speed" : 80,
	"Rotation" : 310,
	"Gradient" : 1,
	"Duration" : 1.25
},
{
	"ID" : 207,
	"RouteID" : 67,
	"StartPosX" : -350,
	"StartPosY" : 150,
	"LifeTime" : 39.188,
	"StartLeft" : 1,
	"Speed" : 80,
	"Rotation" : 330,
	"Gradient" : 1,
	"Duration" : 1.25
},
{
	"ID" : 208,
	"RouteID" : 67,
	"StartPosX" : -350,
	"StartPosY" : 150,
	"LifeTime" : 39.188,
	"StartLeft" : 1,
	"Speed" : 80,
	"Rotation" : 350,
	"Gradient" : 1,
	"Duration" : 1.25
},
{
	"ID" : 209,
	"RouteID" : 67,
	"StartPosX" : -350,
	"StartPosY" : 150,
	"LifeTime" : 39.188,
	"StartLeft" : 1,
	"Speed" : 80,
	"Rotation" : 370,
	"Gradient" : 1,
	"Duration" : 1.25
},
{
	"ID" : 210,
	"RouteID" : 67,
	"StartPosX" : -350,
	"StartPosY" : 150,
	"LifeTime" : 39.188,
	"StartLeft" : 1,
	"Speed" : 80,
	"Rotation" : 390,
	"Gradient" : 1,
	"Duration" : 1.25
},
{
	"ID" : 211,
	"RouteID" : 67,
	"StartPosX" : -350,
	"StartPosY" : 150,
	"LifeTime" : 39.188,
	"StartLeft" : 1,
	"Speed" : 80,
	"Rotation" : 410,
	"Gradient" : 1,
	"Duration" : 1.25
},
{
	"ID" : 212,
	"RouteID" : 67,
	"StartPosX" : -350,
	"StartPosY" : 150,
	"LifeTime" : 39.188,
	"StartLeft" : 1,
	"Speed" : 80,
	"Rotation" : 430,
	"Gradient" : 1,
	"Duration" : 1.25
},
{
	"ID" : 213,
	"RouteID" : 67,
	"StartPosX" : -350,
	"StartPosY" : 150,
	"LifeTime" : 39.188,
	"StartLeft" : 1,
	"Speed" : 80,
	"Rotation" : 465,
	"Gradient" : 1,
	"Duration" : 15
},
{
	"ID" : 214,
	"RouteID" : 107,
	"StartPosX" : -400,
	"StartPosY" : 240,
	"LifeTime" : 33.5,
	"StartLeft" : 1,
	"Speed" : 50,
	"Rotation" : 90,
	"Gradient" : 0,
	"Duration" : 60
},
{
	"ID" : 215,
	"RouteID" : 108,
	"StartPosX" : -400,
	"StartPosY" : 360,
	"LifeTime" : 33.5,
	"StartLeft" : 1,
	"Speed" : 50,
	"Rotation" : 90,
	"Gradient" : 0,
	"Duration" : 60
},
{
	"ID" : 216,
	"RouteID" : 109,
	"StartPosX" : -400,
	"StartPosY" : 480,
	"LifeTime" : 33.5,
	"StartLeft" : 1,
	"Speed" : 50,
	"Rotation" : 90,
	"Gradient" : 0,
	"Duration" : 60
},
{
	"ID" : 217,
	"RouteID" : 110,
	"StartPosX" : 1680,
	"StartPosY" : 240,
	"LifeTime" : 33.5,
	"StartLeft" : 0,
	"Speed" : 50,
	"Rotation" : -90,
	"Gradient" : 0,
	"Duration" : 60
},
{
	"ID" : 218,
	"RouteID" : 111,
	"StartPosX" : 1680,
	"StartPosY" : 360,
	"LifeTime" : 33.5,
	"StartLeft" : 0,
	"Speed" : 50,
	"Rotation" : -90,
	"Gradient" : 0,
	"Duration" : 60
},
{
	"ID" : 219,
	"RouteID" : 112,
	"StartPosX" : 1680,
	"StartPosY" : 480,
	"LifeTime" : 33.5,
	"StartLeft" : 0,
	"Speed" : 50,
	"Rotation" : -90,
	"Gradient" : 0,
	"Duration" : 60
},
{
	"ID" : 220,
	"RouteID" : 113,
	"StartPosX" : 0,
	"StartPosY" : -500,
	"LifeTime" : 25.745,
	"StartLeft" : 1,
	"Speed" : 50,
	"Rotation" : 35,
	"Gradient" : 0,
	"Duration" : 45
},
{
	"ID" : 221,
	"RouteID" : 114,
	"StartPosX" : 0,
	"StartPosY" : 1220,
	"LifeTime" : 25.745,
	"StartLeft" : 1,
	"Speed" : 50,
	"Rotation" : 145,
	"Gradient" : 0,
	"Duration" : 45
},
{
	"ID" : 222,
	"RouteID" : 115,
	"StartPosX" : 1320,
	"StartPosY" : -500,
	"LifeTime" : 25.745,
	"StartLeft" : 0,
	"Speed" : 50,
	"Rotation" : -35,
	"Gradient" : 0,
	"Duration" : 45
},
{
	"ID" : 223,
	"RouteID" : 116,
	"StartPosX" : 1320,
	"StartPosY" : 1220,
	"LifeTime" : 25.745,
	"StartLeft" : 0,
	"Speed" : 50,
	"Rotation" : -145,
	"Gradient" : 0,
	"Duration" : 45
},
{
	"ID" : 224,
	"RouteID" : 117,
	"StartPosX" : -200,
	"StartPosY" : 240,
	"LifeTime" : 35,
	"StartLeft" : 1,
	"Speed" : 120,
	"Rotation" : 90,
	"Gradient" : 0,
	"Duration" : 7
},
{
	"ID" : 225,
	"RouteID" : 117,
	"StartPosX" : -200,
	"StartPosY" : 240,
	"LifeTime" : 35,
	"StartLeft" : 1,
	"Speed" : 0,
	"Rotation" : 90,
	"Gradient" : 0,
	"Duration" : 20
},
{
	"ID" : 226,
	"RouteID" : 117,
	"StartPosX" : -200,
	"StartPosY" : 240,
	"LifeTime" : 35,
	"StartLeft" : 1,
	"Speed" : 120,
	"Rotation" : 90,
	"Gradient" : 0,
	"Duration" : 7
},
{
	"ID" : 227,
	"RouteID" : 118,
	"StartPosX" : -200,
	"StartPosY" : 360,
	"LifeTime" : 35,
	"StartLeft" : 1,
	"Speed" : 120,
	"Rotation" : 90,
	"Gradient" : 0,
	"Duration" : 7
},
{
	"ID" : 228,
	"RouteID" : 118,
	"StartPosX" : -200,
	"StartPosY" : 360,
	"LifeTime" : 35,
	"StartLeft" : 1,
	"Speed" : 0,
	"Rotation" : 90,
	"Gradient" : 0,
	"Duration" : 20
},
{
	"ID" : 229,
	"RouteID" : 118,
	"StartPosX" : -200,
	"StartPosY" : 360,
	"LifeTime" : 35,
	"StartLeft" : 1,
	"Speed" : 120,
	"Rotation" : 90,
	"Gradient" : 0,
	"Duration" : 7
},
{
	"ID" : 230,
	"RouteID" : 119,
	"StartPosX" : -200,
	"StartPosY" : 480,
	"LifeTime" : 35,
	"StartLeft" : 1,
	"Speed" : 120,
	"Rotation" : 90,
	"Gradient" : 0,
	"Duration" : 7
},
{
	"ID" : 231,
	"RouteID" : 119,
	"StartPosX" : -200,
	"StartPosY" : 480,
	"LifeTime" : 35,
	"StartLeft" : 1,
	"Speed" : 0,
	"Rotation" : 90,
	"Gradient" : 0,
	"Duration" : 20
},
{
	"ID" : 232,
	"RouteID" : 119,
	"StartPosX" : -200,
	"StartPosY" : 480,
	"LifeTime" : 35,
	"StartLeft" : 1,
	"Speed" : 120,
	"Rotation" : 90,
	"Gradient" : 0,
	"Duration" : 7
},
{
	"ID" : 233,
	"RouteID" : 120,
	"StartPosX" : 1480,
	"StartPosY" : 240,
	"LifeTime" : 35,
	"StartLeft" : 0,
	"Speed" : 120,
	"Rotation" : -90,
	"Gradient" : 0,
	"Duration" : 7
},
{
	"ID" : 234,
	"RouteID" : 120,
	"StartPosX" : 1480,
	"StartPosY" : 240,
	"LifeTime" : 35,
	"StartLeft" : 0,
	"Speed" : 0,
	"Rotation" : -90,
	"Gradient" : 0,
	"Duration" : 20
},
{
	"ID" : 235,
	"RouteID" : 120,
	"StartPosX" : 1480,
	"StartPosY" : 240,
	"LifeTime" : 35,
	"StartLeft" : 0,
	"Speed" : 120,
	"Rotation" : -90,
	"Gradient" : 0,
	"Duration" : 7
},
{
	"ID" : 236,
	"RouteID" : 121,
	"StartPosX" : 1480,
	"StartPosY" : 360,
	"LifeTime" : 35,
	"StartLeft" : 0,
	"Speed" : 120,
	"Rotation" : -90,
	"Gradient" : 0,
	"Duration" : 7
},
{
	"ID" : 237,
	"RouteID" : 121,
	"StartPosX" : 1480,
	"StartPosY" : 360,
	"LifeTime" : 35,
	"StartLeft" : 0,
	"Speed" : 0,
	"Rotation" : -90,
	"Gradient" : 0,
	"Duration" : 20
},
{
	"ID" : 238,
	"RouteID" : 121,
	"StartPosX" : 1480,
	"StartPosY" : 360,
	"LifeTime" : 35,
	"StartLeft" : 0,
	"Speed" : 120,
	"Rotation" : -90,
	"Gradient" : 0,
	"Duration" : 7
},
{
	"ID" : 239,
	"RouteID" : 122,
	"StartPosX" : 1480,
	"StartPosY" : 480,
	"LifeTime" : 35,
	"StartLeft" : 0,
	"Speed" : 120,
	"Rotation" : -90,
	"Gradient" : 0,
	"Duration" : 7
},
{
	"ID" : 240,
	"RouteID" : 122,
	"StartPosX" : 1480,
	"StartPosY" : 480,
	"LifeTime" : 35,
	"StartLeft" : 0,
	"Speed" : 0,
	"Rotation" : -90,
	"Gradient" : 0,
	"Duration" : 20
},
{
	"ID" : 241,
	"RouteID" : 122,
	"StartPosX" : 1480,
	"StartPosY" : 480,
	"LifeTime" : 35,
	"StartLeft" : 0,
	"Speed" : 120,
	"Rotation" : -90,
	"Gradient" : 0,
	"Duration" : 7
},
{
	"ID" : 242,
	"RouteID" : 301,
	"StartPosX" : -230,
	"StartPosY" : 250,
	"LifeTime" : 300,
	"StartLeft" : 1,
	"Speed" : 50,
	"Rotation" : 90,
	"Gradient" : 0,
	"Duration" : 10
},
{
	"ID" : 243,
	"RouteID" : 301,
	"StartPosX" : -230,
	"StartPosY" : 250,
	"LifeTime" : 300,
	"StartLeft" : 1,
	"Speed" : 20,
	"Rotation" : 100,
	"Gradient" : 1,
	"Duration" : 20
},
{
	"ID" : 244,
	"RouteID" : 301,
	"StartPosX" : -230,
	"StartPosY" : 250,
	"LifeTime" : 300,
	"StartLeft" : 1,
	"Speed" : 20,
	"Rotation" : 80,
	"Gradient" : 1,
	"Duration" : 20
},
{
	"ID" : 245,
	"RouteID" : 301,
	"StartPosX" : -230,
	"StartPosY" : 250,
	"LifeTime" : 300,
	"StartLeft" : 1,
	"Speed" : 20,
	"Rotation" : -80,
	"Gradient" : 1,
	"Duration" : 20
},
{
	"ID" : 246,
	"RouteID" : 301,
	"StartPosX" : -230,
	"StartPosY" : 250,
	"LifeTime" : 300,
	"StartLeft" : 1,
	"Speed" : 20,
	"Rotation" : -100,
	"Gradient" : 1,
	"Duration" : 20
},
{
	"ID" : 247,
	"RouteID" : 301,
	"StartPosX" : -230,
	"StartPosY" : 250,
	"LifeTime" : 300,
	"StartLeft" : 1,
	"Speed" : 20,
	"Rotation" : 100,
	"Gradient" : 1,
	"Duration" : 20
},
{
	"ID" : 248,
	"RouteID" : 301,
	"StartPosX" : -230,
	"StartPosY" : 250,
	"LifeTime" : 300,
	"StartLeft" : 1,
	"Speed" : 20,
	"Rotation" : 80,
	"Gradient" : 1,
	"Duration" : 20
},
{
	"ID" : 249,
	"RouteID" : 301,
	"StartPosX" : -230,
	"StartPosY" : 250,
	"LifeTime" : 300,
	"StartLeft" : 1,
	"Speed" : 20,
	"Rotation" : -80,
	"Gradient" : 1,
	"Duration" : 20
},
{
	"ID" : 250,
	"RouteID" : 301,
	"StartPosX" : -230,
	"StartPosY" : 250,
	"LifeTime" : 300,
	"StartLeft" : 1,
	"Speed" : 20,
	"Rotation" : -100,
	"Gradient" : 1,
	"Duration" : 20
},
{
	"ID" : 251,
	"RouteID" : 301,
	"StartPosX" : -230,
	"StartPosY" : 250,
	"LifeTime" : 300,
	"StartLeft" : 1,
	"Speed" : 20,
	"Rotation" : 100,
	"Gradient" : 1,
	"Duration" : 20
},
{
	"ID" : 252,
	"RouteID" : 301,
	"StartPosX" : -230,
	"StartPosY" : 250,
	"LifeTime" : 300,
	"StartLeft" : 1,
	"Speed" : 20,
	"Rotation" : 80,
	"Gradient" : 1,
	"Duration" : 20
},
{
	"ID" : 253,
	"RouteID" : 301,
	"StartPosX" : -230,
	"StartPosY" : 250,
	"LifeTime" : 300,
	"StartLeft" : 1,
	"Speed" : 20,
	"Rotation" : -80,
	"Gradient" : 1,
	"Duration" : 20
},
{
	"ID" : 254,
	"RouteID" : 301,
	"StartPosX" : -230,
	"StartPosY" : 250,
	"LifeTime" : 300,
	"StartLeft" : 1,
	"Speed" : 20,
	"Rotation" : -100,
	"Gradient" : 1,
	"Duration" : 20
},
{
	"ID" : 255,
	"RouteID" : 301,
	"StartPosX" : -230,
	"StartPosY" : 250,
	"LifeTime" : 300,
	"StartLeft" : 1,
	"Speed" : 20,
	"Rotation" : 100,
	"Gradient" : 1,
	"Duration" : 20
},
{
	"ID" : 256,
	"RouteID" : 301,
	"StartPosX" : -230,
	"StartPosY" : 250,
	"LifeTime" : 300,
	"StartLeft" : 1,
	"Speed" : 20,
	"Rotation" : 80,
	"Gradient" : 1,
	"Duration" : 20
},
{
	"ID" : 257,
	"RouteID" : 301,
	"StartPosX" : -230,
	"StartPosY" : 250,
	"LifeTime" : 300,
	"StartLeft" : 1,
	"Speed" : 50,
	"Rotation" : 90,
	"Gradient" : 0,
	"Duration" : 10
},
{
	"ID" : 258,
	"RouteID" : 201,
	"StartPosX" : 300,
	"StartPosY" : 820,
	"LifeTime" : 18.5,
	"StartLeft" : 0,
	"Speed" : 50,
	"Rotation" : 180,
	"Gradient" : 0,
	"Duration" : 18.5
},
{
	"ID" : 259,
	"RouteID" : 202,
	"StartPosX" : 980,
	"StartPosY" : 820,
	"LifeTime" : 18.5,
	"StartLeft" : 0,
	"Speed" : 50,
	"Rotation" : 180,
	"Gradient" : 0,
	"Duration" : 18.5
},
{
	"ID" : 260,
	"RouteID" : 203,
	"StartPosX" : 640,
	"StartPosY" : 820,
	"LifeTime" : 18.5,
	"StartLeft" : 0,
	"Speed" : 50,
	"Rotation" : 180,
	"Gradient" : 0,
	"Duration" : 18.5
},
{
	"ID" : 261,
	"RouteID" : 204,
	"StartPosX" : 300,
	"StartPosY" : -100,
	"LifeTime" : 18.5,
	"StartLeft" : 0,
	"Speed" : 50,
	"Rotation" : 0,
	"Gradient" : 0,
	"Duration" : 18.5
},
{
	"ID" : 262,
	"RouteID" : 205,
	"StartPosX" : 980,
	"StartPosY" : -100,
	"LifeTime" : 18.5,
	"StartLeft" : 0,
	"Speed" : 50,
	"Rotation" : 0,
	"Gradient" : 0,
	"Duration" : 18.5
},
{
	"ID" : 263,
	"RouteID" : 206,
	"StartPosX" : -100,
	"StartPosY" : 520,
	"LifeTime" : 33.5,
	"StartLeft" : 1,
	"Speed" : 50,
	"Rotation" : 90,
	"Gradient" : 0,
	"Duration" : 60
},
{
	"ID" : 264,
	"RouteID" : 207,
	"StartPosX" : 1380,
	"StartPosY" : 200,
	"LifeTime" : 33.5,
	"StartLeft" : 0,
	"Speed" : 50,
	"Rotation" : -90,
	"Gradient" : 0,
	"Duration" : 60
},
{
	"ID" : 265,
	"RouteID" : 208,
	"StartPosX" : 320,
	"StartPosY" : 480,
	"LifeTime" : 30,
	"StartLeft" : 0,
	"Speed" : 0,
	"Rotation" : 0,
	"Gradient" : 0,
	"Duration" : 30
},
{
	"ID" : 266,
	"RouteID" : 209,
	"StartPosX" : 640,
	"StartPosY" : 480,
	"LifeTime" : 30,
	"StartLeft" : 0,
	"Speed" : 0,
	"Rotation" : 0,
	"Gradient" : 0,
	"Duration" : 30
},
{
	"ID" : 267,
	"RouteID" : 210,
	"StartPosX" : 960,
	"StartPosY" : 480,
	"LifeTime" : 30,
	"StartLeft" : 0,
	"Speed" : 0,
	"Rotation" : 0,
	"Gradient" : 0,
	"Duration" : 30
},
{
	"ID" : 268,
	"RouteID" : 211,
	"StartPosX" : 320,
	"StartPosY" : 240,
	"LifeTime" : 30,
	"StartLeft" : 0,
	"Speed" : 0,
	"Rotation" : 0,
	"Gradient" : 0,
	"Duration" : 30
},
{
	"ID" : 269,
	"RouteID" : 212,
	"StartPosX" : 640,
	"StartPosY" : 240,
	"LifeTime" : 30,
	"StartLeft" : 0,
	"Speed" : 0,
	"Rotation" : 0,
	"Gradient" : 0,
	"Duration" : 30
},
{
	"ID" : 270,
	"RouteID" : 213,
	"StartPosX" : 960,
	"StartPosY" : 240,
	"LifeTime" : 30,
	"StartLeft" : 0,
	"Speed" : 0,
	"Rotation" : 0,
	"Gradient" : 0,
	"Duration" : 30
},
{
	"ID" : 271,
	"RouteID" : 214,
	"StartPosX" : 320,
	"StartPosY" : 480,
	"LifeTime" : 300,
	"StartLeft" : 0,
	"Speed" : 0,
	"Rotation" : 0,
	"Gradient" : 0,
	"Duration" : 300
},
{
	"ID" : 272,
	"RouteID" : 215,
	"StartPosX" : 640,
	"StartPosY" : 480,
	"LifeTime" : 300,
	"StartLeft" : 0,
	"Speed" : 0,
	"Rotation" : 0,
	"Gradient" : 0,
	"Duration" : 300
},
{
	"ID" : 273,
	"RouteID" : 216,
	"StartPosX" : 960,
	"StartPosY" : 480,
	"LifeTime" : 300,
	"StartLeft" : 0,
	"Speed" : 0,
	"Rotation" : 0,
	"Gradient" : 0,
	"Duration" : 300
},
{
	"ID" : 274,
	"RouteID" : 217,
	"StartPosX" : 320,
	"StartPosY" : 240,
	"LifeTime" : 300,
	"StartLeft" : 0,
	"Speed" : 0,
	"Rotation" : 0,
	"Gradient" : 0,
	"Duration" : 300
},
{
	"ID" : 275,
	"RouteID" : 218,
	"StartPosX" : 640,
	"StartPosY" : 240,
	"LifeTime" : 300,
	"StartLeft" : 0,
	"Speed" : 0,
	"Rotation" : 0,
	"Gradient" : 0,
	"Duration" : 300
},
{
	"ID" : 276,
	"RouteID" : 219,
	"StartPosX" : 960,
	"StartPosY" : 240,
	"LifeTime" : 300,
	"StartLeft" : 0,
	"Speed" : 0,
	"Rotation" : 0,
	"Gradient" : 0,
	"Duration" : 300
},
{
	"ID" : 277,
	"RouteID" : 123,
	"StartPosX" : -200,
	"StartPosY" : 240,
	"LifeTime" : 65,
	"StartLeft" : 1,
	"Speed" : 120,
	"Rotation" : 90,
	"Gradient" : 0,
	"Duration" : 7
},
{
	"ID" : 278,
	"RouteID" : 123,
	"StartPosX" : -200,
	"StartPosY" : 240,
	"LifeTime" : 65,
	"StartLeft" : 1,
	"Speed" : 0,
	"Rotation" : 90,
	"Gradient" : 0,
	"Duration" : 50
},
{
	"ID" : 279,
	"RouteID" : 123,
	"StartPosX" : -200,
	"StartPosY" : 240,
	"LifeTime" : 65,
	"StartLeft" : 1,
	"Speed" : 120,
	"Rotation" : 90,
	"Gradient" : 0,
	"Duration" : 7
},
{
	"ID" : 280,
	"RouteID" : 124,
	"StartPosX" : -200,
	"StartPosY" : 360,
	"LifeTime" : 65,
	"StartLeft" : 1,
	"Speed" : 120,
	"Rotation" : 90,
	"Gradient" : 0,
	"Duration" : 7
},
{
	"ID" : 281,
	"RouteID" : 124,
	"StartPosX" : -200,
	"StartPosY" : 360,
	"LifeTime" : 65,
	"StartLeft" : 1,
	"Speed" : 0,
	"Rotation" : 90,
	"Gradient" : 0,
	"Duration" : 50
},
{
	"ID" : 282,
	"RouteID" : 124,
	"StartPosX" : -200,
	"StartPosY" : 360,
	"LifeTime" : 65,
	"StartLeft" : 1,
	"Speed" : 120,
	"Rotation" : 90,
	"Gradient" : 0,
	"Duration" : 7
},
{
	"ID" : 283,
	"RouteID" : 125,
	"StartPosX" : 1480,
	"StartPosY" : 240,
	"LifeTime" : 65,
	"StartLeft" : 0,
	"Speed" : 120,
	"Rotation" : -90,
	"Gradient" : 0,
	"Duration" : 7
},
{
	"ID" : 284,
	"RouteID" : 125,
	"StartPosX" : 1480,
	"StartPosY" : 240,
	"LifeTime" : 65,
	"StartLeft" : 0,
	"Speed" : 0,
	"Rotation" : -90,
	"Gradient" : 0,
	"Duration" : 50
},
{
	"ID" : 285,
	"RouteID" : 125,
	"StartPosX" : 1480,
	"StartPosY" : 240,
	"LifeTime" : 65,
	"StartLeft" : 0,
	"Speed" : 120,
	"Rotation" : -90,
	"Gradient" : 0,
	"Duration" : 7
},
{
	"ID" : 286,
	"RouteID" : 126,
	"StartPosX" : 1480,
	"StartPosY" : 360,
	"LifeTime" : 65,
	"StartLeft" : 0,
	"Speed" : 120,
	"Rotation" : -90,
	"Gradient" : 0,
	"Duration" : 7
},
{
	"ID" : 287,
	"RouteID" : 126,
	"StartPosX" : 1480,
	"StartPosY" : 360,
	"LifeTime" : 65,
	"StartLeft" : 0,
	"Speed" : 0,
	"Rotation" : -90,
	"Gradient" : 0,
	"Duration" : 50
},
{
	"ID" : 288,
	"RouteID" : 126,
	"StartPosX" : 1480,
	"StartPosY" : 360,
	"LifeTime" : 65,
	"StartLeft" : 0,
	"Speed" : 120,
	"Rotation" : -90,
	"Gradient" : 0,
	"Duration" : 7
},
{
	"ID" : 289,
	"RouteID" : 127,
	"StartPosX" : 640,
	"StartPosY" : 360,
	"LifeTime" : 300,
	"StartLeft" : 0,
	"Speed" : 0,
	"Rotation" : 0,
	"Gradient" : 0,
	"Duration" : 300
},
{
	"ID" : 290,
	"RouteID" : 302,
	"StartPosX" : 640,
	"StartPosY" : 360,
	"LifeTime" : 308,
	"StartLeft" : 0,
	"Speed" : 0,
	"Rotation" : -90,
	"Gradient" : 0,
	"Duration" : 3
},
{
	"ID" : 291,
	"RouteID" : 302,
	"StartPosX" : 640,
	"StartPosY" : 360,
	"LifeTime" : 308,
	"StartLeft" : 0,
	"Speed" : 36,
	"Rotation" : -90,
	"Gradient" : 0,
	"Duration" : 15
},
{
	"ID" : 292,
	"RouteID" : 302,
	"StartPosX" : 640,
	"StartPosY" : 360,
	"LifeTime" : 308,
	"StartLeft" : 0,
	"Speed" : 36,
	"Rotation" : 90,
	"Gradient" : 0,
	"Duration" : 30
},
{
	"ID" : 293,
	"RouteID" : 302,
	"StartPosX" : 640,
	"StartPosY" : 360,
	"LifeTime" : 308,
	"StartLeft" : 0,
	"Speed" : 36,
	"Rotation" : -90,
	"Gradient" : 0,
	"Duration" : 30
},
{
	"ID" : 294,
	"RouteID" : 302,
	"StartPosX" : 640,
	"StartPosY" : 360,
	"LifeTime" : 308,
	"StartLeft" : 0,
	"Speed" : 36,
	"Rotation" : 90,
	"Gradient" : 0,
	"Duration" : 30
},
{
	"ID" : 295,
	"RouteID" : 302,
	"StartPosX" : 640,
	"StartPosY" : 360,
	"LifeTime" : 308,
	"StartLeft" : 0,
	"Speed" : 36,
	"Rotation" : -90,
	"Gradient" : 0,
	"Duration" : 30
},
{
	"ID" : 296,
	"RouteID" : 302,
	"StartPosX" : 640,
	"StartPosY" : 360,
	"LifeTime" : 308,
	"StartLeft" : 0,
	"Speed" : 36,
	"Rotation" : 90,
	"Gradient" : 0,
	"Duration" : 30
},
{
	"ID" : 297,
	"RouteID" : 302,
	"StartPosX" : 640,
	"StartPosY" : 360,
	"LifeTime" : 308,
	"StartLeft" : 0,
	"Speed" : 36,
	"Rotation" : -90,
	"Gradient" : 0,
	"Duration" : 30
},
{
	"ID" : 298,
	"RouteID" : 302,
	"StartPosX" : 640,
	"StartPosY" : 360,
	"LifeTime" : 308,
	"StartLeft" : 0,
	"Speed" : 36,
	"Rotation" : 90,
	"Gradient" : 0,
	"Duration" : 30
},
{
	"ID" : 299,
	"RouteID" : 302,
	"StartPosX" : 640,
	"StartPosY" : 360,
	"LifeTime" : 308,
	"StartLeft" : 0,
	"Speed" : 36,
	"Rotation" : -90,
	"Gradient" : 0,
	"Duration" : 30
},
{
	"ID" : 300,
	"RouteID" : 302,
	"StartPosX" : 640,
	"StartPosY" : 360,
	"LifeTime" : 308,
	"StartLeft" : 0,
	"Speed" : 36,
	"Rotation" : 90,
	"Gradient" : 0,
	"Duration" : 30
},
{
	"ID" : 301,
	"RouteID" : 302,
	"StartPosX" : 640,
	"StartPosY" : 360,
	"LifeTime" : 308,
	"StartLeft" : 0,
	"Speed" : 64,
	"Rotation" : -90,
	"Gradient" : 0,
	"Duration" : 20
},
{
	"ID" : 302,
	"RouteID" : 303,
	"StartPosX" : 640,
	"StartPosY" : 480,
	"LifeTime" : 191,
	"StartLeft" : 1,
	"Speed" : 25,
	"Rotation" : 90,
	"Gradient" : 0,
	"Duration" : 6
},
{
	"ID" : 303,
	"RouteID" : 303,
	"StartPosX" : 640,
	"StartPosY" : 480,
	"LifeTime" : 191,
	"StartLeft" : 1,
	"Speed" : 20,
	"Rotation" : 110,
	"Gradient" : 3,
	"Duration" : 13
},
{
	"ID" : 304,
	"RouteID" : 303,
	"StartPosX" : 640,
	"StartPosY" : 480,
	"LifeTime" : 191,
	"StartLeft" : 1,
	"Speed" : 25,
	"Rotation" : 253,
	"Gradient" : 3,
	"Duration" : 34
},
{
	"ID" : 305,
	"RouteID" : 303,
	"StartPosX" : 640,
	"StartPosY" : 480,
	"LifeTime" : 191,
	"StartLeft" : 1,
	"Speed" : 20,
	"Rotation" : 30,
	"Gradient" : 3,
	"Duration" : 25
},
{
	"ID" : 306,
	"RouteID" : 303,
	"StartPosX" : 640,
	"StartPosY" : 480,
	"LifeTime" : 191,
	"StartLeft" : 1,
	"Speed" : 20,
	"Rotation" : 90,
	"Gradient" : 3,
	"Duration" : 25
},
{
	"ID" : 307,
	"RouteID" : 303,
	"StartPosX" : 640,
	"StartPosY" : 480,
	"LifeTime" : 191,
	"StartLeft" : 1,
	"Speed" : 20,
	"Rotation" : 170,
	"Gradient" : 3,
	"Duration" : 20
},
{
	"ID" : 308,
	"RouteID" : 303,
	"StartPosX" : 640,
	"StartPosY" : 480,
	"LifeTime" : 191,
	"StartLeft" : 1,
	"Speed" : 20,
	"Rotation" : 290,
	"Gradient" : 3,
	"Duration" : 67.5
},
{
	"ID" : 309,
	"RouteID" : 304,
	"StartPosX" : 370,
	"StartPosY" : 550,
	"LifeTime" : 190,
	"StartLeft" : 0,
	"Speed" : 20,
	"Rotation" : -90,
	"Gradient" : 0,
	"Duration" : 10
},
{
	"ID" : 310,
	"RouteID" : 304,
	"StartPosX" : 370,
	"StartPosY" : 550,
	"LifeTime" : 190,
	"StartLeft" : 0,
	"Speed" : 20,
	"Rotation" : -150,
	"Gradient" : 3,
	"Duration" : 10
},
{
	"ID" : 311,
	"RouteID" : 304,
	"StartPosX" : 370,
	"StartPosY" : 550,
	"LifeTime" : 190,
	"StartLeft" : 0,
	"Speed" : 20,
	"Rotation" : -210,
	"Gradient" : 3,
	"Duration" : 10
},
{
	"ID" : 312,
	"RouteID" : 304,
	"StartPosX" : 370,
	"StartPosY" : 550,
	"LifeTime" : 190,
	"StartLeft" : 0,
	"Speed" : 20,
	"Rotation" : -270,
	"Gradient" : 3,
	"Duration" : 10
},
{
	"ID" : 313,
	"RouteID" : 304,
	"StartPosX" : 370,
	"StartPosY" : 550,
	"LifeTime" : 190,
	"StartLeft" : 0,
	"Speed" : 20,
	"Rotation" : -330,
	"Gradient" : 3,
	"Duration" : 10
},
{
	"ID" : 314,
	"RouteID" : 304,
	"StartPosX" : 370,
	"StartPosY" : 550,
	"LifeTime" : 190,
	"StartLeft" : 0,
	"Speed" : 20,
	"Rotation" : -30,
	"Gradient" : 3,
	"Duration" : 10
},
{
	"ID" : 315,
	"RouteID" : 304,
	"StartPosX" : 370,
	"StartPosY" : 550,
	"LifeTime" : 190,
	"StartLeft" : 0,
	"Speed" : 20,
	"Rotation" : -90,
	"Gradient" : 3,
	"Duration" : 10
},
{
	"ID" : 316,
	"RouteID" : 304,
	"StartPosX" : 370,
	"StartPosY" : 550,
	"LifeTime" : 190,
	"StartLeft" : 0,
	"Speed" : 20,
	"Rotation" : -150,
	"Gradient" : 3,
	"Duration" : 10
},
{
	"ID" : 317,
	"RouteID" : 304,
	"StartPosX" : 370,
	"StartPosY" : 550,
	"LifeTime" : 190,
	"StartLeft" : 0,
	"Speed" : 20,
	"Rotation" : -210,
	"Gradient" : 3,
	"Duration" : 10
},
{
	"ID" : 318,
	"RouteID" : 304,
	"StartPosX" : 370,
	"StartPosY" : 550,
	"LifeTime" : 190,
	"StartLeft" : 0,
	"Speed" : 20,
	"Rotation" : -270,
	"Gradient" : 3,
	"Duration" : 10
},
{
	"ID" : 319,
	"RouteID" : 304,
	"StartPosX" : 370,
	"StartPosY" : 550,
	"LifeTime" : 190,
	"StartLeft" : 0,
	"Speed" : 20,
	"Rotation" : -330,
	"Gradient" : 3,
	"Duration" : 10
},
{
	"ID" : 320,
	"RouteID" : 304,
	"StartPosX" : 370,
	"StartPosY" : 550,
	"LifeTime" : 190,
	"StartLeft" : 0,
	"Speed" : 20,
	"Rotation" : -30,
	"Gradient" : 3,
	"Duration" : 10
},
{
	"ID" : 321,
	"RouteID" : 304,
	"StartPosX" : 370,
	"StartPosY" : 550,
	"LifeTime" : 190,
	"StartLeft" : 0,
	"Speed" : 20,
	"Rotation" : -90,
	"Gradient" : 3,
	"Duration" : 10
},
{
	"ID" : 322,
	"RouteID" : 304,
	"StartPosX" : 370,
	"StartPosY" : 550,
	"LifeTime" : 190,
	"StartLeft" : 0,
	"Speed" : 20,
	"Rotation" : -150,
	"Gradient" : 3,
	"Duration" : 10
},
{
	"ID" : 323,
	"RouteID" : 304,
	"StartPosX" : 370,
	"StartPosY" : 550,
	"LifeTime" : 190,
	"StartLeft" : 0,
	"Speed" : 20,
	"Rotation" : -210,
	"Gradient" : 3,
	"Duration" : 10
},
{
	"ID" : 324,
	"RouteID" : 304,
	"StartPosX" : 370,
	"StartPosY" : 550,
	"LifeTime" : 190,
	"StartLeft" : 0,
	"Speed" : 20,
	"Rotation" : -270,
	"Gradient" : 3,
	"Duration" : 10
},
{
	"ID" : 325,
	"RouteID" : 304,
	"StartPosX" : 370,
	"StartPosY" : 550,
	"LifeTime" : 190,
	"StartLeft" : 0,
	"Speed" : 20,
	"Rotation" : -330,
	"Gradient" : 3,
	"Duration" : 10
},
{
	"ID" : 326,
	"RouteID" : 304,
	"StartPosX" : 370,
	"StartPosY" : 550,
	"LifeTime" : 190,
	"StartLeft" : 0,
	"Speed" : 30,
	"Rotation" : -30,
	"Gradient" : 3,
	"Duration" : 20
},
{
	"ID" : 327,
	"RouteID" : 305,
	"StartPosX" : 680,
	"StartPosY" : 550,
	"LifeTime" : 190,
	"StartLeft" : 1,
	"Speed" : 20,
	"Rotation" : 90,
	"Gradient" : 0,
	"Duration" : 10
},
{
	"ID" : 328,
	"RouteID" : 305,
	"StartPosX" : 680,
	"StartPosY" : 550,
	"LifeTime" : 190,
	"StartLeft" : 1,
	"Speed" : 20,
	"Rotation" : 150,
	"Gradient" : 3,
	"Duration" : 10
},
{
	"ID" : 329,
	"RouteID" : 305,
	"StartPosX" : 680,
	"StartPosY" : 550,
	"LifeTime" : 190,
	"StartLeft" : 1,
	"Speed" : 20,
	"Rotation" : 210,
	"Gradient" : 3,
	"Duration" : 10
},
{
	"ID" : 330,
	"RouteID" : 305,
	"StartPosX" : 680,
	"StartPosY" : 550,
	"LifeTime" : 190,
	"StartLeft" : 1,
	"Speed" : 20,
	"Rotation" : 270,
	"Gradient" : 3,
	"Duration" : 10
},
{
	"ID" : 331,
	"RouteID" : 305,
	"StartPosX" : 680,
	"StartPosY" : 550,
	"LifeTime" : 190,
	"StartLeft" : 1,
	"Speed" : 20,
	"Rotation" : 330,
	"Gradient" : 3,
	"Duration" : 10
},
{
	"ID" : 332,
	"RouteID" : 305,
	"StartPosX" : 680,
	"StartPosY" : 550,
	"LifeTime" : 190,
	"StartLeft" : 1,
	"Speed" : 20,
	"Rotation" : 30,
	"Gradient" : 3,
	"Duration" : 10
},
{
	"ID" : 333,
	"RouteID" : 305,
	"StartPosX" : 680,
	"StartPosY" : 550,
	"LifeTime" : 190,
	"StartLeft" : 1,
	"Speed" : 20,
	"Rotation" : 90,
	"Gradient" : 3,
	"Duration" : 10
},
{
	"ID" : 334,
	"RouteID" : 305,
	"StartPosX" : 680,
	"StartPosY" : 550,
	"LifeTime" : 190,
	"StartLeft" : 1,
	"Speed" : 20,
	"Rotation" : 150,
	"Gradient" : 3,
	"Duration" : 10
},
{
	"ID" : 335,
	"RouteID" : 305,
	"StartPosX" : 680,
	"StartPosY" : 550,
	"LifeTime" : 190,
	"StartLeft" : 1,
	"Speed" : 20,
	"Rotation" : 210,
	"Gradient" : 3,
	"Duration" : 10
},
{
	"ID" : 336,
	"RouteID" : 305,
	"StartPosX" : 680,
	"StartPosY" : 550,
	"LifeTime" : 190,
	"StartLeft" : 1,
	"Speed" : 20,
	"Rotation" : 270,
	"Gradient" : 3,
	"Duration" : 10
},
{
	"ID" : 337,
	"RouteID" : 305,
	"StartPosX" : 680,
	"StartPosY" : 550,
	"LifeTime" : 190,
	"StartLeft" : 1,
	"Speed" : 20,
	"Rotation" : 330,
	"Gradient" : 3,
	"Duration" : 10
},
{
	"ID" : 338,
	"RouteID" : 305,
	"StartPosX" : 680,
	"StartPosY" : 550,
	"LifeTime" : 190,
	"StartLeft" : 1,
	"Speed" : 20,
	"Rotation" : 30,
	"Gradient" : 3,
	"Duration" : 10
},
{
	"ID" : 339,
	"RouteID" : 305,
	"StartPosX" : 680,
	"StartPosY" : 550,
	"LifeTime" : 190,
	"StartLeft" : 1,
	"Speed" : 20,
	"Rotation" : 90,
	"Gradient" : 3,
	"Duration" : 10
},
{
	"ID" : 340,
	"RouteID" : 305,
	"StartPosX" : 680,
	"StartPosY" : 550,
	"LifeTime" : 190,
	"StartLeft" : 1,
	"Speed" : 20,
	"Rotation" : 150,
	"Gradient" : 3,
	"Duration" : 10
},
{
	"ID" : 341,
	"RouteID" : 305,
	"StartPosX" : 680,
	"StartPosY" : 550,
	"LifeTime" : 190,
	"StartLeft" : 1,
	"Speed" : 20,
	"Rotation" : 210,
	"Gradient" : 3,
	"Duration" : 10
},
{
	"ID" : 342,
	"RouteID" : 305,
	"StartPosX" : 680,
	"StartPosY" : 550,
	"LifeTime" : 190,
	"StartLeft" : 1,
	"Speed" : 20,
	"Rotation" : 270,
	"Gradient" : 3,
	"Duration" : 10
},
{
	"ID" : 343,
	"RouteID" : 305,
	"StartPosX" : 680,
	"StartPosY" : 550,
	"LifeTime" : 190,
	"StartLeft" : 1,
	"Speed" : 20,
	"Rotation" : 330,
	"Gradient" : 3,
	"Duration" : 10
},
{
	"ID" : 344,
	"RouteID" : 305,
	"StartPosX" : 680,
	"StartPosY" : 550,
	"LifeTime" : 190,
	"StartLeft" : 1,
	"Speed" : 30,
	"Rotation" : 30,
	"Gradient" : 3,
	"Duration" : 20
},
{
	"ID" : 345,
	"RouteID" : 306,
	"StartPosX" : 660,
	"StartPosY" : 240,
	"LifeTime" : 197,
	"StartLeft" : 1,
	"Speed" : 20,
	"Rotation" : 90,
	"Gradient" : 5,
	"Duration" : 20
},
{
	"ID" : 346,
	"RouteID" : 306,
	"StartPosX" : 660,
	"StartPosY" : 240,
	"LifeTime" : 197,
	"StartLeft" : 1,
	"Speed" : 20,
	"Rotation" : 0,
	"Gradient" : 5,
	"Duration" : 15
},
{
	"ID" : 347,
	"RouteID" : 306,
	"StartPosX" : 660,
	"StartPosY" : 240,
	"LifeTime" : 197,
	"StartLeft" : 1,
	"Speed" : 20,
	"Rotation" : -90,
	"Gradient" : 5,
	"Duration" : 40
},
{
	"ID" : 348,
	"RouteID" : 306,
	"StartPosX" : 660,
	"StartPosY" : 240,
	"LifeTime" : 197,
	"StartLeft" : 1,
	"Speed" : 20,
	"Rotation" : -180,
	"Gradient" : 5,
	"Duration" : 15
},
{
	"ID" : 349,
	"RouteID" : 306,
	"StartPosX" : 660,
	"StartPosY" : 240,
	"LifeTime" : 197,
	"StartLeft" : 1,
	"Speed" : 20,
	"Rotation" : -270,
	"Gradient" : 5,
	"Duration" : 40
},
{
	"ID" : 350,
	"RouteID" : 306,
	"StartPosX" : 660,
	"StartPosY" : 240,
	"LifeTime" : 197,
	"StartLeft" : 1,
	"Speed" : 20,
	"Rotation" : 0,
	"Gradient" : 5,
	"Duration" : 15
},
{
	"ID" : 351,
	"RouteID" : 306,
	"StartPosX" : 660,
	"StartPosY" : 240,
	"LifeTime" : 197,
	"StartLeft" : 1,
	"Speed" : 25,
	"Rotation" : -90,
	"Gradient" : 5,
	"Duration" : 52
},
{
	"ID" : 352,
	"RouteID" : 307,
	"StartPosX" : 720,
	"StartPosY" : 170,
	"LifeTime" : 158,
	"StartLeft" : 0,
	"Speed" : 20,
	"Rotation" : 310,
	"Gradient" : 2,
	"Duration" : 30
},
{
	"ID" : 353,
	"RouteID" : 307,
	"StartPosX" : 720,
	"StartPosY" : 170,
	"LifeTime" : 158,
	"StartLeft" : 0,
	"Speed" : 20,
	"Rotation" : 90,
	"Gradient" : 2,
	"Duration" : 30
},
{
	"ID" : 354,
	"RouteID" : 307,
	"StartPosX" : 720,
	"StartPosY" : 170,
	"LifeTime" : 158,
	"StartLeft" : 0,
	"Speed" : 20,
	"Rotation" : 230,
	"Gradient" : 2,
	"Duration" : 30
},
{
	"ID" : 355,
	"RouteID" : 307,
	"StartPosX" : 720,
	"StartPosY" : 170,
	"LifeTime" : 158,
	"StartLeft" : 0,
	"Speed" : 20,
	"Rotation" : 18,
	"Gradient" : 2,
	"Duration" : 25
},
{
	"ID" : 356,
	"RouteID" : 307,
	"StartPosX" : 720,
	"StartPosY" : 170,
	"LifeTime" : 158,
	"StartLeft" : 0,
	"Speed" : 20,
	"Rotation" : 161,
	"Gradient" : 2,
	"Duration" : 43
},
{
	"ID" : 357,
	"RouteID" : 308,
	"StartPosX" : 430,
	"StartPosY" : 220,
	"LifeTime" : 182,
	"StartLeft" : 0,
	"Speed" : 20,
	"Rotation" : -60,
	"Gradient" : 3,
	"Duration" : 15
},
{
	"ID" : 358,
	"RouteID" : 308,
	"StartPosX" : 430,
	"StartPosY" : 220,
	"LifeTime" : 182,
	"StartLeft" : 0,
	"Speed" : 20,
	"Rotation" : 60,
	"Gradient" : 3,
	"Duration" : 15
},
{
	"ID" : 359,
	"RouteID" : 308,
	"StartPosX" : 430,
	"StartPosY" : 220,
	"LifeTime" : 182,
	"StartLeft" : 0,
	"Speed" : 20,
	"Rotation" : 90,
	"Gradient" : 3,
	"Duration" : 25
},
{
	"ID" : 360,
	"RouteID" : 308,
	"StartPosX" : 430,
	"StartPosY" : 220,
	"LifeTime" : 182,
	"StartLeft" : 0,
	"Speed" : 20,
	"Rotation" : 130,
	"Gradient" : 3,
	"Duration" : 15
},
{
	"ID" : 361,
	"RouteID" : 308,
	"StartPosX" : 430,
	"StartPosY" : 220,
	"LifeTime" : 182,
	"StartLeft" : 0,
	"Speed" : 20,
	"Rotation" : 240,
	"Gradient" : 3,
	"Duration" : 15
},
{
	"ID" : 362,
	"RouteID" : 308,
	"StartPosX" : 430,
	"StartPosY" : 220,
	"LifeTime" : 182,
	"StartLeft" : 0,
	"Speed" : 20,
	"Rotation" : 270,
	"Gradient" : 3,
	"Duration" : 25
},
{
	"ID" : 363,
	"RouteID" : 308,
	"StartPosX" : 430,
	"StartPosY" : 220,
	"LifeTime" : 182,
	"StartLeft" : 0,
	"Speed" : 20,
	"Rotation" : -60,
	"Gradient" : 3,
	"Duration" : 15
},
{
	"ID" : 364,
	"RouteID" : 308,
	"StartPosX" : 430,
	"StartPosY" : 220,
	"LifeTime" : 182,
	"StartLeft" : 0,
	"Speed" : 20,
	"Rotation" : 60,
	"Gradient" : 3,
	"Duration" : 15
},
{
	"ID" : 365,
	"RouteID" : 308,
	"StartPosX" : 430,
	"StartPosY" : 220,
	"LifeTime" : 182,
	"StartLeft" : 0,
	"Speed" : 25,
	"Rotation" : 90,
	"Gradient" : 3,
	"Duration" : 42
},
{
	"ID" : 366,
	"RouteID" : 309,
	"StartPosX" : 500,
	"StartPosY" : 220,
	"LifeTime" : 179,
	"StartLeft" : 1,
	"Speed" : 20,
	"Rotation" : 30,
	"Gradient" : 3,
	"Duration" : 20
},
{
	"ID" : 367,
	"RouteID" : 309,
	"StartPosX" : 500,
	"StartPosY" : 220,
	"LifeTime" : 179,
	"StartLeft" : 1,
	"Speed" : 20,
	"Rotation" : 150,
	"Gradient" : 3,
	"Duration" : 25
},
{
	"ID" : 368,
	"RouteID" : 309,
	"StartPosX" : 500,
	"StartPosY" : 220,
	"LifeTime" : 179,
	"StartLeft" : 1,
	"Speed" : 20,
	"Rotation" : 300,
	"Gradient" : 3,
	"Duration" : 40
},
{
	"ID" : 369,
	"RouteID" : 309,
	"StartPosX" : 500,
	"StartPosY" : 220,
	"LifeTime" : 179,
	"StartLeft" : 1,
	"Speed" : 20,
	"Rotation" : 170,
	"Gradient" : 3,
	"Duration" : 20
},
{
	"ID" : 370,
	"RouteID" : 309,
	"StartPosX" : 500,
	"StartPosY" : 220,
	"LifeTime" : 179,
	"StartLeft" : 1,
	"Speed" : 20,
	"Rotation" : 80,
	"Gradient" : 3,
	"Duration" : 40
},
{
	"ID" : 371,
	"RouteID" : 309,
	"StartPosX" : 500,
	"StartPosY" : 220,
	"LifeTime" : 179,
	"StartLeft" : 1,
	"Speed" : 25,
	"Rotation" : 200,
	"Gradient" : 3,
	"Duration" : 34
}
]