[
{
	"ID" : 0, 
	"Description" : "", 
	"DelayTime" : 0, 
	"RefreshRule" : "", 
	"MoveType" : 0, 
	"FishGroupID" : 0, 
	"TotalFishNum" : 0, 
	"RouteIDs" : ""
},
{
	"ID" : 101,
	"Description" : "赤蟹霸王-小鱼群",
	"RefreshRule" : "1,5000",
	"MoveType" : 1,
	"FishGroupID" : 11,
	"TotalFishNum" : 5,
	"RouteIDs" : "1,2,3,4,5,6,7,8,9,10,11,12,13,14,15,16,17,18,19,21,22"
},
{
	"ID" : 102,
	"Description" : "赤蟹霸王-中鱼群",
	"RefreshRule" : "1,5000",
	"MoveType" : 1,
	"FishGroupID" : 12,
	"TotalFishNum" : 10,
	"RouteIDs" : "2,3,4,5,6,7,8,9,10,11,12,13,14,15,16"
},
{
	"ID" : 103,
	"Description" : "赤蟹霸王-转盘奖金群",
	"RefreshRule" : "1,5000",
	"MoveType" : 1,
	"FishGroupID" : 13,
	"TotalFishNum" : 1,
	"RouteIDs" : "52,54,55,56,57,58,59,60,61,62,63,64,65,66"
},
{
	"ID" : 104,
	"Description" : "赤蟹霸王-奖金群",
	"RefreshRule" : "1,5000",
	"MoveType" : 1,
	"FishGroupID" : 14,
	"TotalFishNum" : 5,
	"RouteIDs" : "52,54,55,56,57,58,59,60,61,62,63,64,65,66"
},
{
	"ID" : 105,
	"Description" : "赤蟹霸王-功能鱼群",
	"RefreshRule" : "1,5000",
	"MoveType" : 1,
	"FishGroupID" : 15,
	"TotalFishNum" : 2,
	"RouteIDs" : "52,54,55,56,57,58,59,60,61,62,63,64,65,66"
},
{
	"ID" : 106,
	"Description" : "赤蟹霸王-小boss群",
	"RefreshRule" : "2,50000",
	"MoveType" : 1,
	"FishGroupID" : 16,
	"TotalFishNum" : 1,
	"RouteIDs" : "107,108,109,110,111,112"
},
{
	"ID" : 107,
	"Description" : "赤蟹霸王-小boss群",
	"RefreshRule" : "3,1,50",
	"MoveType" : 1,
	"FishGroupID" : 16,
	"TotalFishNum" : 1,
	"RouteIDs" : "107,108,109,110,111,112"
},
{
	"ID" : 108,
	"Description" : "赤蟹霸王-小鱼潮1",
	"RefreshRule" : "2,23000",
	"MoveType" : 2,
	"FishGroupID" : 1005,
	"TotalFishNum" : 1,
	"RouteIDs" : "1,2,3,4,5,6,7,8,9,10,11,12,13,14,15,16,17,18,19,21,22,67"
},
{
	"ID" : 109,
	"Description" : "赤蟹霸王-小鱼潮2",
	"RefreshRule" : "2,37000",
	"MoveType" : 2,
	"FishGroupID" : 1001,
	"TotalFishNum" : 1,
	"RouteIDs" : "1,2,3,4,5,6,7,8,9,10,11,12,13,14,15,16,17,18,19,21,22,67"
},
{
	"ID" : 110,
	"Description" : "赤蟹霸王-小鱼潮3",
	"RefreshRule" : "2,47000",
	"MoveType" : 2,
	"FishGroupID" : 1006,
	"TotalFishNum" : 1,
	"RouteIDs" : "1,2,3,4,5,6,7,8,9,10,11,12,13,14,15,16,17,18,19,21,22,67"
},
{
	"ID" : 111,
	"Description" : "赤蟹霸王-小鱼潮4",
	"RefreshRule" : "2,53000",
	"MoveType" : 2,
	"FishGroupID" : 1002,
	"TotalFishNum" : 1,
	"RouteIDs" : "1,2,3,4,5,6,7,8,9,10,11,12,13,14,15,16,17,18,19,21,22,67"
},
{
	"ID" : 112,
	"Description" : "赤蟹霸王-小鱼潮5",
	"RefreshRule" : "2,67000",
	"MoveType" : 2,
	"FishGroupID" : 1007,
	"TotalFishNum" : 1,
	"RouteIDs" : "1,2,3,4,5,6,7,8,9,10,11,12,13,14,15,16,17,18,19,21,22,67"
},
{
	"ID" : 113,
	"Description" : "赤蟹霸王-小鱼潮9",
	"RefreshRule" : "2,101000",
	"MoveType" : 2,
	"FishGroupID" : 1009,
	"TotalFishNum" : 1,
	"RouteIDs" : "1,2,3,4,5,6,7,8,9,10,11,12,13,14,15,16,17,18,19,21,22,67"
},
{
	"ID" : 114,
	"Description" : "赤蟹霸王-功能鱼群",
	"RefreshRule" : "2,30000",
	"MoveType" : 1,
	"FishGroupID" : 15,
	"TotalFishNum" : 1,
	"RouteIDs" : "52,54,55,56,57,58,59,60,61,62,63,64,65,66"
},
{
	"ID" : 115,
	"Description" : "赤蟹霸王-大boss群",
	"RefreshRule" : "2,30000",
	"MoveType" : 1,
	"FishGroupID" : 17,
	"TotalFishNum" : 1,
	"RouteIDs" : "107,108,109,110,111,112"
},
{
	"ID" : 116,
	"Description" : "赤蟹霸王-大boss群",
	"RefreshRule" : "4",
	"MoveType" : 1,
	"FishGroupID" : 17,
	"TotalFishNum" : 1,
	"RouteIDs" : "107,108,109,110,111,112"
},
{
	"ID" : 117,
	"Description" : "赤蟹霸王-宝箱鱼",
	"RefreshRule" : "2,60000",
	"MoveType" : 1,
	"FishGroupID" : 18,
	"TotalFishNum" : 1,
	"RouteIDs" : "52,54,55,56,57,58,59,60,61,62,63,64,65,66"
},
{
	"ID" : 121,
	"Description" : "玄武降临-小鱼群",
	"RefreshRule" : "1,5000",
	"MoveType" : 1,
	"FishGroupID" : 21,
	"TotalFishNum" : 5,
	"RouteIDs" : "1,2,3,4,5,6,7,8,9,10,11,12,13,14,15,16,17,18,19,21,22"
},
{
	"ID" : 122,
	"Description" : "玄武降临-中鱼群",
	"RefreshRule" : "1,5000",
	"MoveType" : 1,
	"FishGroupID" : 22,
	"TotalFishNum" : 20,
	"RouteIDs" : "2,3,4,5,6,7,8,9,10,11,12,13,14,15,16"
},
{
	"ID" : 123,
	"Description" : "玄武降临-转盘奖金群",
	"RefreshRule" : "1,5000",
	"MoveType" : 1,
	"FishGroupID" : 23,
	"TotalFishNum" : 1,
	"RouteIDs" : "52,54,55,56,57,58,59,60,61,62,63,64,65,66"
},
{
	"ID" : 124,
	"Description" : "玄武降临-奖金群",
	"RefreshRule" : "1,5000",
	"MoveType" : 1,
	"FishGroupID" : 24,
	"TotalFishNum" : 5,
	"RouteIDs" : "52,54,55,56,57,58,59,60,61,62,63,64,65,66"
},
{
	"ID" : 125,
	"Description" : "玄武降临-功能鱼群",
	"RefreshRule" : "1,5000",
	"MoveType" : 1,
	"FishGroupID" : 25,
	"TotalFishNum" : 2,
	"RouteIDs" : "52,54,55,56,57,58,59,60,61,62,63,64,65,66"
},
{
	"ID" : 126,
	"Description" : "玄武降临-小boss群",
	"RefreshRule" : "2,50000",
	"MoveType" : 1,
	"FishGroupID" : 26,
	"TotalFishNum" : 1,
	"RouteIDs" : "107,108,109,110,111,112"
},
{
	"ID" : 127,
	"Description" : "玄武降临-小boss群",
	"RefreshRule" : "3,1,50",
	"MoveType" : 1,
	"FishGroupID" : 26,
	"TotalFishNum" : 1,
	"RouteIDs" : "107,108,109,110,111,112"
},
{
	"ID" : 128,
	"Description" : "玄武降临-小鱼潮2",
	"RefreshRule" : "2,37000",
	"MoveType" : 2,
	"FishGroupID" : 1001,
	"TotalFishNum" : 1,
	"RouteIDs" : "1,2,3,4,5,6,7,8,9,10,11,12,13,14,15,16,17,18,19,21,22,67"
},
{
	"ID" : 129,
	"Description" : "玄武降临-小鱼潮3",
	"RefreshRule" : "2,47000",
	"MoveType" : 2,
	"FishGroupID" : 1006,
	"TotalFishNum" : 1,
	"RouteIDs" : "1,2,3,4,5,6,7,8,9,10,11,12,13,14,15,16,17,18,19,21,22,67"
},
{
	"ID" : 130,
	"Description" : "玄武降临-小鱼潮4",
	"RefreshRule" : "2,53000",
	"MoveType" : 2,
	"FishGroupID" : 1002,
	"TotalFishNum" : 1,
	"RouteIDs" : "1,2,3,4,5,6,7,8,9,10,11,12,13,14,15,16,17,18,19,21,22,67"
},
{
	"ID" : 131,
	"Description" : "玄武降临-小鱼潮5",
	"RefreshRule" : "2,67000",
	"MoveType" : 2,
	"FishGroupID" : 1007,
	"TotalFishNum" : 1,
	"RouteIDs" : "1,2,3,4,5,6,7,8,9,10,11,12,13,14,15,16,17,18,19,21,22,67"
},
{
	"ID" : 132,
	"Description" : "玄武降临-小鱼潮6",
	"RefreshRule" : "2,71000",
	"MoveType" : 2,
	"FishGroupID" : 1003,
	"TotalFishNum" : 1,
	"RouteIDs" : "1,2,3,4,5,6,7,8,9,10,11,12,13,14,15,16,17,18,19,21,22,67"
},
{
	"ID" : 133,
	"Description" : "玄武降临-小鱼潮7",
	"RefreshRule" : "2,83000",
	"MoveType" : 2,
	"FishGroupID" : 1008,
	"TotalFishNum" : 1,
	"RouteIDs" : "1,2,3,4,5,6,7,8,9,10,11,12,13,14,15,16,17,18,19,21,22,67"
},
{
	"ID" : 134,
	"Description" : "玄武降临-功能鱼群",
	"RefreshRule" : "2,30000",
	"MoveType" : 1,
	"FishGroupID" : 25,
	"TotalFishNum" : 1,
	"RouteIDs" : "52,54,55,56,57,58,59,60,61,62,63,64,65,66"
},
{
	"ID" : 135,
	"Description" : "玄武降临-大boss群",
	"RefreshRule" : "2,30000",
	"MoveType" : 1,
	"FishGroupID" : 27,
	"TotalFishNum" : 1,
	"RouteIDs" : "108,111"
},
{
	"ID" : 136,
	"Description" : "玄武降临-大boss群",
	"RefreshRule" : "4",
	"MoveType" : 1,
	"FishGroupID" : 27,
	"TotalFishNum" : 1,
	"RouteIDs" : "108,111"
},
{
	"ID" : 137,
	"Description" : "玄武降临-宝箱鱼",
	"RefreshRule" : "2,120000",
	"MoveType" : 1,
	"FishGroupID" : 28,
	"TotalFishNum" : 1,
	"RouteIDs" : "52,54,55,56,57,58,59,60,61,62,63,64,65,66"
},
{
	"ID" : 141,
	"Description" : "金龙盘云-小鱼群",
	"RefreshRule" : "1,5000",
	"MoveType" : 1,
	"FishGroupID" : 31,
	"TotalFishNum" : 5,
	"RouteIDs" : "1,2,3,4,5,6,7,8,9,10,11,12,13,14,15,16,17,18,19,21,22"
},
{
	"ID" : 142,
	"Description" : "金龙盘云-中鱼群",
	"RefreshRule" : "1,5000",
	"MoveType" : 1,
	"FishGroupID" : 32,
	"TotalFishNum" : 10,
	"RouteIDs" : "2,3,4,5,6,7,8,9,10,11,12,13,14,15,16"
},
{
	"ID" : 143,
	"Description" : "金龙盘云-转盘奖金群",
	"RefreshRule" : "1,5000",
	"MoveType" : 1,
	"FishGroupID" : 33,
	"TotalFishNum" : 1,
	"RouteIDs" : "52,54,55,56,57,58,59,60,61,62,63,64,65,66"
},
{
	"ID" : 144,
	"Description" : "金龙盘云-奖金群",
	"RefreshRule" : "1,5000",
	"MoveType" : 1,
	"FishGroupID" : 34,
	"TotalFishNum" : 6,
	"RouteIDs" : "52,54,55,56,57,58,59,60,61,62,63,64,65,66"
},
{
	"ID" : 145,
	"Description" : "金龙盘云-功能鱼群",
	"RefreshRule" : "1,5000",
	"MoveType" : 1,
	"FishGroupID" : 35,
	"TotalFishNum" : 3,
	"RouteIDs" : "52,54,55,56,57,58,59,60,61,62,63,64,65,66"
},
{
	"ID" : 146,
	"Description" : "金龙盘云-小boss群",
	"RefreshRule" : "2,50000",
	"MoveType" : 1,
	"FishGroupID" : 36,
	"TotalFishNum" : 1,
	"RouteIDs" : "107,108,109,110,111,112"
},
{
	"ID" : 147,
	"Description" : "金龙盘云-小boss群",
	"RefreshRule" : "3,1,50",
	"MoveType" : 1,
	"FishGroupID" : 36,
	"TotalFishNum" : 1,
	"RouteIDs" : "107,108,109,110,111,112"
},
{
	"ID" : 148,
	"Description" : "金龙盘云-小鱼潮1",
	"RefreshRule" : "2,23000",
	"MoveType" : 2,
	"FishGroupID" : 1005,
	"TotalFishNum" : 1,
	"RouteIDs" : "1,2,3,4,5,6,7,8,9,10,11,12,13,14,15,16,17,18,19,21,22,67"
},
{
	"ID" : 149,
	"Description" : "金龙盘云-小鱼潮4",
	"RefreshRule" : "2,53000",
	"MoveType" : 2,
	"FishGroupID" : 1002,
	"TotalFishNum" : 1,
	"RouteIDs" : "1,2,3,4,5,6,7,8,9,10,11,12,13,14,15,16,17,18,19,21,22,67"
},
{
	"ID" : 150,
	"Description" : "金龙盘云-小鱼潮5",
	"RefreshRule" : "2,67000",
	"MoveType" : 2,
	"FishGroupID" : 1007,
	"TotalFishNum" : 1,
	"RouteIDs" : "1,2,3,4,5,6,7,8,9,10,11,12,13,14,15,16,17,18,19,21,22,67"
},
{
	"ID" : 151,
	"Description" : "金龙盘云-小鱼潮6",
	"RefreshRule" : "2,71000",
	"MoveType" : 2,
	"FishGroupID" : 1003,
	"TotalFishNum" : 1,
	"RouteIDs" : "1,2,3,4,5,6,7,8,9,10,11,12,13,14,15,16,17,18,19,21,22,67"
},
{
	"ID" : 152,
	"Description" : "金龙盘云-小鱼潮7",
	"RefreshRule" : "2,83000",
	"MoveType" : 2,
	"FishGroupID" : 1008,
	"TotalFishNum" : 1,
	"RouteIDs" : "1,2,3,4,5,6,7,8,9,10,11,12,13,14,15,16,17,18,19,21,22,67"
},
{
	"ID" : 153,
	"Description" : "金龙盘云-小鱼潮8",
	"RefreshRule" : "2,97000",
	"MoveType" : 2,
	"FishGroupID" : 1004,
	"TotalFishNum" : 1,
	"RouteIDs" : "1,2,3,4,5,6,7,8,9,10,11,12,13,14,15,16,17,18,19,21,22,67"
},
{
	"ID" : 154,
	"Description" : "金龙盘云-功能鱼群",
	"RefreshRule" : "1,5000",
	"MoveType" : 1,
	"FishGroupID" : 35,
	"TotalFishNum" : 3,
	"RouteIDs" : "52,54,55,56,57,58,59,60,61,62,63,64,65,66"
},
{
	"ID" : 155,
	"Description" : "金龙盘云-大boss群",
	"RefreshRule" : "2,50000",
	"MoveType" : 1,
	"FishGroupID" : 37,
	"TotalFishNum" : 1,
	"RouteIDs" : "108,111"
},
{
	"ID" : 156,
	"Description" : "金龙盘云-大boss群",
	"RefreshRule" : "4",
	"MoveType" : 1,
	"FishGroupID" : 37,
	"TotalFishNum" : 1,
	"RouteIDs" : "108,111"
},
{
	"ID" : 157,
	"Description" : "金龙盘云-龟丞相",
	"RefreshRule" : "2,50000",
	"MoveType" : 1,
	"FishGroupID" : 38,
	"TotalFishNum" : 1,
	"RouteIDs" : "108,111"
},
{
	"ID" : 161,
	"Description" : "海盗宝藏-小鱼群",
	"RefreshRule" : "1,5000",
	"MoveType" : 1,
	"FishGroupID" : 41,
	"TotalFishNum" : 5,
	"RouteIDs" : "1,2,3,4,5,6,7,8,9,10,11,12,13,14,15,16,17,18,19,21,22"
},
{
	"ID" : 162,
	"Description" : "海盗宝藏-中鱼群",
	"RefreshRule" : "1,5000",
	"MoveType" : 1,
	"FishGroupID" : 42,
	"TotalFishNum" : 12,
	"RouteIDs" : "2,3,4,5,6,7,8,9,10,11,12,13,14,15,16"
},
{
	"ID" : 163,
	"Description" : "海盗宝藏-转盘奖金群",
	"RefreshRule" : "1,5000",
	"MoveType" : 1,
	"FishGroupID" : 43,
	"TotalFishNum" : 1,
	"RouteIDs" : "52,54,55,56,57,58,59,60,61,62,63,64,65,66"
},
{
	"ID" : 164,
	"Description" : "海盗宝藏-奖金群",
	"RefreshRule" : "1,5000",
	"MoveType" : 1,
	"FishGroupID" : 44,
	"TotalFishNum" : 6,
	"RouteIDs" : "52,54,55,56,57,58,59,60,61,62,63,64,65,66"
},
{
	"ID" : 165,
	"Description" : "海盗宝藏-功能鱼群",
	"RefreshRule" : "1,5000",
	"MoveType" : 1,
	"FishGroupID" : 45,
	"TotalFishNum" : 3,
	"RouteIDs" : "52,54,55,56,57,58,59,60,61,62,63,64,65,66"
},
{
	"ID" : 166,
	"Description" : "海盗宝藏-小boss群",
	"RefreshRule" : "2,50000",
	"MoveType" : 1,
	"FishGroupID" : 46,
	"TotalFishNum" : 1,
	"RouteIDs" : "107,108,109,110,111,112"
},
{
	"ID" : 167,
	"Description" : "海盗宝藏-大boss群",
	"RefreshRule" : "3,3,50",
	"MoveType" : 1,
	"FishGroupID" : 48,
	"TotalFishNum" : 1,
	"RouteIDs" : "107,108,109,110,111,112"
},
{
	"ID" : 168,
	"Description" : "赤蟹霸王-小鱼潮1",
	"RefreshRule" : "2,23000",
	"MoveType" : 2,
	"FishGroupID" : 1005,
	"TotalFishNum" : 1,
	"RouteIDs" : "1,2,3,4,5,6,7,8,9,10,11,12,13,14,15,16,17,18,19,21,22,67"
},
{
	"ID" : 169,
	"Description" : "赤蟹霸王-小鱼潮2",
	"RefreshRule" : "2,37000",
	"MoveType" : 2,
	"FishGroupID" : 1001,
	"TotalFishNum" : 1,
	"RouteIDs" : "1,2,3,4,5,6,7,8,9,10,11,12,13,14,15,16,17,18,19,21,22,67"
},
{
	"ID" : 170,
	"Description" : "海盗宝藏-小鱼潮6",
	"RefreshRule" : "2,71000",
	"MoveType" : 2,
	"FishGroupID" : 1003,
	"TotalFishNum" : 1,
	"RouteIDs" : "1,2,3,4,5,6,7,8,9,10,11,12,13,14,15,16,17,18,19,21,22,67"
},
{
	"ID" : 171,
	"Description" : "海盗宝藏-小鱼潮7",
	"RefreshRule" : "2,83000",
	"MoveType" : 2,
	"FishGroupID" : 1008,
	"TotalFishNum" : 1,
	"RouteIDs" : "1,2,3,4,5,6,7,8,9,10,11,12,13,14,15,16,17,18,19,21,22,67"
},
{
	"ID" : 172,
	"Description" : "海盗宝藏-小鱼潮8",
	"RefreshRule" : "2,97000",
	"MoveType" : 2,
	"FishGroupID" : 1004,
	"TotalFishNum" : 1,
	"RouteIDs" : "1,2,3,4,5,6,7,8,9,10,11,12,13,14,15,16,17,18,19,21,22,67"
},
{
	"ID" : 173,
	"Description" : "海盗宝藏-小鱼潮9",
	"RefreshRule" : "2,101000",
	"MoveType" : 2,
	"FishGroupID" : 1009,
	"TotalFishNum" : 1,
	"RouteIDs" : "1,2,3,4,5,6,7,8,9,10,11,12,13,14,15,16,17,18,19,21,22,67"
},
{
	"ID" : 174,
	"Description" : "海盗宝藏-小鱼潮10",
	"RefreshRule" : "2,113000",
	"MoveType" : 2,
	"FishGroupID" : 1010,
	"TotalFishNum" : 1,
	"RouteIDs" : "1,2,3,4,5,6,7,8,9,10,11,12,13,14,15,16,17,18,19,21,22,67"
},
{
	"ID" : 175,
	"Description" : "海盗宝藏-功能鱼群",
	"RefreshRule" : "1,5000",
	"MoveType" : 1,
	"FishGroupID" : 45,
	"TotalFishNum" : 3,
	"RouteIDs" : "52,54,55,56,57,58,59,60,61,62,63,64,65,66"
},
{
	"ID" : 176,
	"Description" : "海盗宝藏-宝箱鱼",
	"RefreshRule" : "2,180000",
	"MoveType" : 1,
	"FishGroupID" : 47,
	"TotalFishNum" : 1,
	"RouteIDs" : "52,54,55,56,57,58,59,60,61,62,63,64,65,66"
},
{
	"ID" : 177,
	"Description" : "海盗宝藏-刘关张",
	"RefreshRule" : "4",
	"MoveType" : 1,
	"FishGroupID" : 47,
	"TotalFishNum" : 1,
	"RouteIDs" : "118,121"
},
{
	"ID" : 178,
	"Description" : "海盗宝藏-舞狮",
	"RefreshRule" : "2,50000",
	"MoveType" : 1,
	"FishGroupID" : 49,
	"TotalFishNum" : 1,
	"RouteIDs" : "108,111"
},
{
	"ID" : 179,
	"Description" : "海盗宝藏-舞狮",
	"RefreshRule" : "4",
	"MoveType" : 1,
	"FishGroupID" : 49,
	"TotalFishNum" : 1,
	"RouteIDs" : "108,111"
},
{
	"ID" : 181,
	"Description" : "狐妖显世-小鱼群",
	"RefreshRule" : "1,5000",
	"MoveType" : 1,
	"FishGroupID" : 51,
	"TotalFishNum" : 5,
	"RouteIDs" : "1,2,3,4,5,6,7,8,9,10,11,12,13,14,15,16,17,18,19,21,22"
},
{
	"ID" : 182,
	"Description" : "狐妖显世-中鱼群",
	"RefreshRule" : "1,5000",
	"MoveType" : 1,
	"FishGroupID" : 52,
	"TotalFishNum" : 15,
	"RouteIDs" : "2,3,4,5,6,7,8,9,10,11,12,13,14,15,16"
},
{
	"ID" : 183,
	"Description" : "狐妖显世-转盘奖金群",
	"RefreshRule" : "1,5000",
	"MoveType" : 1,
	"FishGroupID" : 53,
	"TotalFishNum" : 1,
	"RouteIDs" : "52,54,55,56,57,58,59,60,61,62,63,64,65,66"
},
{
	"ID" : 184,
	"Description" : "狐妖显世-奖金群",
	"RefreshRule" : "1,5000",
	"MoveType" : 1,
	"FishGroupID" : 54,
	"TotalFishNum" : 6,
	"RouteIDs" : "52,54,55,56,57,58,59,60,61,62,63,64,65,66"
},
{
	"ID" : 185,
	"Description" : "狐妖显世-功能鱼群",
	"RefreshRule" : "1,5000",
	"MoveType" : 1,
	"FishGroupID" : 55,
	"TotalFishNum" : 3,
	"RouteIDs" : "52,54,55,56,57,58,59,60,61,62,63,64,65,66"
},
{
	"ID" : 186,
	"Description" : "狐妖显世-小boss群",
	"RefreshRule" : "2,120000",
	"MoveType" : 1,
	"FishGroupID" : 56,
	"TotalFishNum" : 1,
	"RouteIDs" : "107,108,109,110,111,112"
},
{
	"ID" : 187,
	"Description" : "狐妖显世-大boss群",
	"RefreshRule" : "3,3,50",
	"MoveType" : 1,
	"FishGroupID" : 59,
	"TotalFishNum" : 1,
	"RouteIDs" : "108,111"
},
{
	"ID" : 188,
	"Description" : "狐妖显世-刘关张",
	"RefreshRule" : "2,180000",
	"MoveType" : 1,
	"FishGroupID" : 57,
	"TotalFishNum" : 1,
	"RouteIDs" : "118,121"
},
{
	"ID" : 189,
	"Description" : "狐妖显世-小鱼潮1",
	"RefreshRule" : "2,23000",
	"MoveType" : 2,
	"FishGroupID" : 1005,
	"TotalFishNum" : 1,
	"RouteIDs" : "1,2,3,4,5,6,7,8,9,10,11,12,13,14,15,16,17,18,19,21,22,67"
},
{
	"ID" : 190,
	"Description" : "狐妖显世-小鱼潮3",
	"RefreshRule" : "2,47000",
	"MoveType" : 2,
	"FishGroupID" : 1006,
	"TotalFishNum" : 1,
	"RouteIDs" : "1,2,3,4,5,6,7,8,9,10,11,12,13,14,15,16,17,18,19,21,22,67"
},
{
	"ID" : 191,
	"Description" : "狐妖显世-小鱼潮7",
	"RefreshRule" : "2,83000",
	"MoveType" : 2,
	"FishGroupID" : 1008,
	"TotalFishNum" : 1,
	"RouteIDs" : "1,2,3,4,5,6,7,8,9,10,11,12,13,14,15,16,17,18,19,21,22,67"
},
{
	"ID" : 192,
	"Description" : "狐妖显世-小鱼潮8",
	"RefreshRule" : "2,97000",
	"MoveType" : 2,
	"FishGroupID" : 1004,
	"TotalFishNum" : 1,
	"RouteIDs" : "1,2,3,4,5,6,7,8,9,10,11,12,13,14,15,16,17,18,19,21,22,67"
},
{
	"ID" : 193,
	"Description" : "狐妖显世-小鱼潮10",
	"RefreshRule" : "2,113000",
	"MoveType" : 2,
	"FishGroupID" : 1010,
	"TotalFishNum" : 1,
	"RouteIDs" : "1,2,3,4,5,6,7,8,9,10,11,12,13,14,15,16,17,18,19,21,22,67"
},
{
	"ID" : 194,
	"Description" : "狐妖显世-功能鱼群",
	"RefreshRule" : "1,5000",
	"MoveType" : 1,
	"FishGroupID" : 55,
	"TotalFishNum" : 3,
	"RouteIDs" : "52,54,55,56,57,58,59,60,61,62,63,64,65,66"
},
{
	"ID" : 195,
	"Description" : "狐妖显世-宝箱鱼",
	"RefreshRule" : "2,180000",
	"MoveType" : 1,
	"FishGroupID" : 58,
	"TotalFishNum" : 1,
	"RouteIDs" : "52,54,55,56,57,58,59,60,61,62,63,64,65,66"
},
{
	"ID" : 196,
	"Description" : "狐妖显世-吕布",
	"RefreshRule" : "4",
	"MoveType" : 1,
	"FishGroupID" : 58,
	"TotalFishNum" : 1,
	"RouteIDs" : "124"
},
{
	"ID" : 197,
	"Description" : "海盗宝藏-舞狮",
	"RefreshRule" : "2,50000",
	"MoveType" : 1,
	"FishGroupID" : 60,
	"TotalFishNum" : 1,
	"RouteIDs" : "108,111"
},
{
	"ID" : 198,
	"Description" : "海盗宝藏-舞狮",
	"RefreshRule" : "4",
	"MoveType" : 1,
	"FishGroupID" : 60,
	"TotalFishNum" : 1,
	"RouteIDs" : "108,111"
},
{
	"ID" : 201,
	"Description" : "逐鹿三国-中鱼群",
	"RefreshRule" : "1,5000",
	"MoveType" : 1,
	"FishGroupID" : 71,
	"TotalFishNum" : 15,
	"RouteIDs" : "1,2,3,4,5,6,7,8,9,10,11,12,13,14,15,16,17,18,19,21,22"
},
{
	"ID" : 202,
	"Description" : "逐鹿三国-奖金群",
	"RefreshRule" : "1,5000",
	"MoveType" : 1,
	"FishGroupID" : 72,
	"TotalFishNum" : 5,
	"RouteIDs" : "2,3,4,5,6,7,8,9,10,11,12,13,14,15,16"
},
{
	"ID" : 203,
	"Description" : "逐鹿三国-功能鱼群",
	"RefreshRule" : "1,5000",
	"MoveType" : 1,
	"FishGroupID" : 73,
	"TotalFishNum" : 2,
	"RouteIDs" : "52,54,55,56,57,58,59,60,61,62,63,64,65,66"
},
{
	"ID" : 204,
	"Description" : "逐鹿三国-卡牌鱼",
	"RefreshRule" : "2,60000",
	"MoveType" : 1,
	"FishGroupID" : 74,
	"TotalFishNum" : 1,
	"RouteIDs" : "55,56,57,58,59,60,61,62,113,114,115,116"
},
{
	"ID" : 205,
	"Description" : "逐鹿三国-宝箱鱼",
	"RefreshRule" : "2,180000",
	"MoveType" : 1,
	"FishGroupID" : 75,
	"TotalFishNum" : 1,
	"RouteIDs" : "52,54,55,56,57,58,59,60,61,62,63,64,65,66"
},
{
	"ID" : 601,
	"Description" : "发泡泡",
	"RefreshRule" : "1,5000",
	"MoveType" : 1,
	"FishGroupID" : 2001,
	"TotalFishNum" : 1,
	"RouteIDs" : "127"
},
{
	"ID" : 602,
	"Description" : "发泡泡发散1",
	"RefreshRule" : "3,51,1",
	"MoveType" : 2,
	"FishGroupID" : 1500,
	"TotalFishNum" : 1
},
{
	"ID" : 603,
	"Description" : "发泡泡发散2",
	"RefreshRule" : "3,52,1",
	"MoveType" : 2,
	"FishGroupID" : 1510,
	"TotalFishNum" : 1
},
{
	"ID" : 604,
	"Description" : "发泡泡发散3",
	"RefreshRule" : "3,53,1",
	"MoveType" : 2,
	"FishGroupID" : 1520,
	"TotalFishNum" : 1
},
{
	"ID" : 605,
	"Description" : "财泡泡发散1",
	"RefreshRule" : "3,54,1",
	"MoveType" : 2,
	"FishGroupID" : 1530,
	"TotalFishNum" : 1
},
{
	"ID" : 606,
	"Description" : "财泡泡发散2",
	"RefreshRule" : "3,55,1",
	"MoveType" : 2,
	"FishGroupID" : 1540,
	"TotalFishNum" : 1
},
{
	"ID" : 607,
	"Description" : "财泡泡发散3",
	"RefreshRule" : "3,56,1",
	"MoveType" : 2,
	"FishGroupID" : 1550,
	"TotalFishNum" : 1
},
{
	"ID" : 608,
	"Description" : "财泡泡",
	"RefreshRule" : "1,5000",
	"MoveType" : 1,
	"FishGroupID" : 2002,
	"TotalFishNum" : 1,
	"RouteIDs" : "127"
},
{
	"ID" : 611,
	"Description" : "爱心接吻鱼潮",
	"RefreshRule" : "4",
	"MoveType" : 2,
	"FishGroupID" : 14597,
	"TotalFishNum" : 1
},
{
	"ID" : 612,
	"Description" : "爱心接吻鱼潮",
	"RefreshRule" : "4",
	"MoveType" : 2,
	"FishGroupID" : 14598,
	"TotalFishNum" : 1
},
{
	"ID" : 613,
	"Description" : "爱心接吻鱼潮",
	"RefreshRule" : "4",
	"MoveType" : 2,
	"FishGroupID" : 14599,
	"TotalFishNum" : 1
},
{
	"ID" : 1001,
	"Description" : "金币房-难度1-LV1",
	"RefreshRule" : "1,5000",
	"MoveType" : 1,
	"FishGroupID" : 101,
	"TotalFishNum" : 30,
	"RouteIDs" : "1,2,3,4,5,6,7,8,9,10,11,12,13,14,15,16,17,18,19,21,22,67"
},
{
	"ID" : 1002,
	"Description" : "金币房-难度1-LV2",
	"RefreshRule" : "3,101,5",
	"MoveType" : 1,
	"FishGroupID" : 102,
	"TotalFishNum" : 1,
	"RouteIDs" : "52,54,55,56,57,58,59,60,61,62,63,64,65,66"
},
{
	"ID" : 1003,
	"Description" : "金币房-难度1-LV3",
	"RefreshRule" : "3,102,4",
	"MoveType" : 1,
	"FishGroupID" : 103,
	"TotalFishNum" : 1,
	"RouteIDs" : "52,54,55,56,57,58,59,60,61,62,63,64,65,66"
},
{
	"ID" : 1004,
	"Description" : "金币房-难度1-LV4",
	"RefreshRule" : "3,103,3",
	"MoveType" : 1,
	"FishGroupID" : 104,
	"TotalFishNum" : 1,
	"RouteIDs" : "52,54,55,56,57,58,59,60,61,62,63,64,65,66"
},
{
	"ID" : 1005,
	"Description" : "金币房-难度1-LV5",
	"RefreshRule" : "3,104,2",
	"MoveType" : 1,
	"FishGroupID" : 105,
	"TotalFishNum" : 1,
	"RouteIDs" : "107,108,109,110,111,112"
},
{
	"ID" : 1101,
	"Description" : "金币房-难度2-LV1",
	"RefreshRule" : "1,5000",
	"MoveType" : 1,
	"FishGroupID" : 111,
	"TotalFishNum" : 30,
	"RouteIDs" : "1,2,3,4,5,6,7,8,9,10,11,12,13,14,15,16,17,18,19,21,22,67"
},
{
	"ID" : 1102,
	"Description" : "金币房-难度2-LV2",
	"RefreshRule" : "3,101,5",
	"MoveType" : 1,
	"FishGroupID" : 112,
	"TotalFishNum" : 1,
	"RouteIDs" : "52,54,55,56,57,58,59,60,61,62,63,64,65,66"
},
{
	"ID" : 1103,
	"Description" : "金币房-难度2-LV3",
	"RefreshRule" : "3,102,4",
	"MoveType" : 1,
	"FishGroupID" : 113,
	"TotalFishNum" : 1,
	"RouteIDs" : "52,54,55,56,57,58,59,60,61,62,63,64,65,66"
},
{
	"ID" : 1104,
	"Description" : "金币房-难度2-LV4",
	"RefreshRule" : "3,103,3",
	"MoveType" : 1,
	"FishGroupID" : 114,
	"TotalFishNum" : 1,
	"RouteIDs" : "52,54,55,56,57,58,59,60,61,62,63,64,65,66"
},
{
	"ID" : 1105,
	"Description" : "金币房-难度2-LV5",
	"RefreshRule" : "3,104,2",
	"MoveType" : 1,
	"FishGroupID" : 115,
	"TotalFishNum" : 1,
	"RouteIDs" : "107,108,109,110,111,112"
},
{
	"ID" : 1201,
	"Description" : "金币房-难度3-LV1",
	"RefreshRule" : "1,5000",
	"MoveType" : 1,
	"FishGroupID" : 121,
	"TotalFishNum" : 30,
	"RouteIDs" : "1,2,3,4,5,6,7,8,9,10,11,12,13,14,15,16,17,18,19,21,22,67"
},
{
	"ID" : 1202,
	"Description" : "金币房-难度3-LV2",
	"RefreshRule" : "3,101,5",
	"MoveType" : 1,
	"FishGroupID" : 122,
	"TotalFishNum" : 1,
	"RouteIDs" : "52,54,55,56,57,58,59,60,61,62,63,64,65,66"
},
{
	"ID" : 1203,
	"Description" : "金币房-难度3-LV3",
	"RefreshRule" : "3,102,4",
	"MoveType" : 1,
	"FishGroupID" : 123,
	"TotalFishNum" : 1,
	"RouteIDs" : "52,54,55,56,57,58,59,60,61,62,63,64,65,66"
},
{
	"ID" : 1204,
	"Description" : "金币房-难度3-LV4",
	"RefreshRule" : "3,103,3",
	"MoveType" : 1,
	"FishGroupID" : 124,
	"TotalFishNum" : 1,
	"RouteIDs" : "52,54,55,56,57,58,59,60,61,62,63,64,65,66"
},
{
	"ID" : 1205,
	"Description" : "金币房-难度3-LV5",
	"RefreshRule" : "3,104,2",
	"MoveType" : 1,
	"FishGroupID" : 125,
	"TotalFishNum" : 1,
	"RouteIDs" : "107,108,109,110,111,112"
},
{
	"ID" : 1301,
	"Description" : "金币房-难度4-LV1",
	"RefreshRule" : "1,5000",
	"MoveType" : 1,
	"FishGroupID" : 131,
	"TotalFishNum" : 30,
	"RouteIDs" : "1,2,3,4,5,6,7,8,9,10,11,12,13,14,15,16,17,18,19,21,22,67"
},
{
	"ID" : 1302,
	"Description" : "金币房-难度4-LV2",
	"RefreshRule" : "3,101,5",
	"MoveType" : 1,
	"FishGroupID" : 132,
	"TotalFishNum" : 1,
	"RouteIDs" : "52,54,55,56,57,58,59,60,61,62,63,64,65,66"
},
{
	"ID" : 1303,
	"Description" : "金币房-难度4-LV3",
	"RefreshRule" : "3,102,4",
	"MoveType" : 1,
	"FishGroupID" : 133,
	"TotalFishNum" : 1,
	"RouteIDs" : "52,54,55,56,57,58,59,60,61,62,63,64,65,66"
},
{
	"ID" : 1304,
	"Description" : "金币房-难度4-LV4",
	"RefreshRule" : "3,103,3",
	"MoveType" : 1,
	"FishGroupID" : 134,
	"TotalFishNum" : 1,
	"RouteIDs" : "52,54,55,56,57,58,59,60,61,62,63,64,65,66"
},
{
	"ID" : 1305,
	"Description" : "金币房-难度4-LV5",
	"RefreshRule" : "3,104,2",
	"MoveType" : 1,
	"FishGroupID" : 135,
	"TotalFishNum" : 1,
	"RouteIDs" : "107,108,109,110,111,112"
},
{
	"ID" : 2001,
	"Description" : "升星石场-难度1-LV1",
	"RefreshRule" : "1,5000",
	"MoveType" : 1,
	"FishGroupID" : 201,
	"TotalFishNum" : 30,
	"RouteIDs" : "1,2,3,4,5,6,7,8,9,10,11,12,13,14,15,16,17,18,19,21,22,67"
},
{
	"ID" : 2002,
	"Description" : "升星石场-难度1-LV2",
	"RefreshRule" : "3,101,5",
	"MoveType" : 1,
	"FishGroupID" : 202,
	"TotalFishNum" : 1,
	"RouteIDs" : "52,54,55,56,57,58,59,60,61,62,63,64,65,66"
},
{
	"ID" : 2003,
	"Description" : "升星石场-难度1-LV3",
	"RefreshRule" : "3,102,4",
	"MoveType" : 1,
	"FishGroupID" : 203,
	"TotalFishNum" : 1,
	"RouteIDs" : "52,54,55,56,57,58,59,60,61,62,63,64,65,66"
},
{
	"ID" : 2004,
	"Description" : "升星石场-难度1-LV4",
	"RefreshRule" : "3,103,3",
	"MoveType" : 1,
	"FishGroupID" : 204,
	"TotalFishNum" : 1,
	"RouteIDs" : "52,54,55,56,57,58,59,60,61,62,63,64,65,66"
},
{
	"ID" : 2005,
	"Description" : "升星石场-难度1-LV5",
	"RefreshRule" : "3,104,2",
	"MoveType" : 1,
	"FishGroupID" : 205,
	"TotalFishNum" : 1,
	"RouteIDs" : "107,108,109,110,111,112"
},
{
	"ID" : 2101,
	"Description" : "升星石场-难度2-LV1",
	"RefreshRule" : "1,5000",
	"MoveType" : 1,
	"FishGroupID" : 211,
	"TotalFishNum" : 30,
	"RouteIDs" : "1,2,3,4,5,6,7,8,9,10,11,12,13,14,15,16,17,18,19,21,22,67"
},
{
	"ID" : 2102,
	"Description" : "升星石场-难度2-LV2",
	"RefreshRule" : "3,101,5",
	"MoveType" : 1,
	"FishGroupID" : 212,
	"TotalFishNum" : 1,
	"RouteIDs" : "52,54,55,56,57,58,59,60,61,62,63,64,65,66"
},
{
	"ID" : 2103,
	"Description" : "升星石场-难度2-LV3",
	"RefreshRule" : "3,102,4",
	"MoveType" : 1,
	"FishGroupID" : 213,
	"TotalFishNum" : 1,
	"RouteIDs" : "52,54,55,56,57,58,59,60,61,62,63,64,65,66"
},
{
	"ID" : 2104,
	"Description" : "升星石场-难度2-LV4",
	"RefreshRule" : "3,103,3",
	"MoveType" : 1,
	"FishGroupID" : 214,
	"TotalFishNum" : 1,
	"RouteIDs" : "52,54,55,56,57,58,59,60,61,62,63,64,65,66"
},
{
	"ID" : 2105,
	"Description" : "升星石场-难度2-LV5",
	"RefreshRule" : "3,104,2",
	"MoveType" : 1,
	"FishGroupID" : 215,
	"TotalFishNum" : 1,
	"RouteIDs" : "107,108,109,110,111,112"
},
{
	"ID" : 2201,
	"Description" : "升星石场-难度3-LV1",
	"RefreshRule" : "1,5000",
	"MoveType" : 1,
	"FishGroupID" : 221,
	"TotalFishNum" : 30,
	"RouteIDs" : "1,2,3,4,5,6,7,8,9,10,11,12,13,14,15,16,17,18,19,21,22,67"
},
{
	"ID" : 2202,
	"Description" : "升星石场-难度3-LV2",
	"RefreshRule" : "3,101,5",
	"MoveType" : 1,
	"FishGroupID" : 222,
	"TotalFishNum" : 1,
	"RouteIDs" : "52,54,55,56,57,58,59,60,61,62,63,64,65,66"
},
{
	"ID" : 2203,
	"Description" : "升星石场-难度3-LV3",
	"RefreshRule" : "3,102,4",
	"MoveType" : 1,
	"FishGroupID" : 223,
	"TotalFishNum" : 1,
	"RouteIDs" : "52,54,55,56,57,58,59,60,61,62,63,64,65,66"
},
{
	"ID" : 2204,
	"Description" : "升星石场-难度3-LV4",
	"RefreshRule" : "3,103,3",
	"MoveType" : 1,
	"FishGroupID" : 224,
	"TotalFishNum" : 1,
	"RouteIDs" : "52,54,55,56,57,58,59,60,61,62,63,64,65,66"
},
{
	"ID" : 2205,
	"Description" : "升星石场-难度3-LV5",
	"RefreshRule" : "3,104,2",
	"MoveType" : 1,
	"FishGroupID" : 225,
	"TotalFishNum" : 1,
	"RouteIDs" : "107,108,109,110,111,112"
},
{
	"ID" : 2301,
	"Description" : "升星石场-难度4-LV1",
	"RefreshRule" : "1,5000",
	"MoveType" : 1,
	"FishGroupID" : 231,
	"TotalFishNum" : 30,
	"RouteIDs" : "1,2,3,4,5,6,7,8,9,10,11,12,13,14,15,16,17,18,19,21,22,67"
},
{
	"ID" : 2302,
	"Description" : "升星石场-难度4-LV2",
	"RefreshRule" : "3,101,5",
	"MoveType" : 1,
	"FishGroupID" : 232,
	"TotalFishNum" : 1,
	"RouteIDs" : "52,54,55,56,57,58,59,60,61,62,63,64,65,66"
},
{
	"ID" : 2303,
	"Description" : "升星石场-难度4-LV3",
	"RefreshRule" : "3,102,4",
	"MoveType" : 1,
	"FishGroupID" : 233,
	"TotalFishNum" : 1,
	"RouteIDs" : "52,54,55,56,57,58,59,60,61,62,63,64,65,66"
},
{
	"ID" : 2304,
	"Description" : "升星石场-难度4-LV4",
	"RefreshRule" : "3,103,3",
	"MoveType" : 1,
	"FishGroupID" : 234,
	"TotalFishNum" : 1,
	"RouteIDs" : "52,54,55,56,57,58,59,60,61,62,63,64,65,66"
},
{
	"ID" : 2305,
	"Description" : "升星石场-难度4-LV5",
	"RefreshRule" : "3,104,2",
	"MoveType" : 1,
	"FishGroupID" : 235,
	"TotalFishNum" : 1,
	"RouteIDs" : "107,108,109,110,111,112"
},
{
	"ID" : 3001,
	"Description" : "羽之精粹场-难度1-LV1",
	"RefreshRule" : "1,5000",
	"MoveType" : 1,
	"FishGroupID" : 301,
	"TotalFishNum" : 30,
	"RouteIDs" : "1,2,3,4,5,6,7,8,9,10,11,12,13,14,15,16,17,18,19,21,22,67"
},
{
	"ID" : 3002,
	"Description" : "羽之精粹场-难度1-LV2",
	"RefreshRule" : "3,101,5",
	"MoveType" : 1,
	"FishGroupID" : 302,
	"TotalFishNum" : 1,
	"RouteIDs" : "52,54,55,56,57,58,59,60,61,62,63,64,65,66"
},
{
	"ID" : 3003,
	"Description" : "羽之精粹场-难度1-LV3",
	"RefreshRule" : "3,102,4",
	"MoveType" : 1,
	"FishGroupID" : 303,
	"TotalFishNum" : 1,
	"RouteIDs" : "52,54,55,56,57,58,59,60,61,62,63,64,65,66"
},
{
	"ID" : 3004,
	"Description" : "羽之精粹场-难度1-LV4",
	"RefreshRule" : "3,103,3",
	"MoveType" : 1,
	"FishGroupID" : 304,
	"TotalFishNum" : 1,
	"RouteIDs" : "52,54,55,56,57,58,59,60,61,62,63,64,65,66"
},
{
	"ID" : 3005,
	"Description" : "羽之精粹场-难度1-LV5",
	"RefreshRule" : "3,104,2",
	"MoveType" : 1,
	"FishGroupID" : 305,
	"TotalFishNum" : 1,
	"RouteIDs" : "107,108,109,110,111,112"
},
{
	"ID" : 3101,
	"Description" : "羽之精粹场-难度2-LV1",
	"RefreshRule" : "1,5000",
	"MoveType" : 1,
	"FishGroupID" : 311,
	"TotalFishNum" : 30,
	"RouteIDs" : "1,2,3,4,5,6,7,8,9,10,11,12,13,14,15,16,17,18,19,21,22,67"
},
{
	"ID" : 3102,
	"Description" : "羽之精粹场-难度2-LV2",
	"RefreshRule" : "3,101,5",
	"MoveType" : 1,
	"FishGroupID" : 312,
	"TotalFishNum" : 1,
	"RouteIDs" : "52,54,55,56,57,58,59,60,61,62,63,64,65,66"
},
{
	"ID" : 3103,
	"Description" : "羽之精粹场-难度2-LV3",
	"RefreshRule" : "3,102,4",
	"MoveType" : 1,
	"FishGroupID" : 313,
	"TotalFishNum" : 1,
	"RouteIDs" : "52,54,55,56,57,58,59,60,61,62,63,64,65,66"
},
{
	"ID" : 3104,
	"Description" : "羽之精粹场-难度2-LV4",
	"RefreshRule" : "3,103,3",
	"MoveType" : 1,
	"FishGroupID" : 314,
	"TotalFishNum" : 1,
	"RouteIDs" : "52,54,55,56,57,58,59,60,61,62,63,64,65,66"
},
{
	"ID" : 3105,
	"Description" : "羽之精粹场-难度2-LV5",
	"RefreshRule" : "3,104,2",
	"MoveType" : 1,
	"FishGroupID" : 315,
	"TotalFishNum" : 1,
	"RouteIDs" : "107,108,109,110,111,112"
},
{
	"ID" : 3201,
	"Description" : "羽之精粹场-难度3-LV1",
	"RefreshRule" : "1,5000",
	"MoveType" : 1,
	"FishGroupID" : 321,
	"TotalFishNum" : 30,
	"RouteIDs" : "1,2,3,4,5,6,7,8,9,10,11,12,13,14,15,16,17,18,19,21,22,67"
},
{
	"ID" : 3202,
	"Description" : "羽之精粹场-难度3-LV2",
	"RefreshRule" : "3,101,5",
	"MoveType" : 1,
	"FishGroupID" : 322,
	"TotalFishNum" : 1,
	"RouteIDs" : "52,54,55,56,57,58,59,60,61,62,63,64,65,66"
},
{
	"ID" : 3203,
	"Description" : "羽之精粹场-难度3-LV3",
	"RefreshRule" : "3,102,4",
	"MoveType" : 1,
	"FishGroupID" : 323,
	"TotalFishNum" : 1,
	"RouteIDs" : "52,54,55,56,57,58,59,60,61,62,63,64,65,66"
},
{
	"ID" : 3204,
	"Description" : "羽之精粹场-难度3-LV4",
	"RefreshRule" : "3,103,3",
	"MoveType" : 1,
	"FishGroupID" : 324,
	"TotalFishNum" : 1,
	"RouteIDs" : "52,54,55,56,57,58,59,60,61,62,63,64,65,66"
},
{
	"ID" : 3205,
	"Description" : "羽之精粹场-难度3-LV5",
	"RefreshRule" : "3,104,2",
	"MoveType" : 1,
	"FishGroupID" : 325,
	"TotalFishNum" : 1,
	"RouteIDs" : "107,108,109,110,111,112"
},
{
	"ID" : 3301,
	"Description" : "羽之精粹场-难度4-LV1",
	"RefreshRule" : "1,5000",
	"MoveType" : 1,
	"FishGroupID" : 331,
	"TotalFishNum" : 30,
	"RouteIDs" : "1,2,3,4,5,6,7,8,9,10,11,12,13,14,15,16,17,18,19,21,22,67"
},
{
	"ID" : 3302,
	"Description" : "羽之精粹场-难度4-LV2",
	"RefreshRule" : "3,101,5",
	"MoveType" : 1,
	"FishGroupID" : 332,
	"TotalFishNum" : 1,
	"RouteIDs" : "52,54,55,56,57,58,59,60,61,62,63,64,65,66"
},
{
	"ID" : 3303,
	"Description" : "羽之精粹场-难度4-LV3",
	"RefreshRule" : "3,102,4",
	"MoveType" : 1,
	"FishGroupID" : 333,
	"TotalFishNum" : 1,
	"RouteIDs" : "52,54,55,56,57,58,59,60,61,62,63,64,65,66"
},
{
	"ID" : 3304,
	"Description" : "羽之精粹场-难度4-LV4",
	"RefreshRule" : "3,103,3",
	"MoveType" : 1,
	"FishGroupID" : 334,
	"TotalFishNum" : 1,
	"RouteIDs" : "52,54,55,56,57,58,59,60,61,62,63,64,65,66"
},
{
	"ID" : 3305,
	"Description" : "羽之精粹场-难度4-LV5",
	"RefreshRule" : "3,104,2",
	"MoveType" : 1,
	"FishGroupID" : 335,
	"TotalFishNum" : 1,
	"RouteIDs" : "107,108,109,110,111,112"
},
{
	"ID" : 4001,
	"Description" : "竞技场-LV1",
	"RefreshRule" : "1,5000",
	"MoveType" : 1,
	"FishGroupID" : 1001,
	"TotalFishNum" : 30,
	"RouteIDs" : "1,2,3,4,5,6,7,8,9,10,11,12,13,14,15,16,17,20,21,23"
},
{
	"ID" : 4002,
	"Description" : "竞技场-LV2",
	"RefreshRule" : "3,101,5",
	"MoveType" : 1,
	"FishGroupID" : 1002,
	"TotalFishNum" : 1,
	"RouteIDs" : "52,54,55,56,57,58,59,60,61,62,63,64,65,66"
},
{
	"ID" : 4003,
	"Description" : "竞技场-LV3",
	"RefreshRule" : "3,102,5",
	"MoveType" : 1,
	"FishGroupID" : 1003,
	"TotalFishNum" : 1,
	"RouteIDs" : "52,54,55,56,57,58,59,60,61,62,63,64,65,66"
},
{
	"ID" : 4004,
	"Description" : "竞技场-LV4",
	"RefreshRule" : "3,103,3",
	"MoveType" : 1,
	"FishGroupID" : 1004,
	"TotalFishNum" : 1,
	"RouteIDs" : "52,54,55,56,57,58,59,60,61,62,63,64,65,66"
},
{
	"ID" : 4005,
	"Description" : "竞技场-LV5",
	"RefreshRule" : "3,104,2",
	"MoveType" : 1,
	"FishGroupID" : 1005,
	"TotalFishNum" : 1,
	"RouteIDs" : "107,108,109,110,111,112"
},
{
	"ID" : 4006,
	"Description" : "竞技场-双倍时间",
	"DelayTime" : 55000,
	"RefreshRule" : "4",
	"MoveType" : 1,
	"FishGroupID" : 1006,
	"TotalFishNum" : 2,
	"RouteIDs" : "52,54,55,56,57,58,59,60,61,62,63,64,65,66"
},
{
	"ID" : 4007,
	"Description" : "竞技场-双倍时间",
	"DelayTime" : 65000,
	"RefreshRule" : "4",
	"MoveType" : 1,
	"FishGroupID" : 1006,
	"TotalFishNum" : 2,
	"RouteIDs" : "52,54,55,56,57,58,59,60,61,62,63,64,65,66"
},
{
	"ID" : 4008,
	"Description" : "竞技场-双倍时间",
	"DelayTime" : 75000,
	"RefreshRule" : "4",
	"MoveType" : 1,
	"FishGroupID" : 1006,
	"TotalFishNum" : 2,
	"RouteIDs" : "52,54,55,56,57,58,59,60,61,62,63,64,65,66"
},
{
	"ID" : 4009,
	"Description" : "竞技场-双倍时间",
	"DelayTime" : 85000,
	"RefreshRule" : "4",
	"MoveType" : 1,
	"FishGroupID" : 1006,
	"TotalFishNum" : 2,
	"RouteIDs" : "52,54,55,56,57,58,59,60,61,62,63,64,65,66"
},
{
	"ID" : 4010,
	"Description" : "竞技场-双倍时间",
	"DelayTime" : 95000,
	"RefreshRule" : "4",
	"MoveType" : 1,
	"FishGroupID" : 1006,
	"TotalFishNum" : 2,
	"RouteIDs" : "52,54,55,56,57,58,59,60,61,62,63,64,65,66"
},
{
	"ID" : 4011,
	"Description" : "竞技场-三倍时间",
	"DelayTime" : 240000,
	"RefreshRule" : "2,10000",
	"MoveType" : 1,
	"FishGroupID" : 1004,
	"TotalFishNum" : 1,
	"RouteIDs" : "52,54,55,56,57,58,59,60,61,62,63,64,65,66"
},
{
	"ID" : 5001,
	"Description" : "鱼潮1",
	"RefreshRule" : "4",
	"MoveType" : 2,
	"FishGroupID" : 4000,
	"TotalFishNum" : 1
},
{
	"ID" : 5002,
	"Description" : "鱼潮2",
	"RefreshRule" : "4",
	"MoveType" : 2,
	"FishGroupID" : 4010,
	"TotalFishNum" : 1
},
{
	"ID" : 5003,
	"Description" : "鱼潮3",
	"RefreshRule" : "4",
	"MoveType" : 2,
	"FishGroupID" : 4020,
	"TotalFishNum" : 1
},
{
	"ID" : 5004,
	"Description" : "鱼潮4",
	"RefreshRule" : "4",
	"MoveType" : 2,
	"FishGroupID" : 4030,
	"TotalFishNum" : 1
},
{
	"ID" : 5005,
	"Description" : "鱼潮5",
	"RefreshRule" : "4",
	"MoveType" : 2,
	"FishGroupID" : 4040,
	"TotalFishNum" : 1
},
{
	"ID" : 5006,
	"Description" : "鱼潮5，boss，奖金乌贼",
	"RefreshRule" : "3,101,100",
	"MoveType" : 1,
	"FishGroupID" : 401,
	"TotalFishNum" : 1,
	"RouteIDs" : "107,108,109,110,111,112"
},
{
	"ID" : 5007,
	"Description" : "鱼潮6",
	"RefreshRule" : "4",
	"MoveType" : 2,
	"FishGroupID" : 4599,
	"TotalFishNum" : 1
},
{
	"ID" : 5008,
	"Description" : "鱼潮7",
	"RefreshRule" : "4",
	"MoveType" : 2,
	"FishGroupID" : 4599,
	"TotalFishNum" : 1
},
{
	"ID" : 5009,
	"Description" : "鱼潮8",
	"RefreshRule" : "4",
	"MoveType" : 2,
	"FishGroupID" : 4599,
	"TotalFishNum" : 1
},
{
	"ID" : 5010,
	"Description" : "鱼潮9",
	"RefreshRule" : "4",
	"MoveType" : 2,
	"FishGroupID" : 4599,
	"TotalFishNum" : 1
},
{
	"ID" : 5011,
	"Description" : "鱼潮10",
	"RefreshRule" : "4",
	"MoveType" : 2,
	"FishGroupID" : 4599,
	"TotalFishNum" : 1
},
{
	"ID" : 5012,
	"Description" : "鱼潮10，boss，霸王",
	"RefreshRule" : "3,101,200",
	"MoveType" : 1,
	"FishGroupID" : 417,
	"TotalFishNum" : 1,
	"RouteIDs" : "107,108,109,110,111,112"
},
{
	"ID" : 5013,
	"Description" : "鱼潮11",
	"RefreshRule" : "4",
	"MoveType" : 2,
	"FishGroupID" : 4050,
	"TotalFishNum" : 1
},
{
	"ID" : 5014,
	"Description" : "鱼潮12",
	"RefreshRule" : "4",
	"MoveType" : 2,
	"FishGroupID" : 4051,
	"TotalFishNum" : 1
},
{
	"ID" : 5015,
	"Description" : "鱼潮13",
	"RefreshRule" : "4",
	"MoveType" : 2,
	"FishGroupID" : 4052,
	"TotalFishNum" : 1
},
{
	"ID" : 5016,
	"Description" : "鱼潮14",
	"RefreshRule" : "4",
	"MoveType" : 2,
	"FishGroupID" : 4053,
	"TotalFishNum" : 1
},
{
	"ID" : 5017,
	"Description" : "鱼潮15",
	"RefreshRule" : "4",
	"MoveType" : 2,
	"FishGroupID" : 4054,
	"TotalFishNum" : 1
},
{
	"ID" : 5018,
	"Description" : "鱼潮15，boss，独行龟王",
	"RefreshRule" : "3,103,10",
	"MoveType" : 1,
	"FishGroupID" : 410,
	"TotalFishNum" : 1,
	"RouteIDs" : "107,108,109,110,111,112"
},
{
	"ID" : 5019,
	"Description" : "鱼潮16",
	"RefreshRule" : "4",
	"MoveType" : 2,
	"FishGroupID" : 4299,
	"TotalFishNum" : 1
},
{
	"ID" : 5020,
	"Description" : "鱼潮17",
	"RefreshRule" : "4",
	"MoveType" : 2,
	"FishGroupID" : 4299,
	"TotalFishNum" : 1
},
{
	"ID" : 5021,
	"Description" : "鱼潮18",
	"RefreshRule" : "4",
	"MoveType" : 2,
	"FishGroupID" : 4299,
	"TotalFishNum" : 1
},
{
	"ID" : 5022,
	"Description" : "鱼潮19",
	"RefreshRule" : "4",
	"MoveType" : 2,
	"FishGroupID" : 4299,
	"TotalFishNum" : 1
},
{
	"ID" : 5023,
	"Description" : "鱼潮20",
	"RefreshRule" : "4",
	"MoveType" : 2,
	"FishGroupID" : 4299,
	"TotalFishNum" : 1
},
{
	"ID" : 5024,
	"Description" : "鱼潮20，boss，冷面蟹将",
	"RefreshRule" : "3,103,10",
	"MoveType" : 1,
	"FishGroupID" : 412,
	"TotalFishNum" : 1,
	"RouteIDs" : "107,108,109,110,111,112"
},
{
	"ID" : 5025,
	"Description" : "鱼泡泡1-1",
	"RefreshRule" : "4",
	"MoveType" : 1,
	"FishGroupID" : 402,
	"TotalFishNum" : 1,
	"RouteIDs" : "208"
},
{
	"ID" : 5026,
	"Description" : "鱼泡泡1-2",
	"RefreshRule" : "4",
	"MoveType" : 1,
	"FishGroupID" : 403,
	"TotalFishNum" : 1,
	"RouteIDs" : "209"
},
{
	"ID" : 5027,
	"Description" : "鱼泡泡1-3",
	"RefreshRule" : "4",
	"MoveType" : 1,
	"FishGroupID" : 404,
	"TotalFishNum" : 1,
	"RouteIDs" : "210"
},
{
	"ID" : 5028,
	"Description" : "鱼泡泡1-1",
	"RefreshRule" : "2,30000",
	"MoveType" : 1,
	"FishGroupID" : 402,
	"TotalFishNum" : 1,
	"RouteIDs" : "208"
},
{
	"ID" : 5029,
	"Description" : "鱼泡泡1-2",
	"RefreshRule" : "2,30000",
	"MoveType" : 1,
	"FishGroupID" : 403,
	"TotalFishNum" : 1,
	"RouteIDs" : "209"
},
{
	"ID" : 5030,
	"Description" : "鱼泡泡1-3",
	"RefreshRule" : "2,30000",
	"MoveType" : 1,
	"FishGroupID" : 404,
	"TotalFishNum" : 1,
	"RouteIDs" : "210"
},
{
	"ID" : 5031,
	"Description" : "扩散1",
	"RefreshRule" : "3,105,1",
	"MoveType" : 2,
	"FishGroupID" : 4150,
	"TotalFishNum" : 1
},
{
	"ID" : 5032,
	"Description" : "扩散2",
	"RefreshRule" : "3,106,1",
	"MoveType" : 2,
	"FishGroupID" : 4160,
	"TotalFishNum" : 1
},
{
	"ID" : 5033,
	"Description" : "扩散3",
	"RefreshRule" : "3,107,1",
	"MoveType" : 2,
	"FishGroupID" : 4170,
	"TotalFishNum" : 1
},
{
	"ID" : 5034,
	"Description" : "鱼潮25，boss，利齿灯笼",
	"RefreshRule" : "3,103,20",
	"MoveType" : 1,
	"FishGroupID" : 416,
	"TotalFishNum" : 1,
	"RouteIDs" : "107,108,109,110,111,112"
},
{
	"ID" : 5035,
	"Description" : "鱼泡泡2-1",
	"RefreshRule" : "4",
	"MoveType" : 1,
	"FishGroupID" : 405,
	"TotalFishNum" : 1,
	"RouteIDs" : "208"
},
{
	"ID" : 5036,
	"Description" : "鱼泡泡2-2",
	"RefreshRule" : "4",
	"MoveType" : 1,
	"FishGroupID" : 406,
	"TotalFishNum" : 1,
	"RouteIDs" : "209"
},
{
	"ID" : 5037,
	"Description" : "鱼泡泡2-3",
	"RefreshRule" : "4",
	"MoveType" : 1,
	"FishGroupID" : 407,
	"TotalFishNum" : 1,
	"RouteIDs" : "210"
},
{
	"ID" : 5038,
	"Description" : "鱼泡泡2-1",
	"RefreshRule" : "2,30000",
	"MoveType" : 1,
	"FishGroupID" : 405,
	"TotalFishNum" : 1,
	"RouteIDs" : "208"
},
{
	"ID" : 5039,
	"Description" : "鱼泡泡2-2",
	"RefreshRule" : "2,30000",
	"MoveType" : 1,
	"FishGroupID" : 406,
	"TotalFishNum" : 1,
	"RouteIDs" : "209"
},
{
	"ID" : 5040,
	"Description" : "鱼泡泡2-3",
	"RefreshRule" : "2,30000",
	"MoveType" : 1,
	"FishGroupID" : 407,
	"TotalFishNum" : 1,
	"RouteIDs" : "210"
},
{
	"ID" : 5041,
	"Description" : "扩散1",
	"RefreshRule" : "3,108,1",
	"MoveType" : 2,
	"FishGroupID" : 4180,
	"TotalFishNum" : 1
},
{
	"ID" : 5042,
	"Description" : "扩散2",
	"RefreshRule" : "3,109,1",
	"MoveType" : 2,
	"FishGroupID" : 4190,
	"TotalFishNum" : 1
},
{
	"ID" : 5043,
	"Description" : "扩散3",
	"RefreshRule" : "3,110,1",
	"MoveType" : 2,
	"FishGroupID" : 4200,
	"TotalFishNum" : 1
},
{
	"ID" : 5044,
	"Description" : "鱼潮30，boss，贪婪狂鲨",
	"RefreshRule" : "3,103,10",
	"MoveType" : 1,
	"FishGroupID" : 411,
	"TotalFishNum" : 1,
	"RouteIDs" : "107,108,109,110,111,112"
},
{
	"ID" : 5045,
	"Description" : "发泡泡1",
	"RefreshRule" : "4",
	"MoveType" : 1,
	"FishGroupID" : 418,
	"TotalFishNum" : 1,
	"RouteIDs" : "208"
},
{
	"ID" : 5046,
	"Description" : "发泡泡2",
	"RefreshRule" : "4",
	"MoveType" : 1,
	"FishGroupID" : 419,
	"TotalFishNum" : 1,
	"RouteIDs" : "209"
},
{
	"ID" : 5047,
	"Description" : "发泡泡3",
	"RefreshRule" : "4",
	"MoveType" : 1,
	"FishGroupID" : 420,
	"TotalFishNum" : 1,
	"RouteIDs" : "210"
},
{
	"ID" : 5048,
	"Description" : "发泡泡1",
	"RefreshRule" : "2,30000",
	"MoveType" : 1,
	"FishGroupID" : 418,
	"TotalFishNum" : 1,
	"RouteIDs" : "208"
},
{
	"ID" : 5049,
	"Description" : "发泡泡2",
	"RefreshRule" : "2,30000",
	"MoveType" : 1,
	"FishGroupID" : 419,
	"TotalFishNum" : 1,
	"RouteIDs" : "209"
},
{
	"ID" : 5050,
	"Description" : "发泡泡3",
	"RefreshRule" : "2,30000",
	"MoveType" : 1,
	"FishGroupID" : 420,
	"TotalFishNum" : 1,
	"RouteIDs" : "210"
},
{
	"ID" : 5051,
	"Description" : "发泡泡旋转1",
	"RefreshRule" : "3,111,1",
	"MoveType" : 2,
	"FishGroupID" : 4210,
	"TotalFishNum" : 1
},
{
	"ID" : 5052,
	"Description" : "发泡泡旋转2",
	"RefreshRule" : "3,112,1",
	"MoveType" : 2,
	"FishGroupID" : 4220,
	"TotalFishNum" : 1
},
{
	"ID" : 5053,
	"Description" : "发泡泡旋转3",
	"RefreshRule" : "3,113,1",
	"MoveType" : 2,
	"FishGroupID" : 4230,
	"TotalFishNum" : 1
},
{
	"ID" : 5054,
	"Description" : "财泡泡1",
	"RefreshRule" : "4",
	"MoveType" : 1,
	"FishGroupID" : 421,
	"TotalFishNum" : 1,
	"RouteIDs" : "211"
},
{
	"ID" : 5055,
	"Description" : "财泡泡2",
	"RefreshRule" : "4",
	"MoveType" : 1,
	"FishGroupID" : 422,
	"TotalFishNum" : 1,
	"RouteIDs" : "212"
},
{
	"ID" : 5056,
	"Description" : "财泡泡3",
	"RefreshRule" : "4",
	"MoveType" : 1,
	"FishGroupID" : 423,
	"TotalFishNum" : 1,
	"RouteIDs" : "213"
},
{
	"ID" : 5057,
	"Description" : "财泡泡1",
	"RefreshRule" : "2,30000",
	"MoveType" : 1,
	"FishGroupID" : 421,
	"TotalFishNum" : 1,
	"RouteIDs" : "211"
},
{
	"ID" : 5058,
	"Description" : "财泡泡2",
	"RefreshRule" : "2,30000",
	"MoveType" : 1,
	"FishGroupID" : 422,
	"TotalFishNum" : 1,
	"RouteIDs" : "212"
},
{
	"ID" : 5059,
	"Description" : "财泡泡3",
	"RefreshRule" : "2,30000",
	"MoveType" : 1,
	"FishGroupID" : 423,
	"TotalFishNum" : 1,
	"RouteIDs" : "213"
},
{
	"ID" : 5060,
	"Description" : "财泡泡旋转1",
	"RefreshRule" : "3,114,1",
	"MoveType" : 2,
	"FishGroupID" : 4240,
	"TotalFishNum" : 1
},
{
	"ID" : 5061,
	"Description" : "财泡泡旋转2",
	"RefreshRule" : "3,115,1",
	"MoveType" : 2,
	"FishGroupID" : 4250,
	"TotalFishNum" : 1
},
{
	"ID" : 5062,
	"Description" : "财泡泡旋转3",
	"RefreshRule" : "3,116,1",
	"MoveType" : 2,
	"FishGroupID" : 4260,
	"TotalFishNum" : 1
},
{
	"ID" : 5063,
	"Description" : "发泡泡1",
	"RefreshRule" : "4",
	"MoveType" : 1,
	"FishGroupID" : 418,
	"TotalFishNum" : 1,
	"RouteIDs" : "208"
},
{
	"ID" : 5064,
	"Description" : "发泡泡2",
	"RefreshRule" : "4",
	"MoveType" : 1,
	"FishGroupID" : 419,
	"TotalFishNum" : 1,
	"RouteIDs" : "209"
},
{
	"ID" : 5065,
	"Description" : "发泡泡3",
	"RefreshRule" : "4",
	"MoveType" : 1,
	"FishGroupID" : 420,
	"TotalFishNum" : 1,
	"RouteIDs" : "210"
},
{
	"ID" : 5066,
	"Description" : "财泡泡1",
	"RefreshRule" : "4",
	"MoveType" : 1,
	"FishGroupID" : 421,
	"TotalFishNum" : 1,
	"RouteIDs" : "211"
},
{
	"ID" : 5067,
	"Description" : "财泡泡2",
	"RefreshRule" : "4",
	"MoveType" : 1,
	"FishGroupID" : 422,
	"TotalFishNum" : 1,
	"RouteIDs" : "212"
},
{
	"ID" : 5068,
	"Description" : "财泡泡3",
	"RefreshRule" : "4",
	"MoveType" : 1,
	"FishGroupID" : 423,
	"TotalFishNum" : 1,
	"RouteIDs" : "213"
},
{
	"ID" : 5069,
	"Description" : "鱼潮35，boss，招财金蟾",
	"RefreshRule" : "3,103,6",
	"MoveType" : 1,
	"FishGroupID" : 415,
	"TotalFishNum" : 1,
	"RouteIDs" : "107,108,109,110,111,112"
},
{
	"ID" : 5070,
	"Description" : "发泡泡1",
	"RefreshRule" : "4",
	"MoveType" : 1,
	"FishGroupID" : 418,
	"TotalFishNum" : 1,
	"RouteIDs" : "214"
},
{
	"ID" : 5071,
	"Description" : "发泡泡2",
	"RefreshRule" : "4",
	"MoveType" : 1,
	"FishGroupID" : 419,
	"TotalFishNum" : 1,
	"RouteIDs" : "215"
},
{
	"ID" : 5072,
	"Description" : "发泡泡3",
	"RefreshRule" : "4",
	"MoveType" : 1,
	"FishGroupID" : 420,
	"TotalFishNum" : 1,
	"RouteIDs" : "216"
},
{
	"ID" : 5073,
	"Description" : "财泡泡1",
	"RefreshRule" : "4",
	"MoveType" : 1,
	"FishGroupID" : 421,
	"TotalFishNum" : 1,
	"RouteIDs" : "217"
},
{
	"ID" : 5074,
	"Description" : "财泡泡2",
	"RefreshRule" : "4",
	"MoveType" : 1,
	"FishGroupID" : 422,
	"TotalFishNum" : 1,
	"RouteIDs" : "218"
},
{
	"ID" : 5075,
	"Description" : "财泡泡3",
	"RefreshRule" : "4",
	"MoveType" : 1,
	"FishGroupID" : 423,
	"TotalFishNum" : 1,
	"RouteIDs" : "219"
},
{
	"ID" : 5076,
	"Description" : "鱼潮36，boss，珍珠扇贝",
	"RefreshRule" : "3,103,6",
	"MoveType" : 2,
	"FishGroupID" : 4280,
	"TotalFishNum" : 1,
	"RouteIDs" : "107,108,109,110,111,112"
},
{
	"ID" : 5077,
	"Description" : "鱼潮31",
	"RefreshRule" : "4",
	"MoveType" : 2,
	"FishGroupID" : 5840,
	"TotalFishNum" : 1
},
{
	"ID" : 5078,
	"Description" : "鱼潮32",
	"RefreshRule" : "4",
	"MoveType" : 2,
	"FishGroupID" : 5841,
	"TotalFishNum" : 1
},
{
	"ID" : 5079,
	"Description" : "鱼潮33",
	"RefreshRule" : "4",
	"MoveType" : 2,
	"FishGroupID" : 6299,
	"TotalFishNum" : 1
},
{
	"ID" : 5080,
	"Description" : "鱼潮34",
	"RefreshRule" : "4",
	"MoveType" : 2,
	"FishGroupID" : 5843,
	"TotalFishNum" : 1
},
{
	"ID" : 5081,
	"Description" : "鱼潮35",
	"RefreshRule" : "4",
	"MoveType" : 2,
	"FishGroupID" : 5844,
	"TotalFishNum" : 1
},
{
	"ID" : 5082,
	"Description" : "炸弹",
	"RefreshRule" : "1,5000",
	"MoveType" : 1,
	"FishGroupID" : 424,
	"TotalFishNum" : 1,
	"RouteIDs" : "52,54,55,56,57,58,59,60,61,62,63,64,65,66"
},
{
	"ID" : 5083,
	"Description" : "鱼潮26",
	"RefreshRule" : "4",
	"MoveType" : 2,
	"FishGroupID" : 6300,
	"TotalFishNum" : 1
},
{
	"ID" : 5084,
	"Description" : "鱼潮27",
	"RefreshRule" : "4",
	"MoveType" : 2,
	"FishGroupID" : 6300,
	"TotalFishNum" : 1
},
{
	"ID" : 5085,
	"Description" : "鱼潮28",
	"RefreshRule" : "4",
	"MoveType" : 2,
	"FishGroupID" : 6300,
	"TotalFishNum" : 1
},
{
	"ID" : 5086,
	"Description" : "鱼潮29",
	"RefreshRule" : "4",
	"MoveType" : 2,
	"FishGroupID" : 6300,
	"TotalFishNum" : 1
},
{
	"ID" : 5087,
	"Description" : "鱼潮30",
	"RefreshRule" : "4",
	"MoveType" : 2,
	"FishGroupID" : 6300,
	"TotalFishNum" : 1
},
{
	"ID" : 5088,
	"Description" : "炸弹",
	"RefreshRule" : "1,5000",
	"MoveType" : 1,
	"FishGroupID" : 424,
	"TotalFishNum" : 2,
	"RouteIDs" : "52,54,55,56,57,58,59,60,61,62,63,64,65,66"
},
{
	"ID" : 6001,
	"Description" : "活动-小鱼群",
	"RefreshRule" : "1,5000",
	"MoveType" : 1,
	"FishGroupID" : 21,
	"TotalFishNum" : 5,
	"RouteIDs" : "1,2,3,4,5,6,7,8,9,10,11,12,13,14,15,16,17,18,19,21,22"
},
{
	"ID" : 6002,
	"Description" : "活动-中鱼群",
	"RefreshRule" : "1,5000",
	"MoveType" : 1,
	"FishGroupID" : 22,
	"TotalFishNum" : 8,
	"RouteIDs" : "2,3,4,5,6,7,8,9,10,11,12,13,14,15,16"
},
{
	"ID" : 6003,
	"Description" : "活动-转盘奖金群",
	"RefreshRule" : "1,5000",
	"MoveType" : 1,
	"FishGroupID" : 23,
	"TotalFishNum" : 1,
	"RouteIDs" : "52,54,55,56,57,58,59,60,61,62,63,64,65,66"
},
{
	"ID" : 6004,
	"Description" : "活动-奖金群",
	"RefreshRule" : "1,5000",
	"MoveType" : 1,
	"FishGroupID" : 24,
	"TotalFishNum" : 3,
	"RouteIDs" : "52,54,55,56,57,58,59,60,61,62,63,64,65,66"
},
{
	"ID" : 6005,
	"Description" : "活动-功能鱼群",
	"RefreshRule" : "1,5000",
	"MoveType" : 1,
	"FishGroupID" : 25,
	"TotalFishNum" : 1,
	"RouteIDs" : "52,54,55,56,57,58,59,60,61,62,63,64,65,66"
},
{
	"ID" : 6006,
	"Description" : "活动-小boss群",
	"RefreshRule" : "2,70000",
	"MoveType" : 1,
	"FishGroupID" : 26,
	"TotalFishNum" : 1,
	"RouteIDs" : "107,108,109,110,111,112"
},
{
	"ID" : 6007,
	"Description" : "活动-小鱼潮2",
	"RefreshRule" : "2,37000",
	"MoveType" : 2,
	"FishGroupID" : 1001,
	"TotalFishNum" : 1,
	"RouteIDs" : "1,2,3,4,5,6,7,8,9,10,11,12,13,14,15,16,17,18,19,21,22,67"
},
{
	"ID" : 6008,
	"Description" : "活动-小鱼潮3",
	"RefreshRule" : "2,47000",
	"MoveType" : 2,
	"FishGroupID" : 1006,
	"TotalFishNum" : 1,
	"RouteIDs" : "1,2,3,4,5,6,7,8,9,10,11,12,13,14,15,16,17,18,19,21,22,67"
},
{
	"ID" : 6009,
	"Description" : "活动-小鱼潮4",
	"RefreshRule" : "2,53000",
	"MoveType" : 2,
	"FishGroupID" : 1002,
	"TotalFishNum" : 1,
	"RouteIDs" : "1,2,3,4,5,6,7,8,9,10,11,12,13,14,15,16,17,18,19,21,22,67"
},
{
	"ID" : 6010,
	"Description" : "活动-小鱼潮5",
	"RefreshRule" : "2,67000",
	"MoveType" : 2,
	"FishGroupID" : 1007,
	"TotalFishNum" : 1,
	"RouteIDs" : "1,2,3,4,5,6,7,8,9,10,11,12,13,14,15,16,17,18,19,21,22,67"
},
{
	"ID" : 6011,
	"Description" : "活动-小鱼潮6",
	"RefreshRule" : "2,71000",
	"MoveType" : 2,
	"FishGroupID" : 1003,
	"TotalFishNum" : 1,
	"RouteIDs" : "1,2,3,4,5,6,7,8,9,10,11,12,13,14,15,16,17,18,19,21,22,67"
},
{
	"ID" : 6012,
	"Description" : "活动-小鱼潮7",
	"RefreshRule" : "2,83000",
	"MoveType" : 2,
	"FishGroupID" : 1008,
	"TotalFishNum" : 1,
	"RouteIDs" : "1,2,3,4,5,6,7,8,9,10,11,12,13,14,15,16,17,18,19,21,22,67"
},
{
	"ID" : 6013,
	"Description" : "活动-玉玺",
	"RefreshRule" : "1,5000",
	"MoveType" : 1,
	"FishGroupID" : 10001,
	"TotalFishNum" : 1,
	"RouteIDs" : "1,2,3,4,5,6,7,8,9,10,11,12,13,14,15,16,17,18,19,21,22,67,107,108,109,110,111,112"
},
{
	"ID" : 6014,
	"Description" : "活动-聚宝盆",
	"RefreshRule" : "1,5000",
	"MoveType" : 1,
	"FishGroupID" : 10002,
	"TotalFishNum" : 1,
	"RouteIDs" : "1,2,3,4,5,6,7,8,9,10,11,12,13,14,15,16,17,18,19,21,22,67,107,108,109,110,111,112"
},
{
	"ID" : 15013,
	"Description" : "鱼潮12",
	"RefreshRule" : "2,23000",
	"MoveType" : 2,
	"FishGroupID" : 3,
	"TotalFishNum" : 1,
	"RouteIDs" : "1,2,3,4,5,6,7,8,9,10,11,12,13,14,15,16,17,20,21,23"
},
{
	"ID" : 15014,
	"Description" : "鱼潮13",
	"RefreshRule" : "2,23000",
	"MoveType" : 2,
	"FishGroupID" : 1,
	"TotalFishNum" : 1,
	"RouteIDs" : "1,2,3,4,5,6,7,8,9,10,11,12,13,14,15,16,17,20,21,23"
},
{
	"ID" : 15015,
	"Description" : "鱼潮14",
	"RefreshRule" : "2,23000",
	"MoveType" : 2,
	"FishGroupID" : 2,
	"TotalFishNum" : 1,
	"RouteIDs" : "1,2,3,4,5,6,7,8,9,10,11,12,13,14,15,16,17,20,21,23"
},
{
	"ID" : 15016,
	"Description" : "鱼潮15",
	"RefreshRule" : "2,23000",
	"MoveType" : 2,
	"FishGroupID" : 2,
	"TotalFishNum" : 1,
	"RouteIDs" : "1,2,3,4,5,6,7,8,9,10,11,12,13,14,15,16,17,20,21,23"
},
{
	"ID" : 15017,
	"Description" : "赤蟹霸王-小鱼潮1",
	"RefreshRule" : "2,23000",
	"MoveType" : 2,
	"FishGroupID" : 1005,
	"TotalFishNum" : 1,
	"RouteIDs" : "1,2,3,4,5,6,7,8,9,10,11,12,13,14,15,16,17,18,19,21,22,67"
},
{
	"ID" : 15018,
	"Description" : "赤蟹霸王-小鱼潮2",
	"RefreshRule" : "2,37000",
	"MoveType" : 2,
	"FishGroupID" : 1001,
	"TotalFishNum" : 1,
	"RouteIDs" : "1,2,3,4,5,6,7,8,9,10,11,12,13,14,15,16,17,18,19,21,22,67"
},
{
	"ID" : 15019,
	"Description" : "赤蟹霸王-小鱼潮3",
	"RefreshRule" : "2,47000",
	"MoveType" : 2,
	"FishGroupID" : 1006,
	"TotalFishNum" : 1,
	"RouteIDs" : "1,2,3,4,5,6,7,8,9,10,11,12,13,14,15,16,17,18,19,21,22,67"
},
{
	"ID" : 15020,
	"Description" : "赤蟹霸王-小鱼潮4",
	"RefreshRule" : "2,53000",
	"MoveType" : 2,
	"FishGroupID" : 1002,
	"TotalFishNum" : 1,
	"RouteIDs" : "1,2,3,4,5,6,7,8,9,10,11,12,13,14,15,16,17,18,19,21,22,67"
},
{
	"ID" : 15021,
	"Description" : "赤蟹霸王-小鱼潮5",
	"RefreshRule" : "2,67000",
	"MoveType" : 2,
	"FishGroupID" : 1007,
	"TotalFishNum" : 1,
	"RouteIDs" : "1,2,3,4,5,6,7,8,9,10,11,12,13,14,15,16,17,18,19,21,22,67"
},
{
	"ID" : 15022,
	"Description" : "赤蟹霸王-小鱼潮6",
	"RefreshRule" : "2,71000",
	"MoveType" : 2,
	"FishGroupID" : 1003,
	"TotalFishNum" : 1,
	"RouteIDs" : "1,2,3,4,5,6,7,8,9,10,11,12,13,14,15,16,17,18,19,21,22,67"
},
{
	"ID" : 15023,
	"Description" : "赤蟹霸王-小鱼潮7",
	"RefreshRule" : "2,83000",
	"MoveType" : 2,
	"FishGroupID" : 1008,
	"TotalFishNum" : 1,
	"RouteIDs" : "1,2,3,4,5,6,7,8,9,10,11,12,13,14,15,16,17,18,19,21,22,67"
},
{
	"ID" : 15024,
	"Description" : "赤蟹霸王-小鱼潮8",
	"RefreshRule" : "2,97000",
	"MoveType" : 2,
	"FishGroupID" : 1004,
	"TotalFishNum" : 1,
	"RouteIDs" : "1,2,3,4,5,6,7,8,9,10,11,12,13,14,15,16,17,18,19,21,22,67"
},
{
	"ID" : 15025,
	"Description" : "赤蟹霸王-小鱼潮9",
	"RefreshRule" : "2,101000",
	"MoveType" : 2,
	"FishGroupID" : 1009,
	"TotalFishNum" : 1,
	"RouteIDs" : "1,2,3,4,5,6,7,8,9,10,11,12,13,14,15,16,17,18,19,21,22,67"
},
{
	"ID" : 15026,
	"Description" : "赤蟹霸王-小鱼潮10",
	"RefreshRule" : "2,113000",
	"MoveType" : 2,
	"FishGroupID" : 1010,
	"TotalFishNum" : 1,
	"RouteIDs" : "1,2,3,4,5,6,7,8,9,10,11,12,13,14,15,16,17,18,19,21,22,67"
},
{
	"ID" : 15027,
	"Description" : "赤蟹霸王-美人鱼",
	"RefreshRule" : "2,300000",
	"MoveType" : 1,
	"FishGroupID" : 7,
	"TotalFishNum" : 1,
	"RouteIDs" : "113,114"
}
]