[
{
	"ID" : 0, 
	"Name" : "", 
	"ResType" : 0, 
	"ResName" : "", 
	"BirthAction" : "", 
	"MoveAction" : "", 
	"HitAction" : "", 
	"DieAction" : "", 
	"Scale" : 0, 
	"Collider" : "", 
	"AttachArmatures" : "", 
	"Circles" : "", 
	"AttachParticles" : "", 
	"IsMirror" : 0, 
	"FrozenScale" : 0, 
	"IsYMirror" : 1, 
	"FaceDirection" : 1, 
	"IsOriginTexture" : 1
},
{
	"ID" : 1,
	"Name" : "小黄鱼",
	"ResType" : 1,
	"ResName" : "SP_Fish_01",
	"MoveAction" : "action",
	"Scale" : 1,
	"Collider" : "0,0,20,49",
	"FrozenScale" : 0.5
},
{
	"ID" : 2,
	"Name" : "小多彩",
	"ResType" : 1,
	"ResName" : "SP_Fish_02",
	"MoveAction" : "action",
	"Scale" : 1,
	"Collider" : "0,0,26,52",
	"FrozenScale" : 0.5
},
{
	"ID" : 3,
	"Name" : "小扫尾",
	"ResType" : 1,
	"ResName" : "SP_Fish_03",
	"MoveAction" : "action",
	"Scale" : 0.9,
	"Collider" : "0,0,42,64",
	"FrozenScale" : 0.5
},
{
	"ID" : 4,
	"Name" : "小气泡",
	"ResType" : 1,
	"ResName" : "SP_Fish_04",
	"MoveAction" : "action",
	"Scale" : 0.6,
	"Collider" : "0,0,58,92",
	"FrozenScale" : 0.5
},
{
	"ID" : 5,
	"Name" : "小金鱼",
	"ResType" : 1,
	"ResName" : "SP_Fish_05",
	"MoveAction" : "action",
	"Scale" : 1,
	"Collider" : "0,0,54,90",
	"FrozenScale" : 0.5
},
{
	"ID" : 6,
	"Name" : "小丑鱼",
	"ResType" : 1,
	"ResName" : "SP_Fish_06",
	"MoveAction" : "action",
	"Scale" : 1,
	"Collider" : "0,0,45,90",
	"FrozenScale" : 0.5
},
{
	"ID" : 7,
	"Name" : "小河豚",
	"ResType" : 1,
	"ResName" : "SP_Fish_07",
	"MoveAction" : "action",
	"Scale" : 0.9,
	"Collider" : "0,0,71,81",
	"FrozenScale" : 0.5
},
{
	"ID" : 8,
	"Name" : "小虎皮",
	"ResType" : 1,
	"ResName" : "SP_Fish_08",
	"MoveAction" : "action",
	"Scale" : 0.9,
	"Collider" : "0,0,54,88",
	"FrozenScale" : 0.5
},
{
	"ID" : 9,
	"Name" : "小灯笼",
	"ResType" : 1,
	"ResName" : "SP_Fish_09",
	"MoveAction" : "action",
	"Scale" : 0.8,
	"Collider" : "0,0,68,119",
	"FrozenScale" : 0.5
},
{
	"ID" : 10,
	"Name" : "小花斑",
	"ResType" : 1,
	"ResName" : "SP_Fish_10",
	"MoveAction" : "action",
	"Scale" : 0.8,
	"Collider" : "0,0,65,100",
	"FrozenScale" : 0.5
},
{
	"ID" : 11,
	"Name" : "小乌龟",
	"ResType" : 1,
	"ResName" : "SP_Fish_11",
	"MoveAction" : "action",
	"Scale" : 0.8,
	"Collider" : "0,0,69,124",
	"FrozenScale" : 0.5
},
{
	"ID" : 12,
	"Name" : "小海虾",
	"ResType" : 1,
	"ResName" : "SP_Fish_12",
	"MoveAction" : "action",
	"Scale" : 0.6,
	"Collider" : "0,0,112,139",
	"FrozenScale" : 0.5
},
{
	"ID" : 13,
	"Name" : "小紫鳐",
	"ResType" : 1,
	"ResName" : "SP_Fish_13",
	"MoveAction" : "action",
	"Scale" : 0.6,
	"Collider" : "0,0,158,160",
	"FrozenScale" : 0.5
},
{
	"ID" : 14,
	"Name" : "小旗鱼",
	"ResType" : 1,
	"ResName" : "SP_Fish_14",
	"MoveAction" : "action",
	"Scale" : 0.8,
	"Collider" : "0,0,88,233",
	"FrozenScale" : 0.5
},
{
	"ID" : 15,
	"Name" : "狮子鱼",
	"ResType" : 1,
	"ResName" : "SP_Fish_15",
	"MoveAction" : "action",
	"Scale" : 0.7,
	"Collider" : "0,0,128,180",
	"FrozenScale" : 0.5
},
{
	"ID" : 501,
	"Name" : "粉色公主",
	"ResType" : 1,
	"ResName" : "fish_016",
	"MoveAction" : "action",
	"Scale" : 0.8,
	"Collider" : "0,0,80,100",
	"IsMirror" : 1,
	"FrozenScale" : 0.8,
	"IsYMirror" : 0
},
{
	"ID" : 502,
	"Name" : "负伤武士",
	"ResType" : 1,
	"ResName" : "fish_017",
	"MoveAction" : "action",
	"Scale" : 0.8,
	"Collider" : "0,0,80,100",
	"IsMirror" : 1,
	"FrozenScale" : 0.8,
	"IsYMirror" : 0
},
{
	"ID" : 503,
	"Name" : "蓝色胖头鱼",
	"ResType" : 1,
	"ResName" : "fish_018",
	"MoveAction" : "action",
	"Scale" : 0.8,
	"Collider" : "0,0,80,100",
	"IsMirror" : 1,
	"FrozenScale" : 0.8,
	"IsYMirror" : 0
},
{
	"ID" : 504,
	"Name" : "带帽蓝旗鱼",
	"ResType" : 1,
	"ResName" : "fish_019",
	"MoveAction" : "action",
	"Scale" : 0.7,
	"Collider" : "0,0,80,100",
	"IsMirror" : 1,
	"FrozenScale" : 0.8,
	"IsYMirror" : 0
},
{
	"ID" : 505,
	"Name" : "火热之吻",
	"ResType" : 1,
	"ResName" : "fish_020",
	"MoveAction" : "action",
	"Scale" : 0.9,
	"Collider" : "0,0,75,100",
	"IsMirror" : 1,
	"FrozenScale" : 0.8,
	"IsYMirror" : 0
},
{
	"ID" : 506,
	"Name" : "忍者蝴蝶鱼",
	"ResType" : 1,
	"ResName" : "fish_021",
	"MoveAction" : "action",
	"Scale" : 0.9,
	"Collider" : "0,0,90,90",
	"IsMirror" : 1,
	"FrozenScale" : 0.8,
	"IsYMirror" : 0
},
{
	"ID" : 507,
	"Name" : "四连座（狮子鱼）",
	"ResType" : 0,
	"Scale" : 1,
	"Collider" : "0,0,280,280",
	"AttachArmatures" : "0,100,0,512,-100,0,0,512,100,0,0,512,0,-100,0,512",
	"Circles" : "T_Bottom_4,0",
	"FrozenScale" : 0.8
},
{
	"ID" : 508,
	"Name" : "三连座（金鱼）",
	"ResType" : 0,
	"Scale" : 1,
	"Collider" : "0,0,208,192",
	"AttachArmatures" : "0,70,0,513,-80,-40,0,513,80,-40,0,513",
	"Circles" : "T_Bottom_3,0",
	"FrozenScale" : 0.8
},
{
	"ID" : 509,
	"Name" : "三连座（灯笼鱼）",
	"ResType" : 0,
	"Scale" : 1,
	"Collider" : "0,0,208,192",
	"AttachArmatures" : "0,70,0,514,-80,-40,0,514,80,-40,0,514",
	"Circles" : "T_Bottom_3,0",
	"FrozenScale" : 0.8
},
{
	"ID" : 510,
	"Name" : "四连座（海龟）",
	"ResType" : 0,
	"Scale" : 1,
	"Collider" : "0,0,280,280",
	"AttachArmatures" : "0,100,0,515,-100,0,0,515,100,0,0,515,0,-100,0,515",
	"Circles" : "T_Bottom_4,0",
	"FrozenScale" : 0.8
},
{
	"ID" : 511,
	"Name" : "五连座",
	"ResType" : 1,
	"ResName" : "SP_Fish_06",
	"MoveAction" : "action",
	"Scale" : 2,
	"Collider" : "0,0,239,247",
	"AttachArmatures" : "87,76,0,516,-87,76,0,516,-87,-87,0,516,87,-87,0,516",
	"Circles" : "T_Bottom_5,0",
	"FrozenScale" : 0.8
},
{
	"ID" : 512,
	"Name" : "狮子座（狮子鱼）",
	"ResType" : 1,
	"ResName" : "SP_Fish_15",
	"MoveAction" : "action",
	"Scale" : 1,
	"Circles" : "T_Base_8,0",
	"FrozenScale" : 1
},
{
	"ID" : 513,
	"Name" : "鱼三剑客（金鱼）",
	"ResType" : 1,
	"ResName" : "SP_Fish_14",
	"MoveAction" : "action",
	"Scale" : 1,
	"Circles" : "T_Rotate_5,180,T_Base_8,0",
	"FrozenScale" : 1
},
{
	"ID" : 514,
	"Name" : "灯笼军团（灯笼鱼）",
	"ResType" : 1,
	"ResName" : "SP_Fish_09",
	"MoveAction" : "action",
	"Scale" : 1,
	"Circles" : "T_Base_10,0",
	"FrozenScale" : 1
},
{
	"ID" : 515,
	"Name" : "海龟小纵队（海龟）",
	"ResType" : 1,
	"ResName" : "SP_Fish_11",
	"MoveAction" : "action",
	"Scale" : 1,
	"Circles" : "T_Base_6,0",
	"FrozenScale" : 1
},
{
	"ID" : 516,
	"Name" : "五福临门（河豚）",
	"ResType" : 1,
	"ResName" : "SP_Fish_06",
	"MoveAction" : "action",
	"Scale" : 1,
	"Circles" : "T_Base_7,0",
	"FrozenScale" : 1
},
{
	"ID" : 517,
	"Name" : "键盘三虾（海虾）",
	"ResType" : 1,
	"ResName" : "SP_Fish_12",
	"MoveAction" : "action",
	"Scale" : 1,
	"Circles" : "T_Base_9,0",
	"FrozenScale" : 1
},
{
	"ID" : 518,
	"Name" : "三连座（海虾）",
	"ResType" : 0,
	"Scale" : 1,
	"Collider" : "0,0,208,192",
	"AttachArmatures" : "0,70,0,517,-80,-40,0,517,80,-40,0,517",
	"Circles" : "T_Bottom_3,0",
	"FrozenScale" : 1
},
{
	"ID" : 519,
	"Name" : "八卦阵",
	"ResType" : 1,
	"ResName" : "fish_315",
	"MoveAction" : "action",
	"Scale" : 0.6,
	"Collider" : "0,0,100,150",
	"IsMirror" : 1,
	"FrozenScale" : 1
},
{
	"ID" : 531,
	"Name" : "无尽泡泡-炸弹",
	"ResType" : 1,
	"ResName" : "SP_Fish_300",
	"MoveAction" : "action",
	"Scale" : 1.5,
	"Collider" : "0,0,153,153",
	"AttachArmatures" : "0,0,90,541",
	"IsMirror" : 1,
	"FrozenScale" : 1
},
{
	"ID" : 532,
	"Name" : "无尽泡泡-翻牌",
	"ResType" : 1,
	"ResName" : "SP_Fish_300",
	"MoveAction" : "action",
	"Scale" : 1.5,
	"Collider" : "0,0,153,153",
	"AttachArmatures" : "0,0,90,542",
	"FrozenScale" : 1
},
{
	"ID" : 533,
	"Name" : "闪电球泡泡-激光",
	"ResType" : 1,
	"ResName" : "SP_Fish_61",
	"MoveAction" : "action",
	"Scale" : 1.5,
	"Collider" : "0,0,153,153",
	"AttachArmatures" : "0,0,90,544",
	"FrozenScale" : 1
},
{
	"ID" : 534,
	"Name" : "小鱼泡泡-钻头",
	"ResType" : 1,
	"ResName" : "SP_Fish_300",
	"MoveAction" : "action",
	"Scale" : 1.5,
	"Collider" : "0,0,153,153",
	"AttachArmatures" : "0,0,90,543",
	"FrozenScale" : 1
},
{
	"ID" : 540,
	"Name" : "承载乌龟",
	"ResType" : 1,
	"ResName" : "fish_204",
	"MoveAction" : "action",
	"Scale" : 1,
	"IsMirror" : 1,
	"FrozenScale" : 1
},
{
	"ID" : 541,
	"Name" : "核弹",
	"ResType" : 1,
	"ResName" : "fish_317",
	"MoveAction" : "action",
	"Scale" : 1,
	"IsMirror" : 1,
	"FrozenScale" : 1
},
{
	"ID" : 542,
	"Name" : "翻牌",
	"ResType" : 1,
	"ResName" : "fish_309",
	"MoveAction" : "action",
	"Scale" : 0.7,
	"IsMirror" : 1,
	"FrozenScale" : 1
},
{
	"ID" : 543,
	"Name" : "钻头",
	"ResType" : 1,
	"ResName" : "fish_306",
	"MoveAction" : "action",
	"Scale" : 0.6,
	"IsMirror" : 1,
	"FrozenScale" : 1
},
{
	"ID" : 544,
	"Name" : "激光",
	"ResType" : 1,
	"ResName" : "fish_307",
	"MoveAction" : "action",
	"Scale" : 0.6,
	"IsMirror" : 1,
	"FrozenScale" : 1
},
{
	"ID" : 551,
	"Name" : "奖金鲸鱼",
	"ResType" : 1,
	"ResName" : "SP_Fish_20",
	"MoveAction" : "action",
	"Scale" : 0.9,
	"Collider" : "0,0,98,226",
	"FrozenScale" : 1
},
{
	"ID" : 552,
	"Name" : "奖金乌贼",
	"ResType" : 1,
	"ResName" : "fish_107",
	"MoveAction" : "action",
	"Scale" : 0.65,
	"Collider" : "0,0,120,150",
	"FrozenScale" : 1
},
{
	"ID" : 553,
	"Name" : "奖金鲎",
	"ResType" : 1,
	"ResName" : "fish_108",
	"MoveAction" : "action",
	"Scale" : 0.8,
	"Collider" : "0,0,100,150",
	"FrozenScale" : 1
},
{
	"ID" : 554,
	"Name" : "奖金虎鲨",
	"ResType" : 1,
	"ResName" : "SP_Fish_22",
	"MoveAction" : "action",
	"Scale" : 0.85,
	"Collider" : "0,0,100,150",
	"FrozenScale" : 1
},
{
	"ID" : 555,
	"Name" : "奖金金龙鱼改为奖金鲸鱼",
	"ResType" : 1,
	"ResName" : "SP_Fish_20",
	"MoveAction" : "action",
	"Scale" : 0.9,
	"Collider" : "0,0,98,226",
	"FrozenScale" : 1
},
{
	"ID" : 556,
	"Name" : "奖金水母改为奖金虎鲨",
	"ResType" : 1,
	"ResName" : "SP_Fish_22",
	"MoveAction" : "action",
	"Scale" : 0.85,
	"Collider" : "0,0,100,150",
	"FrozenScale" : 1
},
{
	"ID" : 557,
	"Name" : "奖金海龟",
	"ResType" : 1,
	"ResName" : "fish_112",
	"MoveAction" : "action",
	"Scale" : 0.8,
	"Collider" : "0,0,100,150",
	"IsMirror" : 1,
	"FrozenScale" : 1
},
{
	"ID" : 561,
	"Name" : "独行龟王",
	"ResType" : 1,
	"ResName" : "fish_201",
	"MoveAction" : "action",
	"Scale" : 1,
	"Collider" : "0,0,200,150",
	"IsMirror" : 1,
	"FrozenScale" : 1.8
},
{
	"ID" : 562,
	"Name" : "贪婪狂鲨",
	"ResType" : 1,
	"ResName" : "fish_202",
	"MoveAction" : "action",
	"Scale" : 1,
	"Collider" : "0,0,100,300",
	"IsMirror" : 1,
	"FrozenScale" : 1.8
},
{
	"ID" : 563,
	"Name" : "冷面蟹将",
	"ResType" : 1,
	"ResName" : "fish_203",
	"MoveAction" : "action",
	"Scale" : 1,
	"Collider" : "0,0,200,180",
	"IsMirror" : 1,
	"FrozenScale" : 1.8
},
{
	"ID" : 564,
	"Name" : "金龟献宝",
	"ResType" : 1,
	"ResName" : "fish_207",
	"MoveAction" : "action",
	"Scale" : 1,
	"Collider" : "0,0,200,250",
	"IsMirror" : 1,
	"FrozenScale" : 1.8
},
{
	"ID" : 565,
	"Name" : "珍珠扇贝",
	"ResType" : 1,
	"ResName" : "fish_209",
	"MoveAction" : "action",
	"Scale" : 1,
	"Collider" : "0,0,200,200",
	"IsMirror" : 1,
	"FrozenScale" : 1.8
},
{
	"ID" : 566,
	"Name" : "招财金蟾",
	"ResType" : 1,
	"ResName" : "fish_211",
	"MoveAction" : "action",
	"Scale" : 1,
	"Collider" : "0,0,200,200",
	"IsMirror" : 1,
	"FrozenScale" : 1.8
},
{
	"ID" : 567,
	"Name" : "美人鱼",
	"ResType" : 4,
	"ResName" : "eff_fazhen1_qian",
	"MoveAction" : "action",
	"Scale" : 1.3,
	"Collider" : "0,0,200,300",
	"AttachArmatures" : "0,-20,0,597,0,60,0,604",
	"IsMirror" : 1,
	"FrozenScale" : 1.8
},
{
	"ID" : 568,
	"Name" : "利齿灯笼",
	"ResType" : 1,
	"ResName" : "fish_214",
	"MoveAction" : "action",
	"Scale" : 1,
	"Collider" : "0,0,200,200",
	"IsMirror" : 1,
	"FrozenScale" : 1.8
},
{
	"ID" : 569,
	"Name" : "海盗宝藏",
	"ResType" : 1,
	"ResName" : "fish_216",
	"MoveAction" : "action",
	"Scale" : 1,
	"Collider" : "0,0,300,300",
	"IsMirror" : 1,
	"FrozenScale" : 1.8
},
{
	"ID" : 570,
	"Name" : "赤蟹霸王",
	"ResType" : 1,
	"ResName" : "fish_301",
	"MoveAction" : "action",
	"Scale" : 1,
	"Collider" : "0,0,250,200",
	"FrozenScale" : 1.8
},
{
	"ID" : 571,
	"Name" : "玄武",
	"ResType" : 4,
	"ResName" : "eff_fazhen1_qian",
	"MoveAction" : "action",
	"Scale" : 1.3,
	"Collider" : "0,0,250,250",
	"AttachArmatures" : "0,-20,0,597,0,80,0,599",
	"IsMirror" : 1,
	"FrozenScale" : 1.8
},
{
	"ID" : 572,
	"Name" : "狐妖",
	"ResType" : 4,
	"ResName" : "eff_fazhen1_qian",
	"MoveAction" : "action",
	"Scale" : 1.3,
	"Collider" : "0,0,250,250",
	"AttachArmatures" : "0,-20,0,597,0,120,0,600",
	"IsMirror" : 1,
	"FrozenScale" : 1.8
},
{
	"ID" : 573,
	"Name" : "闪电鳗",
	"ResType" : 1,
	"ResName" : "fish_304",
	"MoveAction" : "action",
	"Scale" : 1,
	"Collider" : "0,0,80,200",
	"IsMirror" : 1,
	"FrozenScale" : 1.8
},
{
	"ID" : 574,
	"Name" : "黑洞鱼",
	"ResType" : 1,
	"ResName" : "fish_310",
	"MoveAction" : "action",
	"Scale" : 1,
	"Collider" : "0,0,200,200",
	"FrozenScale" : 1.8
},
{
	"ID" : 575,
	"Name" : "远古神蝎",
	"ResType" : 1,
	"ResName" : "fish_311",
	"MoveAction" : "action",
	"Scale" : 1,
	"Collider" : "0,0,250,300",
	"IsMirror" : 1,
	"FrozenScale" : 1.8
},
{
	"ID" : 576,
	"Name" : "关羽",
	"ResType" : 1,
	"ResName" : "SP_T7_std",
	"MoveAction" : "T7_std_3_idle,T7_std_3_idle2",
	"Scale" : 1,
	"IsMirror" : 1,
	"FrozenScale" : 1
},
{
	"ID" : 577,
	"Name" : "张飞",
	"ResType" : 1,
	"ResName" : "SP_T8_std",
	"MoveAction" : "T8_std_3_idle,T8_std_3_idle2",
	"Scale" : 1,
	"IsMirror" : 1,
	"FrozenScale" : 1
},
{
	"ID" : 578,
	"Name" : "刘备",
	"ResType" : 1,
	"ResName" : "SP_T4_std",
	"MoveAction" : "T4_std_4_idle,T4_std_4_idle2",
	"Scale" : 1,
	"IsMirror" : 1,
	"FrozenScale" : 1
},
{
	"ID" : 579,
	"Name" : "吕布",
	"ResType" : 1,
	"ResName" : "SP_T3_std",
	"BirthAction" : "T3_head_come_1",
	"MoveAction" : "T3_std_3_idle",
	"HitAction" : "T3_std_3_hit",
	"DieAction" : "T3_std_3_die",
	"Scale" : 1,
	"IsMirror" : 1,
	"FrozenScale" : 1
},
{
	"ID" : 580,
	"Name" : "玉玺",
	"ResType" : 1,
	"ResName" : "fish_215",
	"MoveAction" : "action",
	"Scale" : 1,
	"Collider" : "0,0,200,300",
	"IsMirror" : 1,
	"FrozenScale" : 1
},
{
	"ID" : 581,
	"Name" : "聚宝盆",
	"ResType" : 4,
	"ResName" : "eff_fazhen2_qian",
	"MoveAction" : "action",
	"Scale" : 1.3,
	"Collider" : "0,0,250,200",
	"AttachArmatures" : "0,-20,0,598,0,60,0,603",
	"FrozenScale" : 1
},
{
	"ID" : 582,
	"Name" : "鲲",
	"ResType" : 1,
	"ResName" : "fish_314",
	"MoveAction" : "action",
	"Scale" : 1,
	"Collider" : "0,0,300,400",
	"IsMirror" : 1,
	"FrozenScale" : 1
},
{
	"ID" : 583,
	"Name" : "海马",
	"ResType" : 1,
	"ResName" : "fish_210",
	"MoveAction" : "action",
	"Scale" : 0.8,
	"Collider" : "0,0,200,250",
	"IsMirror" : 1,
	"FrozenScale" : 1
},
{
	"ID" : 584,
	"Name" : "鱼潮泡泡1",
	"ResType" : 1,
	"ResName" : "fish_113",
	"BirthAction" : "action_1_open",
	"MoveAction" : "action_1",
	"DieAction" : "action_1_die",
	"Scale" : 1,
	"Collider" : "0,0,200,200",
	"FrozenScale" : 1
},
{
	"ID" : 585,
	"Name" : "鱼潮泡泡2",
	"ResType" : 1,
	"ResName" : "fish_113",
	"BirthAction" : "action_2_open",
	"MoveAction" : "action_2",
	"DieAction" : "action_2_die",
	"Scale" : 1,
	"Collider" : "0,0,200,200",
	"FrozenScale" : 1
},
{
	"ID" : 586,
	"Name" : "鱼潮泡泡3-发",
	"ResType" : 1,
	"ResName" : "fish_113",
	"BirthAction" : "action_3_open",
	"MoveAction" : "action_3",
	"DieAction" : "action_3_die",
	"Scale" : 1,
	"Collider" : "0,0,220,220",
	"FrozenScale" : 1,
	"IsYMirror" : 0
},
{
	"ID" : 587,
	"Name" : "鱼潮泡泡4-财",
	"ResType" : 1,
	"ResName" : "fish_113",
	"BirthAction" : "action_4_open",
	"MoveAction" : "action_4",
	"DieAction" : "action_4_die",
	"Scale" : 1,
	"Collider" : "0,0,220,220",
	"FrozenScale" : 1,
	"IsYMirror" : 0
},
{
	"ID" : 588,
	"Name" : "脚底法阵前光效-关羽",
	"ResType" : 4,
	"ResName" : "eff_fazhen1_qian",
	"MoveAction" : "action",
	"Scale" : 1,
	"Collider" : "0,0,150,150",
	"AttachArmatures" : "0,-20,0,591,0,120,0,576",
	"IsMirror" : 1,
	"FrozenScale" : 1,
	"FaceDirection" : 2
},
{
	"ID" : 589,
	"Name" : "脚底法阵前光效-张飞",
	"ResType" : 4,
	"ResName" : "eff_fazhen1_qian",
	"MoveAction" : "action",
	"Scale" : 1,
	"Collider" : "0,0,150,150",
	"AttachArmatures" : "0,-20,0,591,0,120,0,577",
	"IsMirror" : 1,
	"FrozenScale" : 1,
	"FaceDirection" : 2
},
{
	"ID" : 590,
	"Name" : "脚底法阵前光效-刘备",
	"ResType" : 4,
	"ResName" : "eff_fazhen1_qian",
	"MoveAction" : "action",
	"Scale" : 1,
	"Collider" : "0,0,150,150",
	"AttachArmatures" : "0,-20,0,591,0,120,0,578",
	"IsMirror" : 1,
	"FrozenScale" : 1,
	"FaceDirection" : 2
},
{
	"ID" : 591,
	"Name" : "刘关张脚底法阵下转圈",
	"ResType" : 4,
	"ResName" : "eff_fazhen1_hou",
	"MoveAction" : "action",
	"Scale" : 1,
	"FrozenScale" : 1
},
{
	"ID" : 592,
	"Name" : "脚底法阵前光效-吕布",
	"ResType" : 4,
	"ResName" : "P_BossOverride",
	"MoveAction" : "action",
	"Scale" : 1,
	"Collider" : "0,120,150,350",
	"AttachArmatures" : "0,-20,0,593,0,120,0,579,0,120,0,615",
	"IsMirror" : 1,
	"FrozenScale" : 1,
	"FaceDirection" : 2
},
{
	"ID" : 593,
	"Name" : "吕布脚底法阵下转圈",
	"ResType" : 4,
	"ResName" : "eff_fazhen2_hou",
	"MoveAction" : "action",
	"Scale" : 1,
	"FrozenScale" : 1
},
{
	"ID" : 594,
	"Name" : "金龙",
	"ResType" : 4,
	"ResName" : "eff_fazhen2_qian",
	"MoveAction" : "action",
	"Scale" : 1.3,
	"Collider" : "0,0,250,300",
	"AttachArmatures" : "0,-20,0,598,0,180,0,601",
	"IsMirror" : 1,
	"FrozenScale" : 2
},
{
	"ID" : 595,
	"Name" : "银龙",
	"ResType" : 4,
	"ResName" : "eff_fazhen1_qian",
	"MoveAction" : "action",
	"Scale" : 1.3,
	"Collider" : "0,0,250,300",
	"AttachArmatures" : "0,-20,0,597,0,180,0,602",
	"IsMirror" : 1,
	"FrozenScale" : 2
},
{
	"ID" : 596,
	"Name" : "财富大鳄",
	"ResType" : 1,
	"ResName" : "fish_206",
	"MoveAction" : "action",
	"Scale" : 0.9,
	"Collider" : "0,0,150,350",
	"FrozenScale" : 1.8
},
{
	"ID" : 597,
	"Name" : "蓝色的转圈",
	"ResType" : 4,
	"ResName" : "eff_fazhen1_hou",
	"MoveAction" : "action",
	"Scale" : 1.3,
	"FrozenScale" : 1
},
{
	"ID" : 598,
	"Name" : "红色的转圈",
	"ResType" : 4,
	"ResName" : "eff_fazhen2_hou",
	"MoveAction" : "action",
	"Scale" : 1.3,
	"FrozenScale" : 1
},
{
	"ID" : 599,
	"Name" : "玄武",
	"ResType" : 1,
	"ResName" : "fish_302",
	"MoveAction" : "action",
	"Scale" : 1,
	"IsMirror" : 1,
	"FrozenScale" : 1.8
},
{
	"ID" : 600,
	"Name" : "狐妖",
	"ResType" : 1,
	"ResName" : "fish_303",
	"MoveAction" : "action",
	"Scale" : 1,
	"IsMirror" : 1,
	"FrozenScale" : 1.8
},
{
	"ID" : 601,
	"Name" : "金龙",
	"ResType" : 1,
	"ResName" : "fish_208",
	"MoveAction" : "action",
	"Scale" : 1,
	"IsMirror" : 1,
	"FrozenScale" : 2
},
{
	"ID" : 602,
	"Name" : "银龙",
	"ResType" : 1,
	"ResName" : "fish_205",
	"MoveAction" : "action",
	"Scale" : 1,
	"IsMirror" : 1,
	"FrozenScale" : 2
},
{
	"ID" : 603,
	"Name" : "聚宝盆",
	"ResType" : 1,
	"ResName" : "fish_212",
	"MoveAction" : "action",
	"Scale" : 1,
	"FrozenScale" : 1
},
{
	"ID" : 604,
	"Name" : "美人鱼",
	"ResType" : 1,
	"ResName" : "fish_213",
	"MoveAction" : "action",
	"Scale" : 1,
	"IsMirror" : 1,
	"FrozenScale" : 1.8
},
{
	"ID" : 605,
	"Name" : "财神",
	"ResType" : 1,
	"ResName" : "SP_T12_std",
	"MoveAction" : "T12_std_3_idle",
	"Scale" : 1,
	"IsMirror" : 1,
	"FrozenScale" : 1
},
{
	"ID" : 606,
	"Name" : "脚底法阵前光效-财神",
	"ResType" : 4,
	"ResName" : "eff_fazhen2_qian",
	"MoveAction" : "action",
	"Scale" : 1,
	"Collider" : "0,0,150,150",
	"AttachArmatures" : "0,-20,0,593,0,120,0,605",
	"IsMirror" : 1,
	"FrozenScale" : 1,
	"FaceDirection" : 2
},
{
	"ID" : 607,
	"Name" : "元宝金蝉",
	"ResType" : 1,
	"ResName" : "by_30",
	"MoveAction" : "run",
	"DieAction" : "die",
	"Scale" : 1.2,
	"Collider" : "0,0,200,200",
	"IsMirror" : 1,
	"FrozenScale" : 1.8,
	"FaceDirection" : 2,
	"IsOriginTexture" : 0
},
{
	"ID" : 608,
	"Name" : "龟丞相",
	"ResType" : 1,
	"ResName" : "by_32",
	"MoveAction" : "run",
	"DieAction" : "die",
	"Scale" : 1,
	"Collider" : "0,0,250,250",
	"IsMirror" : 1,
	"FrozenScale" : 1.8,
	"FaceDirection" : 2,
	"IsOriginTexture" : 0
},
{
	"ID" : 609,
	"Name" : "小丑鱼",
	"ResType" : 1,
	"ResName" : "by_54",
	"MoveAction" : "run",
	"DieAction" : "die",
	"Scale" : 1,
	"Collider" : "0,0,200,200",
	"IsMirror" : 1,
	"FrozenScale" : 1.8,
	"FaceDirection" : 2,
	"IsOriginTexture" : 0
},
{
	"ID" : 610,
	"Name" : "鞭炮舞狮",
	"ResType" : 1,
	"ResName" : "by_70",
	"MoveAction" : "run",
	"DieAction" : "die",
	"Scale" : 1,
	"Collider" : "0,0,300,200",
	"IsMirror" : 1,
	"FrozenScale" : 1.8,
	"FaceDirection" : 2,
	"IsOriginTexture" : 0
},
{
	"ID" : 611,
	"Name" : "孙权",
	"ResType" : 1,
	"ResName" : "SP_T6_std",
	"BirthAction" : "T6_head_come_1",
	"MoveAction" : "T6_std_4_idle",
	"HitAction" : "T6_std_4_hit",
	"DieAction" : "T6_std_4_die",
	"Scale" : 1,
	"IsMirror" : 1,
	"FrozenScale" : 1
},
{
	"ID" : 612,
	"Name" : "曹操",
	"ResType" : 1,
	"ResName" : "SP_T5_std",
	"BirthAction" : "T5_head_come_1",
	"MoveAction" : "T5_std_4_idle",
	"HitAction" : "T5_std_4_hit",
	"DieAction" : "T5_std_4_die",
	"Scale" : 1,
	"IsMirror" : 1,
	"FrozenScale" : 1
},
{
	"ID" : 613,
	"Name" : "脚底前转盘-孙权",
	"ResType" : 4,
	"ResName" : "P_BossOverride",
	"MoveAction" : "action",
	"Scale" : 1,
	"Collider" : "0,120,150,350",
	"AttachArmatures" : "0,-20,0,591,0,120,0,611,0,120,0,615",
	"IsMirror" : 1,
	"FrozenScale" : 1,
	"FaceDirection" : 2
},
{
	"ID" : 614,
	"Name" : "脚底前转盘-曹操",
	"ResType" : 4,
	"ResName" : "P_BossOverride",
	"MoveAction" : "action",
	"Scale" : 1,
	"Collider" : "0,120,150,350",
	"AttachArmatures" : "0,-20,0,591,0,120,0,612,0,120,0,615",
	"IsMirror" : 1,
	"FrozenScale" : 1,
	"FaceDirection" : 2
},
{
	"ID" : 615,
	"Name" : "落地",
	"ResType" : 1,
	"ResName" : "SP_luodi",
	"BirthAction" : "luodi",
	"Scale" : 1,
	"IsMirror" : 1,
	"FrozenScale" : 1
},
{
	"ID" : 616,
	"Name" : "逐鹿三国场蓝色卡牌",
	"ResType" : 1,
	"ResName" : "fish_309_sg1",
	"MoveAction" : "action",
	"Scale" : 0.4,
	"IsMirror" : 1,
	"FrozenScale" : 1
},
{
	"ID" : 617,
	"Name" : "逐鹿三国场紫色卡牌",
	"ResType" : 1,
	"ResName" : "fish_309_sg2",
	"MoveAction" : "action",
	"Scale" : 0.7,
	"IsMirror" : 1,
	"FrozenScale" : 1
},
{
	"ID" : 618,
	"Name" : "无尽泡泡-蓝色卡牌",
	"ResType" : 1,
	"ResName" : "SP_Fish_300",
	"MoveAction" : "action",
	"Scale" : 1,
	"Collider" : "0,0,153,153",
	"AttachArmatures" : "0,0,90,616",
	"FrozenScale" : 1
},
{
	"ID" : 619,
	"Name" : "无尽泡泡-紫色卡牌",
	"ResType" : 1,
	"ResName" : "SP_Fish_300",
	"MoveAction" : "action",
	"Scale" : 1.5,
	"Collider" : "0,0,153,153",
	"AttachArmatures" : "0,0,90,617",
	"FrozenScale" : 1
},
{
	"ID" : 620,
	"Name" : "宝箱鱼",
	"ResType" : 1,
	"ResName" : "fish_361",
	"MoveAction" : "action",
	"Scale" : 1,
	"Collider" : "0,0,153,153",
	"IsMirror" : 1,
	"FrozenScale" : 1.5,
	"IsYMirror" : 0
},
{
	"ID" : 621,
	"Name" : "孟获",
	"ResType" : 1,
	"ResName" : "fish_401",
	"BirthAction" : "fish_401_come_1",
	"MoveAction" : "fish_401_idle",
	"DieAction" : "fish_401_die",
	"Scale" : 1,
	"IsMirror" : 1,
	"FrozenScale" : 1
},
{
	"ID" : 622,
	"Name" : "脚底前转盘-孟获",
	"ResType" : 4,
	"ResName" : "P_BossOverride",
	"MoveAction" : "action",
	"Scale" : 1,
	"Collider" : "0,120,150,350",
	"AttachArmatures" : "0,-20,0,593,0,120,0,621,0,120,0,615",
	"IsMirror" : 1,
	"FrozenScale" : 1,
	"FaceDirection" : 2
}
]