[
{
	"ID" : 0, 
	"RoomName" : "", 
	"RoomFirstLayer" : 0, 
	"RoomSecondLayer" : 0, 
	"RoomSecondLayerIcon" : "", 
	"GameType" : 0, 
	"Difficulty" : 0, 
	"MinGoldPlay" : 0, 
	"MaxGoldPlay" : 0, 
	"MinPointPlay" : 0, 
	"MaxPointPlay" : 0, 
	"SkipGold" : 0, 
	"PreRoomID" : 0, 
	"SkipDiamondBase" : 0, 
	"DailyTimes" : 0, 
	"EnergyCost" : 0, 
	"MaxPlayer" : 0, 
	"DefautFishPoolID" : 0, 
	"AdditionFishPool" : "", 
	"FishingTime" : 0, 
	"IsResume" : 0, 
	"KickOutTime" : 0, 
	"TurretRate" : "", 
	"RoomSetID" : "", 
	"LoadingImage" : "", 
	"RoomIcon" : "", 
	"RoomIconParam" : "", 
	"RoomTarget1" : "", 
	"RoomTarget2" : "", 
	"RoomCondition" : "", 
	"RoomRewardShow" : 0, 
	"RoomRewardLootID" : 0, 
	"RoomIntroduceBoss" : "", 
	"PersonalRefund" : "", 
	"TableRefund" : "", 
	"RoomRefund" : "", 
	"GameRefund" : "", 
	"TurretParam" : "", 
	"RoomTax" : 0, 
	"RandomQuestList" : "", 
	"DropGoldParam" : 10, 
	"ArenaFishList" : "", 
	"MinusParam" : "", 
	"RoomParam" : "", 
	"BombList" : "", 
	"Insurance" : 0, 
	"ShortFishList" : "", 
	"ShortRewardList" : "", 
	"BombConvert" : 0, 
	"MinusRangeParam" : "", 
	"SummonBoss" : "", 
	"SummonBossFishID" : "", 
	"NewTableCondition" : 0, 
	"InstituteTurret" : 0, 
	"AdditionLootExchange" : "", 
	"SummonBossBonusTurret" : 0
},
{
	"ID" : 101,
	"RoomName" : "RoomName_101",
	"RoomFirstLayer" : 1,
	"GameType" : 1,
	"MinGoldPlay" : 0,
	"MaxGoldPlay" : 50000000,
	"SkipGold" : 50000000,
	"MaxPlayer" : 4,
	"DefautFishPoolID" : 101,
	"AdditionFishPool" : "1,180000,151",
	"IsResume" : 0,
	"KickOutTime" : 180000,
	"TurretRate" : "1000,2000,4000,6000,8000,10000",
	"RoomIcon" : "room_1",
	"RoomIconParam" : "0,1,2,animation",
	"RoomRewardShow" : 10000501,
	"RoomRewardLootID" : 10000501,
	"RoomIntroduceBoss" : "301,206,208,304,501",
	"PersonalRefund" : "5,400000,0",
	"TableRefund" : "5,350000,0",
	"RoomRefund" : "0,20000000",
	"TurretParam" : "1,1000",
	"RoomTax" : 0,
	"RandomQuestList" : "101,102,103,104,105,121,122,123,124,125,126,127,128,129,130,131,132,136,137,138,139,140",
	"DropGoldParam" : 200,
	"MinusParam" : "5,40,5,40,10050,5,5",
	"RoomParam" : "1",
	"BombList" : "5,11901006,11901001,11901002,11901003,11901004",
	"ShortFishList" : "301,501,208,304",
	"MinusRangeParam" : "150,1000000000,550,2000000000,350"
},
{
	"ID" : 102,
	"RoomName" : "RoomName_102",
	"RoomFirstLayer" : 1,
	"GameType" : 1,
	"MinGoldPlay" : 10000000,
	"MaxGoldPlay" : 500000000,
	"SkipGold" : 500000000,
	"MaxPlayer" : 4,
	"DefautFishPoolID" : 152,
	"AdditionFishPool" : "1,180000,102",
	"IsResume" : 0,
	"KickOutTime" : 180000,
	"TurretRate" : "10000,20000,40000,60000,80000,100000",
	"RoomIcon" : "room_2",
	"RoomIconParam" : "0,1,2,animation,room_2",
	"RoomRewardShow" : 10000502,
	"RoomRewardLootID" : 10000502,
	"RoomIntroduceBoss" : "302,502,201,304,501,504,505,203,206,208,218",
	"PersonalRefund" : "5,4000000,0",
	"TableRefund" : "5,3500000,0",
	"RoomRefund" : "0,150000000",
	"TurretParam" : "10,1000",
	"RoomTax" : 0,
	"RandomQuestList" : "201,202,203,204,205,221,222,223,224,225,226,227,228,229,230,231,236,237,238,239,240",
	"DropGoldParam" : 1000,
	"MinusParam" : "5,40,5,40,10050,5,5",
	"RoomParam" : "1",
	"BombList" : "5,11901006,11901001,11901002,11901003,11901004",
	"ShortFishList" : "302,219,201,304",
	"ShortRewardList" : "11901001,10101060,10101050,11501000",
	"BombConvert" : 11901001,
	"MinusRangeParam" : "150,1000000000,500,2000000000,300"
},
{
	"ID" : 104,
	"RoomName" : "RoomName_104",
	"RoomFirstLayer" : 1,
	"GameType" : 1,
	"MinGoldPlay" : 100000000,
	"MaxGoldPlay" : 5000000000,
	"SkipGold" : 5000000000,
	"MaxPlayer" : 4,
	"DefautFishPoolID" : 154,
	"AdditionFishPool" : "1,900000,2003",
	"IsResume" : 0,
	"KickOutTime" : 180000,
	"TurretRate" : "100000,200000,400000,600000,800000,1000000",
	"RoomIcon" : "room_4",
	"RoomIconParam" : "0,1,2,room_4,room_4",
	"RoomRewardShow" : 10000504,
	"RoomRewardLootID" : 10000504,
	"RoomIntroduceBoss" : "209,219,220,221,304,305,501,502,503,504,505,204,205,208,215",
	"PersonalRefund" : "5,300000000,0",
	"TableRefund" : "5,400000000,0",
	"RoomRefund" : "0,1000000000",
	"GameRefund" : "20,14648321000,99999999999",
	"TurretParam" : "5000,1000",
	"RoomTax" : 20,
	"RandomQuestList" : "401,402,403,404,405,421,422,423,424,425,426,427,428,429,430,431,432,436,437,438,439,440",
	"DropGoldParam" : 100000,
	"MinusParam" : "5,60,5,40,10005,5,2",
	"RoomParam" : "1",
	"BombList" : "5,11901006,11901001,11901002,11901003,11901004",
	"Insurance" : 1,
	"ShortFishList" : "209,221,218,304",
	"ShortRewardList" : "11901003,11601004,11601101",
	"BombConvert" : 11901003,
	"MinusRangeParam" : "200,1000000000,400,2000000000,350,4000000000,300,6000000000,250",
	"SummonBoss" : "1,312,302",
	"SummonBossFishID" : "312,221,0",
	"NewTableCondition" : 1000000000,
	"AdditionLootExchange" : "daily_buff_8,daily_buff_58,daily_buff_198",
	"SummonBossBonusTurret" : 1000000
},
{
	"ID" : 105,
	"RoomName" : "RoomName_105",
	"RoomFirstLayer" : 1,
	"GameType" : 1,
	"MinGoldPlay" : 1000000000,
	"MaxPlayer" : 4,
	"DefautFishPoolID" : 155,
	"AdditionFishPool" : "1,900000,2003",
	"IsResume" : 0,
	"KickOutTime" : 180000,
	"TurretRate" : "1000000,2000000,3000000,4000000,5000000",
	"RoomIcon" : "room_5",
	"RoomIconParam" : "0,1,2,room_5,room_5",
	"RoomIntroduceBoss" : "303,220,221,219,304,305,501,502,503,504,505,201,204,205,215",
	"PersonalRefund" : "5,700000000,0",
	"TableRefund" : "5,800000000,0",
	"RoomRefund" : "0,5000000000",
	"GameRefund" : "30,32915452000,999999999999",
	"TurretParam" : "500000,2000",
	"RoomTax" : 20,
	"RandomQuestList" : "501,502,503,504,505,521,522,523,524,525,526,527,528,529,530,531,532,536,537,538,539,540,",
	"DropGoldParam" : 250000,
	"MinusParam" : "5,60,8,20,9995,5,2",
	"RoomParam" : "1",
	"BombList" : "5,11901006,11901001,11901002,11901003,11901004",
	"Insurance" : 1,
	"ShortFishList" : "215,303,221,308",
	"ShortRewardList" : "11901004,11601005,11601102",
	"BombConvert" : 11901004,
	"MinusRangeParam" : "200,2000000000,400,5000000000,350,20000000000,300,100000000000,250",
	"SummonBoss" : "2,302,313,100,311,0,314,0,0,100,313,80,311,20,314,0,100,500,313,70,311,30,314,0,500,1000,313,40,311,40,314,20,1000,2000,313,20,311,50,314,30,2000,5000,313,0,311,50,314,50,5000,0",
	"SummonBossFishID" : "314,311,313,222",
	"NewTableCondition" : 5000000000,
	"InstituteTurret" : 1,
	"AdditionLootExchange" : "daily_buff_8,daily_buff_58,daily_buff_198",
	"SummonBossBonusTurret" : 10000000
},
{
	"ID" : 201,
	"RoomName" : "RoomName_201",
	"RoomFirstLayer" : 2,
	"RoomSecondLayer" : 1,
	"GameType" : 2,
	"Difficulty" : 1,
	"MinPointPlay" : 0,
	"EnergyCost" : 12,
	"MaxPlayer" : 1,
	"DefautFishPoolID" : 201,
	"FishingTime" : 300000,
	"IsResume" : 1,
	"RoomIcon" : "room_gold_1",
	"RoomTarget1" : "Gold_RoomTarget_1",
	"RoomCondition" : "7,0,500000",
	"RoomRewardShow" : 10123401,
	"DropGoldParam" : 100,
	"RoomParam" : "0"
},
{
	"ID" : 202,
	"RoomName" : "RoomName_202",
	"RoomFirstLayer" : 2,
	"RoomSecondLayer" : 1,
	"GameType" : 2,
	"Difficulty" : 20,
	"MinPointPlay" : 2000,
	"EnergyCost" : 24,
	"MaxPlayer" : 1,
	"DefautFishPoolID" : 202,
	"FishingTime" : 300000,
	"IsResume" : 1,
	"RoomIcon" : "room_gold_2",
	"RoomTarget1" : "Gold_RoomTarget_2",
	"RoomCondition" : "7,0,5000000",
	"RoomRewardShow" : 10123402,
	"DropGoldParam" : 200,
	"RoomParam" : "0"
},
{
	"ID" : 203,
	"RoomName" : "RoomName_203",
	"RoomFirstLayer" : 2,
	"RoomSecondLayer" : 1,
	"GameType" : 2,
	"Difficulty" : 45,
	"MinPointPlay" : 12000,
	"EnergyCost" : 30,
	"MaxPlayer" : 1,
	"DefautFishPoolID" : 203,
	"FishingTime" : 300000,
	"IsResume" : 1,
	"RoomIcon" : "room_gold_3",
	"RoomTarget1" : "Gold_RoomTarget_3",
	"RoomCondition" : "7,0,50000000",
	"RoomRewardShow" : 10123403,
	"DropGoldParam" : 500,
	"RoomParam" : "0"
},
{
	"ID" : 204,
	"RoomName" : "RoomName_204",
	"RoomFirstLayer" : 2,
	"RoomSecondLayer" : 1,
	"GameType" : 2,
	"Difficulty" : 55,
	"MinPointPlay" : 30000,
	"EnergyCost" : 36,
	"MaxPlayer" : 1,
	"DefautFishPoolID" : 204,
	"FishingTime" : 300000,
	"IsResume" : 1,
	"RoomIcon" : "room_gold_4",
	"RoomTarget1" : "Gold_RoomTarget_4",
	"RoomCondition" : "7,0,200000000",
	"RoomRewardShow" : 10123404,
	"DropGoldParam" : 1000,
	"RoomParam" : "0"
},
{
	"ID" : 301,
	"RoomName" : "RoomName_301",
	"RoomFirstLayer" : 2,
	"RoomSecondLayer" : 2,
	"GameType" : 3,
	"Difficulty" : 1,
	"MinPointPlay" : 0,
	"EnergyCost" : 12,
	"MaxPlayer" : 1,
	"DefautFishPoolID" : 301,
	"FishingTime" : 300000,
	"IsResume" : 1,
	"RoomIcon" : "room_gold_1",
	"RoomTarget1" : "Stone_RoomTarget_1",
	"RoomCondition" : "9,11501000,10",
	"RoomRewardShow" : 10123421,
	"RoomParam" : "0"
},
{
	"ID" : 302,
	"RoomName" : "RoomName_302",
	"RoomFirstLayer" : 2,
	"RoomSecondLayer" : 2,
	"GameType" : 3,
	"Difficulty" : 20,
	"MinPointPlay" : 2000,
	"EnergyCost" : 24,
	"MaxPlayer" : 1,
	"DefautFishPoolID" : 302,
	"FishingTime" : 300000,
	"IsResume" : 1,
	"RoomIcon" : "room_gold_2",
	"RoomTarget1" : "Stone_RoomTarget_2",
	"RoomCondition" : "9,11501000,30",
	"RoomRewardShow" : 10123422,
	"RoomParam" : "0"
},
{
	"ID" : 303,
	"RoomName" : "RoomName_303",
	"RoomFirstLayer" : 2,
	"RoomSecondLayer" : 2,
	"GameType" : 3,
	"Difficulty" : 45,
	"MinPointPlay" : 12000,
	"EnergyCost" : 30,
	"MaxPlayer" : 1,
	"DefautFishPoolID" : 303,
	"FishingTime" : 300000,
	"IsResume" : 1,
	"RoomIcon" : "room_gold_3",
	"RoomTarget1" : "Stone_RoomTarget_3",
	"RoomCondition" : "9,11501000,80",
	"RoomRewardShow" : 10123423,
	"RoomParam" : "0"
},
{
	"ID" : 304,
	"RoomName" : "RoomName_304",
	"RoomFirstLayer" : 2,
	"RoomSecondLayer" : 2,
	"GameType" : 3,
	"Difficulty" : 55,
	"MinPointPlay" : 30000,
	"EnergyCost" : 36,
	"MaxPlayer" : 1,
	"DefautFishPoolID" : 304,
	"FishingTime" : 300000,
	"IsResume" : 1,
	"RoomIcon" : "room_gold_4",
	"RoomTarget1" : "Stone_RoomTarget_4",
	"RoomCondition" : "9,11501000,200",
	"RoomRewardShow" : 10123424,
	"RoomParam" : "0"
},
{
	"ID" : 401,
	"RoomName" : "RoomName_401",
	"RoomFirstLayer" : 2,
	"RoomSecondLayer" : 3,
	"GameType" : 4,
	"Difficulty" : 1,
	"MinPointPlay" : 0,
	"EnergyCost" : 12,
	"MaxPlayer" : 1,
	"DefautFishPoolID" : 401,
	"FishingTime" : 300000,
	"IsResume" : 1,
	"RoomIcon" : "room_gold_1",
	"RoomTarget1" : "Feather_RoomTarget_1",
	"RoomCondition" : "9,11601001,30",
	"RoomRewardShow" : 10123441,
	"RoomParam" : "0"
},
{
	"ID" : 402,
	"RoomName" : "RoomName_402",
	"RoomFirstLayer" : 2,
	"RoomSecondLayer" : 3,
	"GameType" : 4,
	"Difficulty" : 20,
	"MinPointPlay" : 2000,
	"EnergyCost" : 24,
	"MaxPlayer" : 1,
	"DefautFishPoolID" : 402,
	"FishingTime" : 300000,
	"IsResume" : 1,
	"RoomIcon" : "room_gold_2",
	"RoomTarget1" : "Feather_RoomTarget_2",
	"RoomCondition" : "9,11601001,100",
	"RoomRewardShow" : 10123442,
	"RoomParam" : "0"
},
{
	"ID" : 403,
	"RoomName" : "RoomName_403",
	"RoomFirstLayer" : 2,
	"RoomSecondLayer" : 3,
	"GameType" : 4,
	"Difficulty" : 45,
	"MinPointPlay" : 12000,
	"EnergyCost" : 30,
	"MaxPlayer" : 1,
	"DefautFishPoolID" : 403,
	"FishingTime" : 300000,
	"IsResume" : 1,
	"RoomIcon" : "room_gold_3",
	"RoomTarget1" : "Feather_RoomTarget_3",
	"RoomCondition" : "9,11601001,300",
	"RoomRewardShow" : 10123443,
	"RoomParam" : "0"
},
{
	"ID" : 404,
	"RoomName" : "RoomName_404",
	"RoomFirstLayer" : 2,
	"RoomSecondLayer" : 3,
	"GameType" : 4,
	"Difficulty" : 55,
	"MinPointPlay" : 30000,
	"EnergyCost" : 36,
	"MaxPlayer" : 1,
	"DefautFishPoolID" : 404,
	"FishingTime" : 300000,
	"IsResume" : 1,
	"RoomIcon" : "room_gold_4",
	"RoomTarget1" : "Feather_RoomTarget_4",
	"RoomCondition" : "9,11601001,500",
	"RoomRewardShow" : 10123444,
	"RoomParam" : "0"
},
{
	"ID" : 501,
	"RoomName" : "RoomName_501",
	"RoomFirstLayer" : 3,
	"GameType" : 6,
	"DailyTimes" : 2,
	"MaxPlayer" : 1,
	"DefautFishPoolID" : 501,
	"FishingTime" : 300000,
	"IsResume" : 1,
	"ArenaFishList" : "5051,5052,5053,5054,5055,5101,5102,5103,5104,5105",
	"RoomParam" : "0"
},
{
	"ID" : 10103,
	"RoomName" : "RoomName_10103",
	"RoomFirstLayer" : 1,
	"GameType" : 6,
	"MinGoldPlay" : 10000000,
	"MaxGoldPlay" : 500000000,
	"SkipGold" : 500000000,
	"MaxPlayer" : 4,
	"DefautFishPoolID" : 153,
	"AdditionFishPool" : "1,180000,103,1,900000,2003",
	"IsResume" : 0,
	"KickOutTime" : 180000,
	"TurretRate" : "10000,20000,40000,60000,80000,100000",
	"RoomIcon" : "room_3",
	"RoomIconParam" : "0,1,2,animation,T_UnlockNewRoom3",
	"RoomRewardShow" : 10000503,
	"RoomRewardLootID" : 10000503,
	"RoomIntroduceBoss" : "213,214,305,215,304,501,502,504,505,206,208,218,219",
	"PersonalRefund" : "20,40000000,0",
	"TableRefund" : "10,50000000,0",
	"RoomRefund" : "0,200000000",
	"TurretParam" : "100,1000",
	"RoomTax" : 0,
	"RandomQuestList" : "301,302,303,304,305,321,322,323,324,325,326,327,328,329,330,331,332,333,334,335,336,337,338,339,340",
	"DropGoldParam" : 20000,
	"MinusParam" : "5,40,5,40,10000,5,5",
	"RoomParam" : "1",
	"BombList" : "5,11901006,11901001,11901002,11901003,11901004",
	"ShortFishList" : "213,220,215,214",
	"ShortRewardList" : "11901002,10101060,10101050,11501013,11501014",
	"BombConvert" : 11901002,
	"MinusRangeParam" : "150,1000000000,450,2000000000,250"
}
]