[
{
	"ID" : 0, 
	"GroupID" : 0, 
	"Catalog" : 0, 
	"CatalogLocalization" : "", 
	"Condition" : "", 
	"ConditionLocalization" : "", 
	"LootID" : "", 
	"DynamicTarget" : 0
},
{
	"ID" : 1,
	"GroupID" : 1,
	"Catalog" : 1,
	"CatalogLocalization" : "GT1_Desc_1",
	"Condition" : "18,0,199",
	"ConditionLocalization" : "GT1_Condition_Desc_1",
	"LootID" : "10000201,3,10000201"
},
{
	"ID" : 2,
	"GroupID" : 1,
	"Catalog" : 1,
	"CatalogLocalization" : "GT1_Desc_1",
	"Condition" : "18,0,799",
	"ConditionLocalization" : "GT1_Condition_Desc_1",
	"LootID" : "10000202,3,10000202"
},
{
	"ID" : 3,
	"GroupID" : 1,
	"Catalog" : 1,
	"CatalogLocalization" : "GT1_Desc_1",
	"Condition" : "18,0,1499",
	"ConditionLocalization" : "GT1_Condition_Desc_1",
	"LootID" : "10000203,3,10000203"
},
{
	"ID" : 4,
	"GroupID" : 1,
	"Catalog" : 1,
	"CatalogLocalization" : "GT1_Desc_1",
	"Condition" : "18,0,4699",
	"ConditionLocalization" : "GT1_Condition_Desc_1",
	"LootID" : "10000204,3,10000204"
},
{
	"ID" : 5,
	"GroupID" : 1,
	"Catalog" : 1,
	"CatalogLocalization" : "GT1_Desc_1",
	"Condition" : "18,0,7999",
	"ConditionLocalization" : "GT1_Condition_Desc_1",
	"LootID" : "10000205,3,10000205"
},
{
	"ID" : 6,
	"GroupID" : 1,
	"Catalog" : 1,
	"CatalogLocalization" : "GT1_Desc_1",
	"Condition" : "18,0,14999",
	"ConditionLocalization" : "GT1_Condition_Desc_1",
	"LootID" : "10000206,3,10000206"
},
{
	"ID" : 7,
	"GroupID" : 1,
	"Catalog" : 1,
	"CatalogLocalization" : "GT1_Desc_1",
	"Condition" : "18,0,29999",
	"ConditionLocalization" : "GT1_Condition_Desc_1",
	"LootID" : "10000207,3,10000207"
},
{
	"ID" : 8,
	"GroupID" : 2,
	"Catalog" : 1,
	"CatalogLocalization" : "GT2_Desc_1",
	"Condition" : "21,0,199",
	"ConditionLocalization" : "GT2_Condition_Desc_1",
	"LootID" : "10002001"
},
{
	"ID" : 9,
	"GroupID" : 2,
	"Catalog" : 1,
	"CatalogLocalization" : "GT2_Desc_1",
	"Condition" : "21,0,799",
	"ConditionLocalization" : "GT2_Condition_Desc_1",
	"LootID" : "10002002"
},
{
	"ID" : 10,
	"GroupID" : 2,
	"Catalog" : 1,
	"CatalogLocalization" : "GT2_Desc_1",
	"Condition" : "21,0,1499",
	"ConditionLocalization" : "GT2_Condition_Desc_1",
	"LootID" : "10002003"
},
{
	"ID" : 11,
	"GroupID" : 2,
	"Catalog" : 1,
	"CatalogLocalization" : "GT2_Desc_1",
	"Condition" : "21,0,4699",
	"ConditionLocalization" : "GT2_Condition_Desc_1",
	"LootID" : "10002004"
},
{
	"ID" : 12,
	"GroupID" : 2,
	"Catalog" : 1,
	"CatalogLocalization" : "GT2_Desc_1",
	"Condition" : "21,0,7999",
	"ConditionLocalization" : "GT2_Condition_Desc_1",
	"LootID" : "10002005"
},
{
	"ID" : 13,
	"GroupID" : 2,
	"Catalog" : 1,
	"CatalogLocalization" : "GT2_Desc_1",
	"Condition" : "21,0,14999",
	"ConditionLocalization" : "GT2_Condition_Desc_1",
	"LootID" : "10002006"
},
{
	"ID" : 14,
	"GroupID" : 2,
	"Catalog" : 1,
	"CatalogLocalization" : "GT2_Desc_1",
	"Condition" : "21,0,29999",
	"ConditionLocalization" : "GT2_Condition_Desc_1",
	"LootID" : "10002007"
},
{
	"ID" : 15,
	"GroupID" : 3,
	"Catalog" : 1,
	"CatalogLocalization" : "GT3_Desc_1",
	"Condition" : "20,0,500",
	"ConditionLocalization" : "GT3_Condition_Desc_1",
	"LootID" : "10002008"
},
{
	"ID" : 16,
	"GroupID" : 3,
	"Catalog" : 1,
	"CatalogLocalization" : "GT3_Desc_1",
	"Condition" : "20,0,1500",
	"ConditionLocalization" : "GT3_Condition_Desc_1",
	"LootID" : "10002009"
},
{
	"ID" : 17,
	"GroupID" : 3,
	"Catalog" : 1,
	"CatalogLocalization" : "GT3_Desc_1",
	"Condition" : "20,0,2500",
	"ConditionLocalization" : "GT3_Condition_Desc_1",
	"LootID" : "10002010"
},
{
	"ID" : 18,
	"GroupID" : 3,
	"Catalog" : 1,
	"CatalogLocalization" : "GT3_Desc_1",
	"Condition" : "20,0,5000",
	"ConditionLocalization" : "GT3_Condition_Desc_1",
	"LootID" : "10002011"
},
{
	"ID" : 19,
	"GroupID" : 3,
	"Catalog" : 1,
	"CatalogLocalization" : "GT3_Desc_1",
	"Condition" : "20,0,10000",
	"ConditionLocalization" : "GT3_Condition_Desc_1",
	"LootID" : "10002012"
},
{
	"ID" : 20,
	"GroupID" : 3,
	"Catalog" : 1,
	"CatalogLocalization" : "GT3_Desc_1",
	"Condition" : "20,0,25000",
	"ConditionLocalization" : "GT3_Condition_Desc_1",
	"LootID" : "10002013"
},
{
	"ID" : 21,
	"GroupID" : 3,
	"Catalog" : 2,
	"CatalogLocalization" : "GT3_Desc_2",
	"Condition" : "19,10101066,50",
	"ConditionLocalization" : "GT3_Condition_Desc_2",
	"LootID" : "10002014"
},
{
	"ID" : 22,
	"GroupID" : 3,
	"Catalog" : 2,
	"CatalogLocalization" : "GT3_Desc_2",
	"Condition" : "19,10101066,100",
	"ConditionLocalization" : "GT3_Condition_Desc_2",
	"LootID" : "10002015"
},
{
	"ID" : 23,
	"GroupID" : 3,
	"Catalog" : 2,
	"CatalogLocalization" : "GT3_Desc_2",
	"Condition" : "19,10101066,500",
	"ConditionLocalization" : "GT3_Condition_Desc_2",
	"LootID" : "10002016"
},
{
	"ID" : 24,
	"GroupID" : 3,
	"Catalog" : 2,
	"CatalogLocalization" : "GT3_Desc_2",
	"Condition" : "19,10101066,1000",
	"ConditionLocalization" : "GT3_Condition_Desc_2",
	"LootID" : "10002017"
},
{
	"ID" : 25,
	"GroupID" : 3,
	"Catalog" : 2,
	"CatalogLocalization" : "GT3_Desc_2",
	"Condition" : "19,10101066,5000",
	"ConditionLocalization" : "GT3_Condition_Desc_2",
	"LootID" : "10002018,4,10002020"
},
{
	"ID" : 26,
	"GroupID" : 3,
	"Catalog" : 2,
	"CatalogLocalization" : "GT3_Desc_2",
	"Condition" : "19,10101066,10000",
	"ConditionLocalization" : "GT3_Condition_Desc_2",
	"LootID" : "10002019,4,10002021"
},
{
	"ID" : 27,
	"GroupID" : 4,
	"Catalog" : 1,
	"CatalogLocalization" : "GT4_Desc_1",
	"Condition" : "1,0,1",
	"ConditionLocalization" : "GT4_Condition_Desc_1",
	"LootID" : "10002022"
},
{
	"ID" : 28,
	"GroupID" : 4,
	"Catalog" : 1,
	"CatalogLocalization" : "GT4_Desc_1",
	"Condition" : "1,0,2",
	"ConditionLocalization" : "GT4_Condition_Desc_1",
	"LootID" : "10002023"
},
{
	"ID" : 29,
	"GroupID" : 4,
	"Catalog" : 1,
	"CatalogLocalization" : "GT4_Desc_1",
	"Condition" : "1,0,3",
	"ConditionLocalization" : "GT4_Condition_Desc_1",
	"LootID" : "10002024"
},
{
	"ID" : 30,
	"GroupID" : 4,
	"Catalog" : 1,
	"CatalogLocalization" : "GT4_Desc_1",
	"Condition" : "1,0,4",
	"ConditionLocalization" : "GT4_Condition_Desc_1",
	"LootID" : "10002025"
},
{
	"ID" : 31,
	"GroupID" : 4,
	"Catalog" : 1,
	"CatalogLocalization" : "GT4_Desc_1",
	"Condition" : "1,0,5",
	"ConditionLocalization" : "GT4_Condition_Desc_1",
	"LootID" : "10002026"
},
{
	"ID" : 32,
	"GroupID" : 4,
	"Catalog" : 1,
	"CatalogLocalization" : "GT4_Desc_1",
	"Condition" : "1,0,6",
	"ConditionLocalization" : "GT4_Condition_Desc_1",
	"LootID" : "10002027"
},
{
	"ID" : 33,
	"GroupID" : 4,
	"Catalog" : 1,
	"CatalogLocalization" : "GT4_Desc_1",
	"Condition" : "1,0,7",
	"ConditionLocalization" : "GT4_Condition_Desc_1",
	"LootID" : "10002028"
},
{
	"ID" : 34,
	"GroupID" : 4,
	"Catalog" : 1,
	"CatalogLocalization" : "GT4_Desc_1",
	"Condition" : "1,0,8",
	"ConditionLocalization" : "GT4_Condition_Desc_1",
	"LootID" : "10002029"
},
{
	"ID" : 35,
	"GroupID" : 4,
	"Catalog" : 1,
	"CatalogLocalization" : "GT4_Desc_1",
	"Condition" : "1,0,9",
	"ConditionLocalization" : "GT4_Condition_Desc_1",
	"LootID" : "10002030"
},
{
	"ID" : 36,
	"GroupID" : 4,
	"Catalog" : 1,
	"CatalogLocalization" : "GT4_Desc_1",
	"Condition" : "1,0,10",
	"ConditionLocalization" : "GT4_Condition_Desc_1",
	"LootID" : "10002031"
},
{
	"ID" : 37,
	"GroupID" : 4,
	"Catalog" : 2,
	"CatalogLocalization" : "GT4_Desc_2",
	"Condition" : "2,5,1",
	"ConditionLocalization" : "GT4_Condition_Desc_2",
	"LootID" : "10002032"
},
{
	"ID" : 38,
	"GroupID" : 4,
	"Catalog" : 2,
	"CatalogLocalization" : "GT4_Desc_2",
	"Condition" : "2,5,5",
	"ConditionLocalization" : "GT4_Condition_Desc_2",
	"LootID" : "10002033"
},
{
	"ID" : 39,
	"GroupID" : 4,
	"Catalog" : 2,
	"CatalogLocalization" : "GT4_Desc_2",
	"Condition" : "2,5,20",
	"ConditionLocalization" : "GT4_Condition_Desc_2",
	"LootID" : "10002034"
},
{
	"ID" : 40,
	"GroupID" : 4,
	"Catalog" : 2,
	"CatalogLocalization" : "GT4_Desc_2",
	"Condition" : "2,5,50",
	"ConditionLocalization" : "GT4_Condition_Desc_2",
	"LootID" : "10002035"
},
{
	"ID" : 41,
	"GroupID" : 4,
	"Catalog" : 2,
	"CatalogLocalization" : "GT4_Desc_2",
	"Condition" : "2,5,100",
	"ConditionLocalization" : "GT4_Condition_Desc_2",
	"LootID" : "10002036"
},
{
	"ID" : 42,
	"GroupID" : 4,
	"Catalog" : 2,
	"CatalogLocalization" : "GT4_Desc_2",
	"Condition" : "2,5,200",
	"ConditionLocalization" : "GT4_Condition_Desc_2",
	"LootID" : "10002037"
},
{
	"ID" : 43,
	"GroupID" : 4,
	"Catalog" : 3,
	"CatalogLocalization" : "GT4_Desc_3",
	"Condition" : "9,5,50",
	"ConditionLocalization" : "GT4_Condition_Desc_3",
	"LootID" : "10002038"
},
{
	"ID" : 44,
	"GroupID" : 4,
	"Catalog" : 3,
	"CatalogLocalization" : "GT4_Desc_3",
	"Condition" : "9,5,100",
	"ConditionLocalization" : "GT4_Condition_Desc_3",
	"LootID" : "10002039"
},
{
	"ID" : 45,
	"GroupID" : 4,
	"Catalog" : 3,
	"CatalogLocalization" : "GT4_Desc_3",
	"Condition" : "9,5,500",
	"ConditionLocalization" : "GT4_Condition_Desc_3",
	"LootID" : "10002040"
},
{
	"ID" : 46,
	"GroupID" : 4,
	"Catalog" : 3,
	"CatalogLocalization" : "GT4_Desc_3",
	"Condition" : "9,5,1000",
	"ConditionLocalization" : "GT4_Condition_Desc_3",
	"LootID" : "10002041"
},
{
	"ID" : 47,
	"GroupID" : 4,
	"Catalog" : 3,
	"CatalogLocalization" : "GT4_Desc_3",
	"Condition" : "9,5,5000",
	"ConditionLocalization" : "GT4_Condition_Desc_3",
	"LootID" : "10002042"
},
{
	"ID" : 48,
	"GroupID" : 4,
	"Catalog" : 3,
	"CatalogLocalization" : "GT4_Desc_3",
	"Condition" : "9,5,10000",
	"ConditionLocalization" : "GT4_Condition_Desc_3",
	"LootID" : "10002043"
},
{
	"ID" : 49,
	"GroupID" : 5,
	"Catalog" : 1,
	"CatalogLocalization" : "GT2_Desc_1",
	"Condition" : "21,0,199",
	"ConditionLocalization" : "GT2_Condition_Desc_1",
	"LootID" : "10002044"
},
{
	"ID" : 50,
	"GroupID" : 5,
	"Catalog" : 1,
	"CatalogLocalization" : "GT2_Desc_1",
	"Condition" : "21,0,799",
	"ConditionLocalization" : "GT2_Condition_Desc_1",
	"LootID" : "10002045"
},
{
	"ID" : 51,
	"GroupID" : 5,
	"Catalog" : 1,
	"CatalogLocalization" : "GT2_Desc_1",
	"Condition" : "21,0,1499",
	"ConditionLocalization" : "GT2_Condition_Desc_1",
	"LootID" : "10002046"
},
{
	"ID" : 52,
	"GroupID" : 5,
	"Catalog" : 1,
	"CatalogLocalization" : "GT2_Desc_1",
	"Condition" : "21,0,4699",
	"ConditionLocalization" : "GT2_Condition_Desc_1",
	"LootID" : "10002047"
},
{
	"ID" : 53,
	"GroupID" : 5,
	"Catalog" : 1,
	"CatalogLocalization" : "GT2_Desc_1",
	"Condition" : "21,0,7999",
	"ConditionLocalization" : "GT2_Condition_Desc_1",
	"LootID" : "10002048"
},
{
	"ID" : 54,
	"GroupID" : 5,
	"Catalog" : 1,
	"CatalogLocalization" : "GT2_Desc_1",
	"Condition" : "21,0,14999",
	"ConditionLocalization" : "GT2_Condition_Desc_1",
	"LootID" : "10002049"
},
{
	"ID" : 55,
	"GroupID" : 5,
	"Catalog" : 1,
	"CatalogLocalization" : "GT2_Desc_1",
	"Condition" : "21,0,29999",
	"ConditionLocalization" : "GT2_Condition_Desc_1",
	"LootID" : "10002050"
},
{
	"ID" : 56,
	"GroupID" : 6,
	"Catalog" : 1,
	"CatalogLocalization" : "GT2_Desc_1",
	"Condition" : "21,0,199",
	"ConditionLocalization" : "GT2_Condition_Desc_1",
	"LootID" : "10002001"
},
{
	"ID" : 57,
	"GroupID" : 6,
	"Catalog" : 1,
	"CatalogLocalization" : "GT2_Desc_1",
	"Condition" : "21,0,799",
	"ConditionLocalization" : "GT2_Condition_Desc_1",
	"LootID" : "10002002"
},
{
	"ID" : 58,
	"GroupID" : 6,
	"Catalog" : 1,
	"CatalogLocalization" : "GT2_Desc_1",
	"Condition" : "21,0,1499",
	"ConditionLocalization" : "GT2_Condition_Desc_1",
	"LootID" : "10002003"
},
{
	"ID" : 59,
	"GroupID" : 6,
	"Catalog" : 1,
	"CatalogLocalization" : "GT2_Desc_1",
	"Condition" : "21,0,4699",
	"ConditionLocalization" : "GT2_Condition_Desc_1",
	"LootID" : "10002004"
},
{
	"ID" : 60,
	"GroupID" : 6,
	"Catalog" : 1,
	"CatalogLocalization" : "GT2_Desc_1",
	"Condition" : "21,0,7999",
	"ConditionLocalization" : "GT2_Condition_Desc_1",
	"LootID" : "10002005"
},
{
	"ID" : 61,
	"GroupID" : 6,
	"Catalog" : 1,
	"CatalogLocalization" : "GT2_Desc_1",
	"Condition" : "21,0,14999",
	"ConditionLocalization" : "GT2_Condition_Desc_1",
	"LootID" : "10002006"
},
{
	"ID" : 62,
	"GroupID" : 6,
	"Catalog" : 1,
	"CatalogLocalization" : "GT2_Desc_1",
	"Condition" : "21,0,29999",
	"ConditionLocalization" : "GT2_Condition_Desc_1",
	"LootID" : "10002007"
},
{
	"ID" : 63,
	"GroupID" : 7,
	"Catalog" : 1,
	"CatalogLocalization" : "GT4_Desc_1",
	"Condition" : "22,0,1",
	"ConditionLocalization" : "GT7_Condition_Desc_1",
	"LootID" : "10002051"
},
{
	"ID" : 64,
	"GroupID" : 7,
	"Catalog" : 1,
	"CatalogLocalization" : "GT4_Desc_2",
	"Condition" : "23,3,5",
	"ConditionLocalization" : "GT7_Condition_Desc_2",
	"LootID" : "10002052"
},
{
	"ID" : 65,
	"GroupID" : 7,
	"Catalog" : 1,
	"CatalogLocalization" : "GT4_Desc_2",
	"Condition" : "23,4,5",
	"ConditionLocalization" : "GT7_Condition_Desc_3",
	"LootID" : "10002053"
},
{
	"ID" : 66,
	"GroupID" : 7,
	"Catalog" : 1,
	"CatalogLocalization" : "GT4_Desc_2",
	"Condition" : "23,5,5",
	"ConditionLocalization" : "GT7_Condition_Desc_4",
	"LootID" : "10002054"
},
{
	"ID" : 9999,
	"GroupID" : 7,
	"Catalog" : 1,
	"CatalogLocalization" : "GT4_Desc_2",
	"Condition" : "24,4,1",
	"ConditionLocalization" : "GT7_Condition_Desc_5",
	"LootID" : "10002129"
},
{
	"ID" : 67,
	"GroupID" : 7,
	"Catalog" : 1,
	"CatalogLocalization" : "GT4_Desc_2",
	"Condition" : "24,4,2",
	"ConditionLocalization" : "GT7_Condition_Desc_5",
	"LootID" : "10002055"
},
{
	"ID" : 68,
	"GroupID" : 7,
	"Catalog" : 1,
	"CatalogLocalization" : "GT2_Desc_1",
	"Condition" : "21,0,199",
	"ConditionLocalization" : "GT7_Condition_Desc_6",
	"LootID" : "10002056"
},
{
	"ID" : 69,
	"GroupID" : 7,
	"Catalog" : 1,
	"CatalogLocalization" : "GT2_Desc_1",
	"Condition" : "21,0,799",
	"ConditionLocalization" : "GT7_Condition_Desc_6",
	"LootID" : "10002057"
},
{
	"ID" : 70,
	"GroupID" : 7,
	"Catalog" : 1,
	"CatalogLocalization" : "GT2_Desc_1",
	"Condition" : "21,0,1499",
	"ConditionLocalization" : "GT7_Condition_Desc_6",
	"LootID" : "10002058"
},
{
	"ID" : 71,
	"GroupID" : 7,
	"Catalog" : 1,
	"CatalogLocalization" : "GT2_Desc_1",
	"Condition" : "21,0,2999",
	"ConditionLocalization" : "GT7_Condition_Desc_6",
	"LootID" : "10002059"
},
{
	"ID" : 72,
	"GroupID" : 7,
	"Catalog" : 1,
	"CatalogLocalization" : "GT2_Desc_1",
	"Condition" : "21,0,7999",
	"ConditionLocalization" : "GT7_Condition_Desc_6",
	"LootID" : "10002060"
},
{
	"ID" : 73,
	"GroupID" : 7,
	"Catalog" : 1,
	"CatalogLocalization" : "GT2_Desc_1",
	"Condition" : "21,0,14999",
	"ConditionLocalization" : "GT7_Condition_Desc_6",
	"LootID" : "10002061"
},
{
	"ID" : 74,
	"GroupID" : 8,
	"Catalog" : 1,
	"CatalogLocalization" : "GT4_Desc_1",
	"Condition" : "1,0,1",
	"ConditionLocalization" : "GT4_Condition_Desc_1",
	"LootID" : "10002062"
},
{
	"ID" : 75,
	"GroupID" : 8,
	"Catalog" : 1,
	"CatalogLocalization" : "GT4_Desc_1",
	"Condition" : "1,0,2",
	"ConditionLocalization" : "GT4_Condition_Desc_1",
	"LootID" : "10002063"
},
{
	"ID" : 76,
	"GroupID" : 8,
	"Catalog" : 1,
	"CatalogLocalization" : "GT4_Desc_1",
	"Condition" : "1,0,3",
	"ConditionLocalization" : "GT4_Condition_Desc_1",
	"LootID" : "10002064"
},
{
	"ID" : 77,
	"GroupID" : 8,
	"Catalog" : 1,
	"CatalogLocalization" : "GT4_Desc_1",
	"Condition" : "1,0,4",
	"ConditionLocalization" : "GT4_Condition_Desc_1",
	"LootID" : "10002065"
},
{
	"ID" : 78,
	"GroupID" : 8,
	"Catalog" : 1,
	"CatalogLocalization" : "GT4_Desc_1",
	"Condition" : "1,0,5",
	"ConditionLocalization" : "GT4_Condition_Desc_1",
	"LootID" : "10002066"
},
{
	"ID" : 79,
	"GroupID" : 8,
	"Catalog" : 1,
	"CatalogLocalization" : "GT4_Desc_1",
	"Condition" : "1,0,6",
	"ConditionLocalization" : "GT4_Condition_Desc_1",
	"LootID" : "10002067"
},
{
	"ID" : 80,
	"GroupID" : 8,
	"Catalog" : 1,
	"CatalogLocalization" : "GT4_Desc_1",
	"Condition" : "1,0,7",
	"ConditionLocalization" : "GT4_Condition_Desc_1",
	"LootID" : "10002068"
},
{
	"ID" : 81,
	"GroupID" : 8,
	"Catalog" : 1,
	"CatalogLocalization" : "GT4_Desc_1",
	"Condition" : "1,0,8",
	"ConditionLocalization" : "GT4_Condition_Desc_1",
	"LootID" : "10002069"
},
{
	"ID" : 82,
	"GroupID" : 8,
	"Catalog" : 1,
	"CatalogLocalization" : "GT4_Desc_1",
	"Condition" : "1,0,9",
	"ConditionLocalization" : "GT4_Condition_Desc_1",
	"LootID" : "10002070"
},
{
	"ID" : 83,
	"GroupID" : 8,
	"Catalog" : 1,
	"CatalogLocalization" : "GT4_Desc_1",
	"Condition" : "1,0,10",
	"ConditionLocalization" : "GT4_Condition_Desc_1",
	"LootID" : "10002071"
},
{
	"ID" : 84,
	"GroupID" : 8,
	"Catalog" : 2,
	"CatalogLocalization" : "GT8_Desc_2",
	"Condition" : "2,4,2",
	"ConditionLocalization" : "GT8_Condition_Desc_2",
	"LootID" : "10002072"
},
{
	"ID" : 85,
	"GroupID" : 8,
	"Catalog" : 2,
	"CatalogLocalization" : "GT8_Desc_2",
	"Condition" : "2,4,5",
	"ConditionLocalization" : "GT8_Condition_Desc_2",
	"LootID" : "10002073"
},
{
	"ID" : 86,
	"GroupID" : 8,
	"Catalog" : 2,
	"CatalogLocalization" : "GT8_Desc_2",
	"Condition" : "2,4,10",
	"ConditionLocalization" : "GT8_Condition_Desc_2",
	"LootID" : "10002074"
},
{
	"ID" : 87,
	"GroupID" : 8,
	"Catalog" : 2,
	"CatalogLocalization" : "GT8_Desc_2",
	"Condition" : "2,4,20",
	"ConditionLocalization" : "GT8_Condition_Desc_2",
	"LootID" : "10002075"
},
{
	"ID" : 88,
	"GroupID" : 8,
	"Catalog" : 2,
	"CatalogLocalization" : "GT8_Desc_2",
	"Condition" : "2,4,50",
	"ConditionLocalization" : "GT8_Condition_Desc_2",
	"LootID" : "10002076"
},
{
	"ID" : 89,
	"GroupID" : 8,
	"Catalog" : 2,
	"CatalogLocalization" : "GT8_Desc_2",
	"Condition" : "2,4,100",
	"ConditionLocalization" : "GT8_Condition_Desc_2",
	"LootID" : "10002077"
},
{
	"ID" : 90,
	"GroupID" : 8,
	"Catalog" : 3,
	"CatalogLocalization" : "GT3_Desc_1",
	"Condition" : "20,0,200",
	"ConditionLocalization" : "GT3_Condition_Desc_1",
	"LootID" : "10002078"
},
{
	"ID" : 91,
	"GroupID" : 8,
	"Catalog" : 3,
	"CatalogLocalization" : "GT3_Desc_1",
	"Condition" : "20,0,500",
	"ConditionLocalization" : "GT3_Condition_Desc_1",
	"LootID" : "10002079"
},
{
	"ID" : 92,
	"GroupID" : 8,
	"Catalog" : 3,
	"CatalogLocalization" : "GT3_Desc_1",
	"Condition" : "20,0,1000",
	"ConditionLocalization" : "GT3_Condition_Desc_1",
	"LootID" : "10002080"
},
{
	"ID" : 93,
	"GroupID" : 8,
	"Catalog" : 3,
	"CatalogLocalization" : "GT3_Desc_1",
	"Condition" : "20,0,5000",
	"ConditionLocalization" : "GT3_Condition_Desc_1",
	"LootID" : "10002081"
},
{
	"ID" : 94,
	"GroupID" : 8,
	"Catalog" : 3,
	"CatalogLocalization" : "GT3_Desc_1",
	"Condition" : "20,0,10000",
	"ConditionLocalization" : "GT3_Condition_Desc_1",
	"LootID" : "10002082"
},
{
	"ID" : 95,
	"GroupID" : 8,
	"Catalog" : 3,
	"CatalogLocalization" : "GT3_Desc_1",
	"Condition" : "20,0,20000",
	"ConditionLocalization" : "GT3_Condition_Desc_1",
	"LootID" : "10002083"
},
{
	"ID" : 96,
	"GroupID" : 9,
	"Catalog" : 1,
	"CatalogLocalization" : "GT2_Desc_1",
	"Condition" : "22,0,1",
	"ConditionLocalization" : "GT7_Condition_Desc_1",
	"LootID" : "10002084"
},
{
	"ID" : 97,
	"GroupID" : 9,
	"Catalog" : 1,
	"CatalogLocalization" : "GT2_Desc_1",
	"Condition" : "24,4,1",
	"ConditionLocalization" : "GT7_Condition_Desc_5",
	"LootID" : "10002085",
	"DynamicTarget" : 1
},
{
	"ID" : 102,
	"GroupID" : 9,
	"Catalog" : 1,
	"CatalogLocalization" : "GT2_Desc_1",
	"Condition" : "23,5,2",
	"ConditionLocalization" : "GT7_Condition_Desc_4",
	"LootID" : "10002090",
	"DynamicTarget" : 5
},
{
	"ID" : 100,
	"GroupID" : 9,
	"Catalog" : 1,
	"CatalogLocalization" : "GT2_Desc_1",
	"Condition" : "23,3,2",
	"ConditionLocalization" : "GT7_Condition_Desc_2",
	"LootID" : "10002088",
	"DynamicTarget" : 3
},
{
	"ID" : 101,
	"GroupID" : 9,
	"Catalog" : 1,
	"CatalogLocalization" : "GT2_Desc_1",
	"Condition" : "23,4,2",
	"ConditionLocalization" : "GT7_Condition_Desc_3",
	"LootID" : "10002089",
	"DynamicTarget" : 4
},
{
	"ID" : 99,
	"GroupID" : 9,
	"Catalog" : 1,
	"CatalogLocalization" : "GT2_Desc_1",
	"Condition" : "26,0,10",
	"ConditionLocalization" : "GT7_Condition_Desc_8",
	"LootID" : "10002087",
	"DynamicTarget" : 11
},
{
	"ID" : 103,
	"GroupID" : 10,
	"Catalog" : 1,
	"CatalogLocalization" : "GT4_Desc_1",
	"Condition" : "1,0,1",
	"ConditionLocalization" : "GT4_Condition_Desc_1",
	"LootID" : "10002091"
},
{
	"ID" : 104,
	"GroupID" : 10,
	"Catalog" : 1,
	"CatalogLocalization" : "GT4_Desc_1",
	"Condition" : "1,0,2",
	"ConditionLocalization" : "GT4_Condition_Desc_1",
	"LootID" : "10002092"
},
{
	"ID" : 105,
	"GroupID" : 10,
	"Catalog" : 1,
	"CatalogLocalization" : "GT4_Desc_1",
	"Condition" : "1,0,3",
	"ConditionLocalization" : "GT4_Condition_Desc_1",
	"LootID" : "10002093"
},
{
	"ID" : 106,
	"GroupID" : 10,
	"Catalog" : 1,
	"CatalogLocalization" : "GT4_Desc_1",
	"Condition" : "1,0,4",
	"ConditionLocalization" : "GT4_Condition_Desc_1",
	"LootID" : "10002094"
},
{
	"ID" : 107,
	"GroupID" : 10,
	"Catalog" : 1,
	"CatalogLocalization" : "GT4_Desc_1",
	"Condition" : "1,0,5",
	"ConditionLocalization" : "GT4_Condition_Desc_1",
	"LootID" : "10002095"
},
{
	"ID" : 108,
	"GroupID" : 10,
	"Catalog" : 2,
	"CatalogLocalization" : "GT8_Desc_2",
	"Condition" : "2,4,1",
	"ConditionLocalization" : "GT8_Condition_Desc_2",
	"LootID" : "10002096"
},
{
	"ID" : 109,
	"GroupID" : 10,
	"Catalog" : 2,
	"CatalogLocalization" : "GT8_Desc_2",
	"Condition" : "2,4,5",
	"ConditionLocalization" : "GT8_Condition_Desc_2",
	"LootID" : "10002097"
},
{
	"ID" : 110,
	"GroupID" : 10,
	"Catalog" : 2,
	"CatalogLocalization" : "GT8_Desc_2",
	"Condition" : "2,4,10",
	"ConditionLocalization" : "GT8_Condition_Desc_2",
	"LootID" : "10002098"
},
{
	"ID" : 111,
	"GroupID" : 10,
	"Catalog" : 2,
	"CatalogLocalization" : "GT8_Desc_2",
	"Condition" : "2,4,15",
	"ConditionLocalization" : "GT8_Condition_Desc_2",
	"LootID" : "10002099"
},
{
	"ID" : 112,
	"GroupID" : 11,
	"Catalog" : 1,
	"CatalogLocalization" : "GT4_Desc_1",
	"Condition" : "1,0,1",
	"ConditionLocalization" : "GT4_Condition_Desc_1",
	"LootID" : "10002100"
},
{
	"ID" : 113,
	"GroupID" : 11,
	"Catalog" : 1,
	"CatalogLocalization" : "GT4_Desc_1",
	"Condition" : "1,0,2",
	"ConditionLocalization" : "GT4_Condition_Desc_1",
	"LootID" : "10002101"
},
{
	"ID" : 114,
	"GroupID" : 11,
	"Catalog" : 1,
	"CatalogLocalization" : "GT4_Desc_1",
	"Condition" : "1,0,3",
	"ConditionLocalization" : "GT4_Condition_Desc_1",
	"LootID" : "10002102"
},
{
	"ID" : 115,
	"GroupID" : 11,
	"Catalog" : 1,
	"CatalogLocalization" : "GT4_Desc_1",
	"Condition" : "1,0,4",
	"ConditionLocalization" : "GT4_Condition_Desc_1",
	"LootID" : "10002103"
},
{
	"ID" : 116,
	"GroupID" : 11,
	"Catalog" : 1,
	"CatalogLocalization" : "GT4_Desc_1",
	"Condition" : "1,0,5",
	"ConditionLocalization" : "GT4_Condition_Desc_1",
	"LootID" : "10002104"
},
{
	"ID" : 117,
	"GroupID" : 11,
	"Catalog" : 2,
	"CatalogLocalization" : "GT8_Desc_2",
	"Condition" : "2,4,1",
	"ConditionLocalization" : "GT8_Condition_Desc_2",
	"LootID" : "10002105"
},
{
	"ID" : 118,
	"GroupID" : 11,
	"Catalog" : 2,
	"CatalogLocalization" : "GT8_Desc_2",
	"Condition" : "2,4,5",
	"ConditionLocalization" : "GT8_Condition_Desc_2",
	"LootID" : "10002106"
},
{
	"ID" : 119,
	"GroupID" : 11,
	"Catalog" : 2,
	"CatalogLocalization" : "GT8_Desc_2",
	"Condition" : "2,4,10",
	"ConditionLocalization" : "GT8_Condition_Desc_2",
	"LootID" : "10002107"
},
{
	"ID" : 120,
	"GroupID" : 11,
	"Catalog" : 2,
	"CatalogLocalization" : "GT8_Desc_2",
	"Condition" : "2,4,15",
	"ConditionLocalization" : "GT8_Condition_Desc_2",
	"LootID" : "10002108"
},
{
	"ID" : 121,
	"GroupID" : 12,
	"Catalog" : 1,
	"CatalogLocalization" : "GT4_Desc_1",
	"Condition" : "1,0,1",
	"ConditionLocalization" : "GT4_Condition_Desc_1",
	"LootID" : "10002109"
},
{
	"ID" : 122,
	"GroupID" : 12,
	"Catalog" : 1,
	"CatalogLocalization" : "GT4_Desc_1",
	"Condition" : "1,0,2",
	"ConditionLocalization" : "GT4_Condition_Desc_1",
	"LootID" : "10002110"
},
{
	"ID" : 123,
	"GroupID" : 12,
	"Catalog" : 1,
	"CatalogLocalization" : "GT4_Desc_1",
	"Condition" : "1,0,3",
	"ConditionLocalization" : "GT4_Condition_Desc_1",
	"LootID" : "10002111"
},
{
	"ID" : 124,
	"GroupID" : 12,
	"Catalog" : 1,
	"CatalogLocalization" : "GT4_Desc_1",
	"Condition" : "1,0,4",
	"ConditionLocalization" : "GT4_Condition_Desc_1",
	"LootID" : "10002112"
},
{
	"ID" : 125,
	"GroupID" : 12,
	"Catalog" : 1,
	"CatalogLocalization" : "GT4_Desc_1",
	"Condition" : "1,0,5",
	"ConditionLocalization" : "GT4_Condition_Desc_1",
	"LootID" : "10002113"
},
{
	"ID" : 126,
	"GroupID" : 12,
	"Catalog" : 2,
	"CatalogLocalization" : "GT8_Desc_2",
	"Condition" : "2,4,1",
	"ConditionLocalization" : "GT8_Condition_Desc_2",
	"LootID" : "10002114"
},
{
	"ID" : 127,
	"GroupID" : 12,
	"Catalog" : 2,
	"CatalogLocalization" : "GT8_Desc_2",
	"Condition" : "2,4,5",
	"ConditionLocalization" : "GT8_Condition_Desc_2",
	"LootID" : "10002115"
},
{
	"ID" : 128,
	"GroupID" : 12,
	"Catalog" : 2,
	"CatalogLocalization" : "GT8_Desc_2",
	"Condition" : "2,4,10",
	"ConditionLocalization" : "GT8_Condition_Desc_2",
	"LootID" : "10002116"
},
{
	"ID" : 129,
	"GroupID" : 12,
	"Catalog" : 2,
	"CatalogLocalization" : "GT8_Desc_2",
	"Condition" : "2,4,15",
	"ConditionLocalization" : "GT8_Condition_Desc_2",
	"LootID" : "10002117"
},
{
	"ID" : 130,
	"GroupID" : 12,
	"Catalog" : 2,
	"CatalogLocalization" : "GT8_Desc_2",
	"Condition" : "2,4,30",
	"ConditionLocalization" : "GT8_Condition_Desc_2",
	"LootID" : "10002118"
},
{
	"ID" : 131,
	"GroupID" : 13,
	"Catalog" : 1,
	"CatalogLocalization" : "GT4_Desc_1",
	"Condition" : "1,0,1",
	"ConditionLocalization" : "GT4_Condition_Desc_1",
	"LootID" : "10002119"
},
{
	"ID" : 132,
	"GroupID" : 13,
	"Catalog" : 1,
	"CatalogLocalization" : "GT4_Desc_1",
	"Condition" : "1,0,2",
	"ConditionLocalization" : "GT4_Condition_Desc_1",
	"LootID" : "10002120"
},
{
	"ID" : 133,
	"GroupID" : 13,
	"Catalog" : 1,
	"CatalogLocalization" : "GT4_Desc_1",
	"Condition" : "1,0,3",
	"ConditionLocalization" : "GT4_Condition_Desc_1",
	"LootID" : "10002121"
},
{
	"ID" : 134,
	"GroupID" : 13,
	"Catalog" : 1,
	"CatalogLocalization" : "GT4_Desc_1",
	"Condition" : "1,0,4",
	"ConditionLocalization" : "GT4_Condition_Desc_1",
	"LootID" : "10002122"
},
{
	"ID" : 135,
	"GroupID" : 13,
	"Catalog" : 1,
	"CatalogLocalization" : "GT4_Desc_1",
	"Condition" : "1,0,5",
	"ConditionLocalization" : "GT4_Condition_Desc_1",
	"LootID" : "10002123"
},
{
	"ID" : 136,
	"GroupID" : 13,
	"Catalog" : 2,
	"CatalogLocalization" : "GT8_Desc_2",
	"Condition" : "2,4,1",
	"ConditionLocalization" : "GT8_Condition_Desc_2",
	"LootID" : "10002124"
},
{
	"ID" : 137,
	"GroupID" : 13,
	"Catalog" : 2,
	"CatalogLocalization" : "GT8_Desc_2",
	"Condition" : "2,4,5",
	"ConditionLocalization" : "GT8_Condition_Desc_2",
	"LootID" : "10002125"
},
{
	"ID" : 138,
	"GroupID" : 13,
	"Catalog" : 2,
	"CatalogLocalization" : "GT8_Desc_2",
	"Condition" : "2,4,10",
	"ConditionLocalization" : "GT8_Condition_Desc_2",
	"LootID" : "10002126"
},
{
	"ID" : 139,
	"GroupID" : 13,
	"Catalog" : 2,
	"CatalogLocalization" : "GT8_Desc_2",
	"Condition" : "2,4,15",
	"ConditionLocalization" : "GT8_Condition_Desc_2",
	"LootID" : "10002127"
},
{
	"ID" : 140,
	"GroupID" : 13,
	"Catalog" : 2,
	"CatalogLocalization" : "GT8_Desc_2",
	"Condition" : "2,4,30",
	"ConditionLocalization" : "GT8_Condition_Desc_2",
	"LootID" : "10002128"
},
{
	"ID" : 141,
	"GroupID" : 14,
	"Catalog" : 1,
	"CatalogLocalization" : "GT4_Desc_1",
	"Condition" : "1,0,1",
	"ConditionLocalization" : "GT4_Condition_Desc_1",
	"LootID" : "10002130"
},
{
	"ID" : 142,
	"GroupID" : 14,
	"Catalog" : 1,
	"CatalogLocalization" : "GT4_Desc_1",
	"Condition" : "1,0,2",
	"ConditionLocalization" : "GT4_Condition_Desc_1",
	"LootID" : "10002131"
},
{
	"ID" : 143,
	"GroupID" : 14,
	"Catalog" : 1,
	"CatalogLocalization" : "GT4_Desc_1",
	"Condition" : "1,0,3",
	"ConditionLocalization" : "GT4_Condition_Desc_1",
	"LootID" : "10002132"
},
{
	"ID" : 144,
	"GroupID" : 14,
	"Catalog" : 1,
	"CatalogLocalization" : "GT4_Desc_1",
	"Condition" : "1,0,4",
	"ConditionLocalization" : "GT4_Condition_Desc_1",
	"LootID" : "10002133"
},
{
	"ID" : 145,
	"GroupID" : 14,
	"Catalog" : 1,
	"CatalogLocalization" : "GT4_Desc_1",
	"Condition" : "1,0,5",
	"ConditionLocalization" : "GT4_Condition_Desc_1",
	"LootID" : "10002134"
},
{
	"ID" : 146,
	"GroupID" : 14,
	"Catalog" : 1,
	"CatalogLocalization" : "GT4_Desc_1",
	"Condition" : "1,0,6",
	"ConditionLocalization" : "GT4_Condition_Desc_1",
	"LootID" : "10002135"
},
{
	"ID" : 147,
	"GroupID" : 14,
	"Catalog" : 1,
	"CatalogLocalization" : "GT4_Desc_1",
	"Condition" : "1,0,7",
	"ConditionLocalization" : "GT4_Condition_Desc_1",
	"LootID" : "10002136"
},
{
	"ID" : 148,
	"GroupID" : 14,
	"Catalog" : 1,
	"CatalogLocalization" : "GT4_Desc_1",
	"Condition" : "1,0,8",
	"ConditionLocalization" : "GT4_Condition_Desc_1",
	"LootID" : "10002137"
},
{
	"ID" : 149,
	"GroupID" : 14,
	"Catalog" : 1,
	"CatalogLocalization" : "GT4_Desc_1",
	"Condition" : "1,0,9",
	"ConditionLocalization" : "GT4_Condition_Desc_1",
	"LootID" : "10002138"
},
{
	"ID" : 150,
	"GroupID" : 14,
	"Catalog" : 1,
	"CatalogLocalization" : "GT4_Desc_1",
	"Condition" : "1,0,10",
	"ConditionLocalization" : "GT4_Condition_Desc_1",
	"LootID" : "10002139"
},
{
	"ID" : 151,
	"GroupID" : 14,
	"Catalog" : 2,
	"CatalogLocalization" : "GT8_Desc_2",
	"Condition" : "2,4,2",
	"ConditionLocalization" : "GT8_Condition_Desc_2",
	"LootID" : "10002140"
},
{
	"ID" : 152,
	"GroupID" : 14,
	"Catalog" : 2,
	"CatalogLocalization" : "GT8_Desc_2",
	"Condition" : "2,4,5",
	"ConditionLocalization" : "GT8_Condition_Desc_2",
	"LootID" : "10002141"
},
{
	"ID" : 153,
	"GroupID" : 14,
	"Catalog" : 2,
	"CatalogLocalization" : "GT8_Desc_2",
	"Condition" : "2,4,10",
	"ConditionLocalization" : "GT8_Condition_Desc_2",
	"LootID" : "10002142"
},
{
	"ID" : 154,
	"GroupID" : 14,
	"Catalog" : 2,
	"CatalogLocalization" : "GT8_Desc_2",
	"Condition" : "2,4,20",
	"ConditionLocalization" : "GT8_Condition_Desc_2",
	"LootID" : "10002143"
},
{
	"ID" : 155,
	"GroupID" : 14,
	"Catalog" : 2,
	"CatalogLocalization" : "GT8_Desc_2",
	"Condition" : "2,4,50",
	"ConditionLocalization" : "GT8_Condition_Desc_2",
	"LootID" : "10002144"
},
{
	"ID" : 156,
	"GroupID" : 14,
	"Catalog" : 2,
	"CatalogLocalization" : "GT8_Desc_2",
	"Condition" : "2,4,100",
	"ConditionLocalization" : "GT8_Condition_Desc_2",
	"LootID" : "10002145"
},
{
	"ID" : 157,
	"GroupID" : 14,
	"Catalog" : 3,
	"CatalogLocalization" : "GT3_Desc_1",
	"Condition" : "20,0,2250",
	"ConditionLocalization" : "GT3_Condition_Desc_1",
	"LootID" : "10002146"
},
{
	"ID" : 158,
	"GroupID" : 14,
	"Catalog" : 3,
	"CatalogLocalization" : "GT3_Desc_1",
	"Condition" : "20,0,7500",
	"ConditionLocalization" : "GT3_Condition_Desc_1",
	"LootID" : "10002147"
},
{
	"ID" : 159,
	"GroupID" : 14,
	"Catalog" : 3,
	"CatalogLocalization" : "GT3_Desc_1",
	"Condition" : "20,0,15000",
	"ConditionLocalization" : "GT3_Condition_Desc_1",
	"LootID" : "10002148"
},
{
	"ID" : 160,
	"GroupID" : 15,
	"Catalog" : 1,
	"CatalogLocalization" : "GT2_Desc_1",
	"Condition" : "22,0,1",
	"ConditionLocalization" : "GT7_Condition_Desc_1",
	"LootID" : "10002149"
},
{
	"ID" : 161,
	"GroupID" : 15,
	"Catalog" : 1,
	"CatalogLocalization" : "GT2_Desc_1",
	"Condition" : "24,4,1",
	"ConditionLocalization" : "GT7_Condition_Desc_5",
	"LootID" : "10002150"
},
{
	"ID" : 162,
	"GroupID" : 15,
	"Catalog" : 1,
	"CatalogLocalization" : "GT2_Desc_1",
	"Condition" : "24,4,2",
	"ConditionLocalization" : "GT7_Condition_Desc_5",
	"LootID" : "10002151"
},
{
	"ID" : 163,
	"GroupID" : 15,
	"Catalog" : 1,
	"CatalogLocalization" : "GT2_Desc_1",
	"Condition" : "23,5,2",
	"ConditionLocalization" : "GT7_Condition_Desc_4",
	"LootID" : "10002152"
},
{
	"ID" : 164,
	"GroupID" : 15,
	"Catalog" : 1,
	"CatalogLocalization" : "GT2_Desc_1",
	"Condition" : "23,3,2",
	"ConditionLocalization" : "GT7_Condition_Desc_2",
	"LootID" : "10002153"
},
{
	"ID" : 165,
	"GroupID" : 15,
	"Catalog" : 1,
	"CatalogLocalization" : "GT2_Desc_1",
	"Condition" : "23,4,2",
	"ConditionLocalization" : "GT7_Condition_Desc_3",
	"LootID" : "10002154"
},
{
	"ID" : 166,
	"GroupID" : 15,
	"Catalog" : 1,
	"CatalogLocalization" : "GT2_Desc_1",
	"Condition" : "26,0,10",
	"ConditionLocalization" : "GT7_Condition_Desc_8",
	"LootID" : "10002155"
},
{
	"ID" : 167,
	"GroupID" : 15,
	"Catalog" : 1,
	"CatalogLocalization" : "GT2_Desc_1",
	"Condition" : "26,0,30",
	"ConditionLocalization" : "GT7_Condition_Desc_8",
	"LootID" : "10002156"
},
{
	"ID" : 168,
	"GroupID" : 15,
	"Catalog" : 1,
	"CatalogLocalization" : "GT2_Desc_1",
	"Condition" : "26,0,50",
	"ConditionLocalization" : "GT7_Condition_Desc_8",
	"LootID" : "10002157"
},
{
	"ID" : 169,
	"GroupID" : 16,
	"Catalog" : 1,
	"CatalogLocalization" : "GT2_Desc_1",
	"Condition" : "22,0,1",
	"ConditionLocalization" : "GT7_Condition_Desc_1",
	"LootID" : "10002158"
},
{
	"ID" : 170,
	"GroupID" : 16,
	"Catalog" : 1,
	"CatalogLocalization" : "GT2_Desc_1",
	"Condition" : "24,4,1",
	"ConditionLocalization" : "GT7_Condition_Desc_5",
	"LootID" : "10002159"
},
{
	"ID" : 171,
	"GroupID" : 16,
	"Catalog" : 1,
	"CatalogLocalization" : "GT2_Desc_1",
	"Condition" : "24,4,2",
	"ConditionLocalization" : "GT7_Condition_Desc_5",
	"LootID" : "10002160"
},
{
	"ID" : 172,
	"GroupID" : 16,
	"Catalog" : 1,
	"CatalogLocalization" : "GT2_Desc_1",
	"Condition" : "23,5,2",
	"ConditionLocalization" : "GT7_Condition_Desc_4",
	"LootID" : "10002161"
},
{
	"ID" : 173,
	"GroupID" : 16,
	"Catalog" : 1,
	"CatalogLocalization" : "GT2_Desc_1",
	"Condition" : "23,3,2",
	"ConditionLocalization" : "GT7_Condition_Desc_2",
	"LootID" : "10002162"
},
{
	"ID" : 174,
	"GroupID" : 16,
	"Catalog" : 1,
	"CatalogLocalization" : "GT2_Desc_1",
	"Condition" : "23,4,2",
	"ConditionLocalization" : "GT7_Condition_Desc_3",
	"LootID" : "10002163"
},
{
	"ID" : 175,
	"GroupID" : 16,
	"Catalog" : 1,
	"CatalogLocalization" : "GT2_Desc_1",
	"Condition" : "26,0,10",
	"ConditionLocalization" : "GT7_Condition_Desc_8",
	"LootID" : "10002164"
},
{
	"ID" : 176,
	"GroupID" : 16,
	"Catalog" : 1,
	"CatalogLocalization" : "GT2_Desc_1",
	"Condition" : "26,0,30",
	"ConditionLocalization" : "GT7_Condition_Desc_8",
	"LootID" : "10002165"
},
{
	"ID" : 177,
	"GroupID" : 16,
	"Catalog" : 1,
	"CatalogLocalization" : "GT2_Desc_1",
	"Condition" : "26,0,50",
	"ConditionLocalization" : "GT7_Condition_Desc_8",
	"LootID" : "10002166"
},
{
	"ID" : 178,
	"GroupID" : 17,
	"Catalog" : 1,
	"CatalogLocalization" : "GT4_Desc_1",
	"Condition" : "1,0,1",
	"ConditionLocalization" : "GT4_Condition_Desc_1",
	"LootID" : "10002167"
},
{
	"ID" : 179,
	"GroupID" : 17,
	"Catalog" : 1,
	"CatalogLocalization" : "GT4_Desc_1",
	"Condition" : "1,0,2",
	"ConditionLocalization" : "GT4_Condition_Desc_1",
	"LootID" : "10002168"
},
{
	"ID" : 180,
	"GroupID" : 17,
	"Catalog" : 1,
	"CatalogLocalization" : "GT4_Desc_1",
	"Condition" : "1,0,3",
	"ConditionLocalization" : "GT4_Condition_Desc_1",
	"LootID" : "10002169"
},
{
	"ID" : 181,
	"GroupID" : 17,
	"Catalog" : 1,
	"CatalogLocalization" : "GT4_Desc_1",
	"Condition" : "1,0,4",
	"ConditionLocalization" : "GT4_Condition_Desc_1",
	"LootID" : "10002170"
},
{
	"ID" : 182,
	"GroupID" : 17,
	"Catalog" : 1,
	"CatalogLocalization" : "GT4_Desc_1",
	"Condition" : "1,0,5",
	"ConditionLocalization" : "GT4_Condition_Desc_1",
	"LootID" : "10002171"
},
{
	"ID" : 183,
	"GroupID" : 17,
	"Catalog" : 1,
	"CatalogLocalization" : "GT4_Desc_1",
	"Condition" : "1,0,6",
	"ConditionLocalization" : "GT4_Condition_Desc_1",
	"LootID" : "10002172"
},
{
	"ID" : 184,
	"GroupID" : 17,
	"Catalog" : 1,
	"CatalogLocalization" : "GT4_Desc_1",
	"Condition" : "1,0,7",
	"ConditionLocalization" : "GT4_Condition_Desc_1",
	"LootID" : "10002173"
},
{
	"ID" : 185,
	"GroupID" : 17,
	"Catalog" : 1,
	"CatalogLocalization" : "GT4_Desc_1",
	"Condition" : "1,0,8",
	"ConditionLocalization" : "GT4_Condition_Desc_1",
	"LootID" : "10002174"
},
{
	"ID" : 186,
	"GroupID" : 17,
	"Catalog" : 1,
	"CatalogLocalization" : "GT4_Desc_1",
	"Condition" : "1,0,9",
	"ConditionLocalization" : "GT4_Condition_Desc_1",
	"LootID" : "10002175"
},
{
	"ID" : 187,
	"GroupID" : 17,
	"Catalog" : 1,
	"CatalogLocalization" : "GT4_Desc_1",
	"Condition" : "1,0,10",
	"ConditionLocalization" : "GT4_Condition_Desc_1",
	"LootID" : "10002176"
},
{
	"ID" : 188,
	"GroupID" : 17,
	"Catalog" : 2,
	"CatalogLocalization" : "GT8_Desc_2",
	"Condition" : "2,4,2",
	"ConditionLocalization" : "GT8_Condition_Desc_2",
	"LootID" : "10002177"
},
{
	"ID" : 189,
	"GroupID" : 17,
	"Catalog" : 2,
	"CatalogLocalization" : "GT8_Desc_2",
	"Condition" : "2,4,5",
	"ConditionLocalization" : "GT8_Condition_Desc_2",
	"LootID" : "10002178"
},
{
	"ID" : 190,
	"GroupID" : 17,
	"Catalog" : 2,
	"CatalogLocalization" : "GT8_Desc_2",
	"Condition" : "2,4,10",
	"ConditionLocalization" : "GT8_Condition_Desc_2",
	"LootID" : "10002179"
},
{
	"ID" : 191,
	"GroupID" : 17,
	"Catalog" : 2,
	"CatalogLocalization" : "GT8_Desc_2",
	"Condition" : "2,4,20",
	"ConditionLocalization" : "GT8_Condition_Desc_2",
	"LootID" : "10002180"
},
{
	"ID" : 192,
	"GroupID" : 17,
	"Catalog" : 2,
	"CatalogLocalization" : "GT8_Desc_2",
	"Condition" : "2,4,50",
	"ConditionLocalization" : "GT8_Condition_Desc_2",
	"LootID" : "10002181"
},
{
	"ID" : 193,
	"GroupID" : 17,
	"Catalog" : 2,
	"CatalogLocalization" : "GT8_Desc_2",
	"Condition" : "2,4,100",
	"ConditionLocalization" : "GT8_Condition_Desc_2",
	"LootID" : "10002182"
},
{
	"ID" : 194,
	"GroupID" : 17,
	"Catalog" : 3,
	"CatalogLocalization" : "GT3_Desc_1",
	"Condition" : "20,0,2250",
	"ConditionLocalization" : "GT3_Condition_Desc_1",
	"LootID" : "10002183"
},
{
	"ID" : 195,
	"GroupID" : 17,
	"Catalog" : 3,
	"CatalogLocalization" : "GT3_Desc_1",
	"Condition" : "20,0,7500",
	"ConditionLocalization" : "GT3_Condition_Desc_1",
	"LootID" : "10002184"
},
{
	"ID" : 196,
	"GroupID" : 17,
	"Catalog" : 3,
	"CatalogLocalization" : "GT3_Desc_1",
	"Condition" : "20,0,15000",
	"ConditionLocalization" : "GT3_Condition_Desc_1",
	"LootID" : "10002185"
},
{
	"ID" : 197,
	"GroupID" : 18,
	"Catalog" : 1,
	"CatalogLocalization" : "GT2_Desc_1",
	"Condition" : "22,0,1",
	"ConditionLocalization" : "GT7_Condition_Desc_1",
	"LootID" : "10002186"
},
{
	"ID" : 198,
	"GroupID" : 18,
	"Catalog" : 1,
	"CatalogLocalization" : "GT2_Desc_1",
	"Condition" : "24,4,1",
	"ConditionLocalization" : "GT7_Condition_Desc_5",
	"LootID" : "10002187"
},
{
	"ID" : 199,
	"GroupID" : 18,
	"Catalog" : 1,
	"CatalogLocalization" : "GT2_Desc_1",
	"Condition" : "24,4,2",
	"ConditionLocalization" : "GT7_Condition_Desc_5",
	"LootID" : "10002188"
},
{
	"ID" : 200,
	"GroupID" : 18,
	"Catalog" : 1,
	"CatalogLocalization" : "GT2_Desc_1",
	"Condition" : "23,5,2",
	"ConditionLocalization" : "GT7_Condition_Desc_4",
	"LootID" : "10002189"
},
{
	"ID" : 201,
	"GroupID" : 18,
	"Catalog" : 1,
	"CatalogLocalization" : "GT2_Desc_1",
	"Condition" : "23,1,2",
	"ConditionLocalization" : "GT7_Condition_Desc_9",
	"LootID" : "10002190"
},
{
	"ID" : 202,
	"GroupID" : 18,
	"Catalog" : 1,
	"CatalogLocalization" : "GT2_Desc_1",
	"Condition" : "23,3,2",
	"ConditionLocalization" : "GT7_Condition_Desc_2",
	"LootID" : "10002191"
},
{
	"ID" : 203,
	"GroupID" : 18,
	"Catalog" : 1,
	"CatalogLocalization" : "GT2_Desc_1",
	"Condition" : "23,4,2",
	"ConditionLocalization" : "GT7_Condition_Desc_3",
	"LootID" : "10002192"
},
{
	"ID" : 204,
	"GroupID" : 18,
	"Catalog" : 1,
	"CatalogLocalization" : "GT2_Desc_1",
	"Condition" : "26,0,10",
	"ConditionLocalization" : "GT7_Condition_Desc_8",
	"LootID" : "10002193"
},
{
	"ID" : 205,
	"GroupID" : 18,
	"Catalog" : 1,
	"CatalogLocalization" : "GT2_Desc_1",
	"Condition" : "26,0,30",
	"ConditionLocalization" : "GT7_Condition_Desc_8",
	"LootID" : "10002194"
},
{
	"ID" : 206,
	"GroupID" : 18,
	"Catalog" : 1,
	"CatalogLocalization" : "GT2_Desc_1",
	"Condition" : "26,0,50",
	"ConditionLocalization" : "GT7_Condition_Desc_8",
	"LootID" : "10002195"
},
{
	"ID" : 207,
	"GroupID" : 19,
	"Catalog" : 1,
	"CatalogLocalization" : "GT4_Desc_1",
	"Condition" : "1,0,1",
	"ConditionLocalization" : "GT4_Condition_Desc_1",
	"LootID" : "10002196"
},
{
	"ID" : 208,
	"GroupID" : 19,
	"Catalog" : 1,
	"CatalogLocalization" : "GT4_Desc_1",
	"Condition" : "1,0,2",
	"ConditionLocalization" : "GT4_Condition_Desc_1",
	"LootID" : "10002197"
},
{
	"ID" : 209,
	"GroupID" : 19,
	"Catalog" : 1,
	"CatalogLocalization" : "GT4_Desc_1",
	"Condition" : "1,0,3",
	"ConditionLocalization" : "GT4_Condition_Desc_1",
	"LootID" : "10002198"
},
{
	"ID" : 210,
	"GroupID" : 19,
	"Catalog" : 1,
	"CatalogLocalization" : "GT4_Desc_1",
	"Condition" : "1,0,4",
	"ConditionLocalization" : "GT4_Condition_Desc_1",
	"LootID" : "10002199"
},
{
	"ID" : 211,
	"GroupID" : 19,
	"Catalog" : 1,
	"CatalogLocalization" : "GT4_Desc_1",
	"Condition" : "1,0,5",
	"ConditionLocalization" : "GT4_Condition_Desc_1",
	"LootID" : "10002200"
},
{
	"ID" : 212,
	"GroupID" : 19,
	"Catalog" : 1,
	"CatalogLocalization" : "GT4_Desc_1",
	"Condition" : "1,0,6",
	"ConditionLocalization" : "GT4_Condition_Desc_1",
	"LootID" : "10002201"
},
{
	"ID" : 213,
	"GroupID" : 19,
	"Catalog" : 1,
	"CatalogLocalization" : "GT4_Desc_1",
	"Condition" : "1,0,7",
	"ConditionLocalization" : "GT4_Condition_Desc_1",
	"LootID" : "10002202"
},
{
	"ID" : 214,
	"GroupID" : 19,
	"Catalog" : 1,
	"CatalogLocalization" : "GT4_Desc_1",
	"Condition" : "1,0,8",
	"ConditionLocalization" : "GT4_Condition_Desc_1",
	"LootID" : "10002203"
},
{
	"ID" : 215,
	"GroupID" : 19,
	"Catalog" : 1,
	"CatalogLocalization" : "GT4_Desc_1",
	"Condition" : "1,0,9",
	"ConditionLocalization" : "GT4_Condition_Desc_1",
	"LootID" : "10002204"
},
{
	"ID" : 216,
	"GroupID" : 19,
	"Catalog" : 1,
	"CatalogLocalization" : "GT4_Desc_1",
	"Condition" : "1,0,10",
	"ConditionLocalization" : "GT4_Condition_Desc_1",
	"LootID" : "10002205"
},
{
	"ID" : 217,
	"GroupID" : 19,
	"Catalog" : 2,
	"CatalogLocalization" : "GT8_Desc_2",
	"Condition" : "2,4,2",
	"ConditionLocalization" : "GT8_Condition_Desc_2",
	"LootID" : "10002206"
},
{
	"ID" : 218,
	"GroupID" : 19,
	"Catalog" : 2,
	"CatalogLocalization" : "GT8_Desc_2",
	"Condition" : "2,4,5",
	"ConditionLocalization" : "GT8_Condition_Desc_2",
	"LootID" : "10002207"
},
{
	"ID" : 219,
	"GroupID" : 19,
	"Catalog" : 2,
	"CatalogLocalization" : "GT8_Desc_2",
	"Condition" : "2,4,10",
	"ConditionLocalization" : "GT8_Condition_Desc_2",
	"LootID" : "10002208"
},
{
	"ID" : 220,
	"GroupID" : 19,
	"Catalog" : 2,
	"CatalogLocalization" : "GT8_Desc_2",
	"Condition" : "2,4,20",
	"ConditionLocalization" : "GT8_Condition_Desc_2",
	"LootID" : "10002209"
},
{
	"ID" : 221,
	"GroupID" : 19,
	"Catalog" : 2,
	"CatalogLocalization" : "GT8_Desc_2",
	"Condition" : "2,4,50",
	"ConditionLocalization" : "GT8_Condition_Desc_2",
	"LootID" : "10002210"
},
{
	"ID" : 222,
	"GroupID" : 19,
	"Catalog" : 2,
	"CatalogLocalization" : "GT8_Desc_2",
	"Condition" : "2,4,100",
	"ConditionLocalization" : "GT8_Condition_Desc_2",
	"LootID" : "10002211"
},
{
	"ID" : 223,
	"GroupID" : 19,
	"Catalog" : 3,
	"CatalogLocalization" : "GT3_Desc_1",
	"Condition" : "20,0,340",
	"ConditionLocalization" : "GT3_Condition_Desc_1",
	"LootID" : "10002212"
},
{
	"ID" : 224,
	"GroupID" : 19,
	"Catalog" : 3,
	"CatalogLocalization" : "GT3_Desc_1",
	"Condition" : "20,0,1000",
	"ConditionLocalization" : "GT3_Condition_Desc_1",
	"LootID" : "10002213"
},
{
	"ID" : 225,
	"GroupID" : 19,
	"Catalog" : 3,
	"CatalogLocalization" : "GT3_Desc_1",
	"Condition" : "20,0,2250",
	"ConditionLocalization" : "GT3_Condition_Desc_1",
	"LootID" : "10002214"
},
{
	"ID" : 226,
	"GroupID" : 19,
	"Catalog" : 3,
	"CatalogLocalization" : "GT3_Desc_1",
	"Condition" : "20,0,7500",
	"ConditionLocalization" : "GT3_Condition_Desc_1",
	"LootID" : "10002215"
},
{
	"ID" : 227,
	"GroupID" : 19,
	"Catalog" : 3,
	"CatalogLocalization" : "GT3_Desc_1",
	"Condition" : "20,0,15000",
	"ConditionLocalization" : "GT3_Condition_Desc_1",
	"LootID" : "10002216"
},
{
	"ID" : 228,
	"GroupID" : 20,
	"Catalog" : 1,
	"CatalogLocalization" : "GT4_Desc_1",
	"Condition" : "1,0,1",
	"ConditionLocalization" : "GT4_Condition_Desc_1",
	"LootID" : "10002217"
},
{
	"ID" : 229,
	"GroupID" : 20,
	"Catalog" : 1,
	"CatalogLocalization" : "GT4_Desc_1",
	"Condition" : "1,0,2",
	"ConditionLocalization" : "GT4_Condition_Desc_1",
	"LootID" : "10002218"
},
{
	"ID" : 230,
	"GroupID" : 20,
	"Catalog" : 1,
	"CatalogLocalization" : "GT4_Desc_1",
	"Condition" : "1,0,3",
	"ConditionLocalization" : "GT4_Condition_Desc_1",
	"LootID" : "10002219"
},
{
	"ID" : 231,
	"GroupID" : 20,
	"Catalog" : 1,
	"CatalogLocalization" : "GT4_Desc_1",
	"Condition" : "1,0,4",
	"ConditionLocalization" : "GT4_Condition_Desc_1",
	"LootID" : "10002220"
},
{
	"ID" : 232,
	"GroupID" : 20,
	"Catalog" : 1,
	"CatalogLocalization" : "GT4_Desc_1",
	"Condition" : "1,0,5",
	"ConditionLocalization" : "GT4_Condition_Desc_1",
	"LootID" : "10002221"
},
{
	"ID" : 233,
	"GroupID" : 20,
	"Catalog" : 1,
	"CatalogLocalization" : "GT4_Desc_1",
	"Condition" : "1,0,6",
	"ConditionLocalization" : "GT4_Condition_Desc_1",
	"LootID" : "10002222"
},
{
	"ID" : 234,
	"GroupID" : 20,
	"Catalog" : 1,
	"CatalogLocalization" : "GT4_Desc_1",
	"Condition" : "1,0,7",
	"ConditionLocalization" : "GT4_Condition_Desc_1",
	"LootID" : "10002223"
},
{
	"ID" : 235,
	"GroupID" : 21,
	"Catalog" : 1,
	"CatalogLocalization" : "GT2_Desc_1",
	"Condition" : "22,0,1",
	"ConditionLocalization" : "GT7_Condition_Desc_1",
	"LootID" : "10002224"
},
{
	"ID" : 236,
	"GroupID" : 21,
	"Catalog" : 1,
	"CatalogLocalization" : "GT2_Desc_1",
	"Condition" : "24,4,1",
	"ConditionLocalization" : "GT7_Condition_Desc_5",
	"LootID" : "10002225"
},
{
	"ID" : 237,
	"GroupID" : 21,
	"Catalog" : 1,
	"CatalogLocalization" : "GT2_Desc_1",
	"Condition" : "24,4,2",
	"ConditionLocalization" : "GT7_Condition_Desc_5",
	"LootID" : "10002226"
},
{
	"ID" : 238,
	"GroupID" : 21,
	"Catalog" : 1,
	"CatalogLocalization" : "GT2_Desc_1",
	"Condition" : "23,5,2",
	"ConditionLocalization" : "GT7_Condition_Desc_4",
	"LootID" : "10002227"
},
{
	"ID" : 239,
	"GroupID" : 21,
	"Catalog" : 1,
	"CatalogLocalization" : "GT2_Desc_1",
	"Condition" : "23,2,2",
	"ConditionLocalization" : "GT7_Condition_Desc_11",
	"LootID" : "10002228"
},
{
	"ID" : 240,
	"GroupID" : 21,
	"Catalog" : 1,
	"CatalogLocalization" : "GT2_Desc_1",
	"Condition" : "23,1,2",
	"ConditionLocalization" : "GT7_Condition_Desc_9",
	"LootID" : "10002229"
},
{
	"ID" : 241,
	"GroupID" : 21,
	"Catalog" : 1,
	"CatalogLocalization" : "GT2_Desc_1",
	"Condition" : "23,3,2",
	"ConditionLocalization" : "GT7_Condition_Desc_2",
	"LootID" : "10002230"
},
{
	"ID" : 242,
	"GroupID" : 21,
	"Catalog" : 1,
	"CatalogLocalization" : "GT2_Desc_1",
	"Condition" : "23,4,2",
	"ConditionLocalization" : "GT7_Condition_Desc_3",
	"LootID" : "10002231"
},
{
	"ID" : 243,
	"GroupID" : 21,
	"Catalog" : 1,
	"CatalogLocalization" : "GT2_Desc_1",
	"Condition" : "23,6,2",
	"ConditionLocalization" : "GT7_Condition_Desc_12",
	"LootID" : "10002232"
},
{
	"ID" : 244,
	"GroupID" : 21,
	"Catalog" : 1,
	"CatalogLocalization" : "GT2_Desc_1",
	"Condition" : "26,0,10",
	"ConditionLocalization" : "GT7_Condition_Desc_8",
	"LootID" : "10002233"
},
{
	"ID" : 245,
	"GroupID" : 21,
	"Catalog" : 1,
	"CatalogLocalization" : "GT2_Desc_1",
	"Condition" : "26,0,30",
	"ConditionLocalization" : "GT7_Condition_Desc_8",
	"LootID" : "10002234"
},
{
	"ID" : 246,
	"GroupID" : 21,
	"Catalog" : 1,
	"CatalogLocalization" : "GT2_Desc_1",
	"Condition" : "26,0,50",
	"ConditionLocalization" : "GT7_Condition_Desc_8",
	"LootID" : "10002235"
},
{
	"ID" : 247,
	"GroupID" : 22,
	"Catalog" : 1,
	"CatalogLocalization" : "GT4_Desc_1",
	"Condition" : "1,0,1",
	"ConditionLocalization" : "GT4_Condition_Desc_1",
	"LootID" : "10002236"
},
{
	"ID" : 248,
	"GroupID" : 22,
	"Catalog" : 1,
	"CatalogLocalization" : "GT4_Desc_1",
	"Condition" : "1,0,2",
	"ConditionLocalization" : "GT4_Condition_Desc_1",
	"LootID" : "10002237"
},
{
	"ID" : 249,
	"GroupID" : 22,
	"Catalog" : 1,
	"CatalogLocalization" : "GT4_Desc_1",
	"Condition" : "1,0,3",
	"ConditionLocalization" : "GT4_Condition_Desc_1",
	"LootID" : "10002238"
},
{
	"ID" : 250,
	"GroupID" : 22,
	"Catalog" : 1,
	"CatalogLocalization" : "GT4_Desc_1",
	"Condition" : "1,0,4",
	"ConditionLocalization" : "GT4_Condition_Desc_1",
	"LootID" : "10002239"
},
{
	"ID" : 251,
	"GroupID" : 22,
	"Catalog" : 1,
	"CatalogLocalization" : "GT4_Desc_1",
	"Condition" : "1,0,5",
	"ConditionLocalization" : "GT4_Condition_Desc_1",
	"LootID" : "10002240"
},
{
	"ID" : 252,
	"GroupID" : 22,
	"Catalog" : 1,
	"CatalogLocalization" : "GT4_Desc_1",
	"Condition" : "1,0,6",
	"ConditionLocalization" : "GT4_Condition_Desc_1",
	"LootID" : "10002241"
},
{
	"ID" : 253,
	"GroupID" : 22,
	"Catalog" : 1,
	"CatalogLocalization" : "GT4_Desc_1",
	"Condition" : "1,0,7",
	"ConditionLocalization" : "GT4_Condition_Desc_1",
	"LootID" : "10002242"
},
{
	"ID" : 254,
	"GroupID" : 22,
	"Catalog" : 1,
	"CatalogLocalization" : "GT4_Desc_1",
	"Condition" : "1,0,8",
	"ConditionLocalization" : "GT4_Condition_Desc_1",
	"LootID" : "10002243"
},
{
	"ID" : 255,
	"GroupID" : 22,
	"Catalog" : 1,
	"CatalogLocalization" : "GT4_Desc_1",
	"Condition" : "1,0,9",
	"ConditionLocalization" : "GT4_Condition_Desc_1",
	"LootID" : "10002244"
},
{
	"ID" : 256,
	"GroupID" : 22,
	"Catalog" : 1,
	"CatalogLocalization" : "GT4_Desc_1",
	"Condition" : "1,0,10",
	"ConditionLocalization" : "GT4_Condition_Desc_1",
	"LootID" : "10002245"
},
{
	"ID" : 257,
	"GroupID" : 22,
	"Catalog" : 2,
	"CatalogLocalization" : "GT8_Desc_2",
	"Condition" : "2,4,2",
	"ConditionLocalization" : "GT8_Condition_Desc_2",
	"LootID" : "10002246"
},
{
	"ID" : 258,
	"GroupID" : 22,
	"Catalog" : 2,
	"CatalogLocalization" : "GT8_Desc_2",
	"Condition" : "2,4,5",
	"ConditionLocalization" : "GT8_Condition_Desc_2",
	"LootID" : "10002247"
},
{
	"ID" : 259,
	"GroupID" : 22,
	"Catalog" : 2,
	"CatalogLocalization" : "GT8_Desc_2",
	"Condition" : "2,4,10",
	"ConditionLocalization" : "GT8_Condition_Desc_2",
	"LootID" : "10002248"
},
{
	"ID" : 260,
	"GroupID" : 22,
	"Catalog" : 2,
	"CatalogLocalization" : "GT8_Desc_2",
	"Condition" : "2,4,20",
	"ConditionLocalization" : "GT8_Condition_Desc_2",
	"LootID" : "10002249"
},
{
	"ID" : 261,
	"GroupID" : 22,
	"Catalog" : 2,
	"CatalogLocalization" : "GT8_Desc_2",
	"Condition" : "2,4,50",
	"ConditionLocalization" : "GT8_Condition_Desc_2",
	"LootID" : "10002250"
},
{
	"ID" : 262,
	"GroupID" : 22,
	"Catalog" : 2,
	"CatalogLocalization" : "GT8_Desc_2",
	"Condition" : "2,4,100",
	"ConditionLocalization" : "GT8_Condition_Desc_2",
	"LootID" : "10002251"
},
{
	"ID" : 263,
	"GroupID" : 22,
	"Catalog" : 3,
	"CatalogLocalization" : "GT3_Desc_1",
	"Condition" : "20,0,340",
	"ConditionLocalization" : "GT3_Condition_Desc_1",
	"LootID" : "10002252"
},
{
	"ID" : 264,
	"GroupID" : 22,
	"Catalog" : 3,
	"CatalogLocalization" : "GT3_Desc_1",
	"Condition" : "20,0,1000",
	"ConditionLocalization" : "GT3_Condition_Desc_1",
	"LootID" : "10002253"
},
{
	"ID" : 265,
	"GroupID" : 22,
	"Catalog" : 3,
	"CatalogLocalization" : "GT3_Desc_1",
	"Condition" : "20,0,2250",
	"ConditionLocalization" : "GT3_Condition_Desc_1",
	"LootID" : "10002254"
},
{
	"ID" : 266,
	"GroupID" : 22,
	"Catalog" : 3,
	"CatalogLocalization" : "GT3_Desc_1",
	"Condition" : "20,0,7500",
	"ConditionLocalization" : "GT3_Condition_Desc_1",
	"LootID" : "10002255"
},
{
	"ID" : 267,
	"GroupID" : 22,
	"Catalog" : 3,
	"CatalogLocalization" : "GT3_Desc_1",
	"Condition" : "20,0,15000",
	"ConditionLocalization" : "GT3_Condition_Desc_1",
	"LootID" : "10002256"
},
{
	"ID" : 268,
	"GroupID" : 23,
	"Catalog" : 1,
	"CatalogLocalization" : "GT2_Desc_1",
	"Condition" : "22,0,1",
	"ConditionLocalization" : "GT7_Condition_Desc_1",
	"LootID" : "10002257"
},
{
	"ID" : 269,
	"GroupID" : 23,
	"Catalog" : 1,
	"CatalogLocalization" : "GT2_Desc_1",
	"Condition" : "24,4,1",
	"ConditionLocalization" : "GT7_Condition_Desc_5",
	"LootID" : "10002258"
},
{
	"ID" : 270,
	"GroupID" : 23,
	"Catalog" : 1,
	"CatalogLocalization" : "GT2_Desc_1",
	"Condition" : "24,4,2",
	"ConditionLocalization" : "GT7_Condition_Desc_5",
	"LootID" : "10002259"
},
{
	"ID" : 271,
	"GroupID" : 23,
	"Catalog" : 1,
	"CatalogLocalization" : "GT2_Desc_1",
	"Condition" : "23,5,2",
	"ConditionLocalization" : "GT7_Condition_Desc_4",
	"LootID" : "10002260",
	"DynamicTarget" : 5
},
{
	"ID" : 272,
	"GroupID" : 23,
	"Catalog" : 1,
	"CatalogLocalization" : "GT2_Desc_1",
	"Condition" : "23,2,2",
	"ConditionLocalization" : "GT7_Condition_Desc_11",
	"LootID" : "10002261"
},
{
	"ID" : 273,
	"GroupID" : 23,
	"Catalog" : 1,
	"CatalogLocalization" : "GT2_Desc_1",
	"Condition" : "23,1,2",
	"ConditionLocalization" : "GT7_Condition_Desc_9",
	"LootID" : "10002262",
	"DynamicTarget" : 2
},
{
	"ID" : 274,
	"GroupID" : 23,
	"Catalog" : 1,
	"CatalogLocalization" : "GT2_Desc_1",
	"Condition" : "23,3,2",
	"ConditionLocalization" : "GT7_Condition_Desc_2",
	"LootID" : "10002263",
	"DynamicTarget" : 3
},
{
	"ID" : 275,
	"GroupID" : 23,
	"Catalog" : 1,
	"CatalogLocalization" : "GT2_Desc_1",
	"Condition" : "23,4,2",
	"ConditionLocalization" : "GT7_Condition_Desc_3",
	"LootID" : "10002264",
	"DynamicTarget" : 4
},
{
	"ID" : 276,
	"GroupID" : 23,
	"Catalog" : 1,
	"CatalogLocalization" : "GT2_Desc_1",
	"Condition" : "23,6,2",
	"ConditionLocalization" : "GT7_Condition_Desc_12",
	"LootID" : "10002265",
	"DynamicTarget" : 6
},
{
	"ID" : 277,
	"GroupID" : 23,
	"Catalog" : 1,
	"CatalogLocalization" : "GT2_Desc_1",
	"Condition" : "27,11601008,1",
	"ConditionLocalization" : "GT7_Condition_Desc_13",
	"LootID" : "10002266"
},
{
	"ID" : 278,
	"GroupID" : 23,
	"Catalog" : 1,
	"CatalogLocalization" : "GT2_Desc_1",
	"Condition" : "27,11601008,3",
	"ConditionLocalization" : "GT7_Condition_Desc_13",
	"LootID" : "10002267"
},
{
	"ID" : 279,
	"GroupID" : 23,
	"Catalog" : 1,
	"CatalogLocalization" : "GT2_Desc_1",
	"Condition" : "27,11601008,5",
	"ConditionLocalization" : "GT7_Condition_Desc_13",
	"LootID" : "10002268"
},
{
	"ID" : 280,
	"GroupID" : 23,
	"Catalog" : 1,
	"CatalogLocalization" : "GT2_Desc_1",
	"Condition" : "26,0,10",
	"ConditionLocalization" : "GT7_Condition_Desc_8",
	"LootID" : "10002269"
},
{
	"ID" : 281,
	"GroupID" : 23,
	"Catalog" : 1,
	"CatalogLocalization" : "GT2_Desc_1",
	"Condition" : "26,0,30",
	"ConditionLocalization" : "GT7_Condition_Desc_8",
	"LootID" : "10002270"
},
{
	"ID" : 282,
	"GroupID" : 23,
	"Catalog" : 1,
	"CatalogLocalization" : "GT2_Desc_1",
	"Condition" : "26,0,50",
	"ConditionLocalization" : "GT7_Condition_Desc_8",
	"LootID" : "10002271"
},
{
	"ID" : 283,
	"GroupID" : 24,
	"Catalog" : 1,
	"CatalogLocalization" : "GT2_Desc_1",
	"Condition" : "22,0,1",
	"ConditionLocalization" : "GT7_Condition_Desc_1",
	"LootID" : "10002272"
},
{
	"ID" : 284,
	"GroupID" : 24,
	"Catalog" : 1,
	"CatalogLocalization" : "GT2_Desc_1",
	"Condition" : "24,4,1",
	"ConditionLocalization" : "GT7_Condition_Desc_5",
	"LootID" : "10002273"
},
{
	"ID" : 285,
	"GroupID" : 24,
	"Catalog" : 1,
	"CatalogLocalization" : "GT2_Desc_1",
	"Condition" : "24,4,3",
	"ConditionLocalization" : "GT7_Condition_Desc_5",
	"LootID" : "10002274"
},
{
	"ID" : 286,
	"GroupID" : 24,
	"Catalog" : 1,
	"CatalogLocalization" : "GT2_Desc_1",
	"Condition" : "23,5,2",
	"ConditionLocalization" : "GT7_Condition_Desc_4",
	"LootID" : "10002275",
	"DynamicTarget" : 5
},
{
	"ID" : 287,
	"GroupID" : 24,
	"Catalog" : 1,
	"CatalogLocalization" : "GT2_Desc_1",
	"Condition" : "23,2,2",
	"ConditionLocalization" : "GT7_Condition_Desc_11",
	"LootID" : "10002276"
},
{
	"ID" : 288,
	"GroupID" : 24,
	"Catalog" : 1,
	"CatalogLocalization" : "GT2_Desc_1",
	"Condition" : "23,1,2",
	"ConditionLocalization" : "GT7_Condition_Desc_9",
	"LootID" : "10002277",
	"DynamicTarget" : 2
},
{
	"ID" : 289,
	"GroupID" : 24,
	"Catalog" : 1,
	"CatalogLocalization" : "GT2_Desc_1",
	"Condition" : "23,3,2",
	"ConditionLocalization" : "GT7_Condition_Desc_2",
	"LootID" : "10002278",
	"DynamicTarget" : 3
},
{
	"ID" : 290,
	"GroupID" : 24,
	"Catalog" : 1,
	"CatalogLocalization" : "GT2_Desc_1",
	"Condition" : "23,4,2",
	"ConditionLocalization" : "GT7_Condition_Desc_3",
	"LootID" : "10002279",
	"DynamicTarget" : 4
},
{
	"ID" : 291,
	"GroupID" : 24,
	"Catalog" : 1,
	"CatalogLocalization" : "GT2_Desc_1",
	"Condition" : "23,6,2",
	"ConditionLocalization" : "GT7_Condition_Desc_12",
	"LootID" : "10002280",
	"DynamicTarget" : 6
},
{
	"ID" : 292,
	"GroupID" : 24,
	"Catalog" : 1,
	"CatalogLocalization" : "GT2_Desc_1",
	"Condition" : "27,11601008,1",
	"ConditionLocalization" : "GT7_Condition_Desc_13",
	"LootID" : "10002281"
},
{
	"ID" : 293,
	"GroupID" : 24,
	"Catalog" : 1,
	"CatalogLocalization" : "GT2_Desc_1",
	"Condition" : "27,11601008,3",
	"ConditionLocalization" : "GT7_Condition_Desc_13",
	"LootID" : "10002282"
},
{
	"ID" : 294,
	"GroupID" : 24,
	"Catalog" : 1,
	"CatalogLocalization" : "GT2_Desc_1",
	"Condition" : "27,11601008,5",
	"ConditionLocalization" : "GT7_Condition_Desc_13",
	"LootID" : "10002283"
},
{
	"ID" : 295,
	"GroupID" : 24,
	"Catalog" : 1,
	"CatalogLocalization" : "GT2_Desc_1",
	"Condition" : "26,0,10",
	"ConditionLocalization" : "GT7_Condition_Desc_8",
	"LootID" : "10002284"
},
{
	"ID" : 296,
	"GroupID" : 24,
	"Catalog" : 1,
	"CatalogLocalization" : "GT2_Desc_1",
	"Condition" : "26,0,30",
	"ConditionLocalization" : "GT7_Condition_Desc_8",
	"LootID" : "10002285"
},
{
	"ID" : 297,
	"GroupID" : 24,
	"Catalog" : 1,
	"CatalogLocalization" : "GT2_Desc_1",
	"Condition" : "26,0,50",
	"ConditionLocalization" : "GT7_Condition_Desc_8",
	"LootID" : "10002286"
},
{
	"ID" : 298,
	"GroupID" : 25,
	"Catalog" : 1,
	"CatalogLocalization" : "GT4_Desc_1",
	"Condition" : "1,0,1",
	"ConditionLocalization" : "GT4_Condition_Desc_1",
	"LootID" : "10002287"
},
{
	"ID" : 299,
	"GroupID" : 25,
	"Catalog" : 1,
	"CatalogLocalization" : "GT4_Desc_1",
	"Condition" : "1,0,2",
	"ConditionLocalization" : "GT4_Condition_Desc_1",
	"LootID" : "10002288"
},
{
	"ID" : 300,
	"GroupID" : 25,
	"Catalog" : 1,
	"CatalogLocalization" : "GT4_Desc_1",
	"Condition" : "1,0,3",
	"ConditionLocalization" : "GT4_Condition_Desc_1",
	"LootID" : "10002289"
},
{
	"ID" : 301,
	"GroupID" : 25,
	"Catalog" : 1,
	"CatalogLocalization" : "GT4_Desc_1",
	"Condition" : "1,0,4",
	"ConditionLocalization" : "GT4_Condition_Desc_1",
	"LootID" : "10002290"
},
{
	"ID" : 302,
	"GroupID" : 25,
	"Catalog" : 1,
	"CatalogLocalization" : "GT4_Desc_1",
	"Condition" : "1,0,5",
	"ConditionLocalization" : "GT4_Condition_Desc_1",
	"LootID" : "10002291"
},
{
	"ID" : 303,
	"GroupID" : 25,
	"Catalog" : 1,
	"CatalogLocalization" : "GT4_Desc_1",
	"Condition" : "1,0,6",
	"ConditionLocalization" : "GT4_Condition_Desc_1",
	"LootID" : "10002292"
},
{
	"ID" : 304,
	"GroupID" : 25,
	"Catalog" : 1,
	"CatalogLocalization" : "GT4_Desc_1",
	"Condition" : "1,0,7",
	"ConditionLocalization" : "GT4_Condition_Desc_1",
	"LootID" : "10002293"
},
{
	"ID" : 305,
	"GroupID" : 25,
	"Catalog" : 1,
	"CatalogLocalization" : "GT4_Desc_1",
	"Condition" : "1,0,8",
	"ConditionLocalization" : "GT4_Condition_Desc_1",
	"LootID" : "10002294"
},
{
	"ID" : 306,
	"GroupID" : 25,
	"Catalog" : 1,
	"CatalogLocalization" : "GT4_Desc_1",
	"Condition" : "1,0,9",
	"ConditionLocalization" : "GT4_Condition_Desc_1",
	"LootID" : "10002295"
},
{
	"ID" : 307,
	"GroupID" : 25,
	"Catalog" : 1,
	"CatalogLocalization" : "GT4_Desc_1",
	"Condition" : "1,0,10",
	"ConditionLocalization" : "GT4_Condition_Desc_1",
	"LootID" : "10002296"
},
{
	"ID" : 308,
	"GroupID" : 25,
	"Catalog" : 2,
	"CatalogLocalization" : "GT8_Desc_2",
	"Condition" : "2,4,2",
	"ConditionLocalization" : "GT8_Condition_Desc_2",
	"LootID" : "10002297"
},
{
	"ID" : 309,
	"GroupID" : 25,
	"Catalog" : 2,
	"CatalogLocalization" : "GT8_Desc_2",
	"Condition" : "2,4,5",
	"ConditionLocalization" : "GT8_Condition_Desc_2",
	"LootID" : "10002298"
},
{
	"ID" : 310,
	"GroupID" : 25,
	"Catalog" : 2,
	"CatalogLocalization" : "GT8_Desc_2",
	"Condition" : "2,4,10",
	"ConditionLocalization" : "GT8_Condition_Desc_2",
	"LootID" : "10002299"
},
{
	"ID" : 311,
	"GroupID" : 25,
	"Catalog" : 2,
	"CatalogLocalization" : "GT8_Desc_2",
	"Condition" : "2,4,20",
	"ConditionLocalization" : "GT8_Condition_Desc_2",
	"LootID" : "10002300"
},
{
	"ID" : 312,
	"GroupID" : 25,
	"Catalog" : 2,
	"CatalogLocalization" : "GT8_Desc_2",
	"Condition" : "2,4,50",
	"ConditionLocalization" : "GT8_Condition_Desc_2",
	"LootID" : "10002301"
},
{
	"ID" : 313,
	"GroupID" : 25,
	"Catalog" : 2,
	"CatalogLocalization" : "GT8_Desc_2",
	"Condition" : "2,4,100",
	"ConditionLocalization" : "GT8_Condition_Desc_2",
	"LootID" : "10002302"
},
{
	"ID" : 314,
	"GroupID" : 25,
	"Catalog" : 3,
	"CatalogLocalization" : "GT3_Desc_1",
	"Condition" : "20,0,340",
	"ConditionLocalization" : "GT3_Condition_Desc_1",
	"LootID" : "10002303"
},
{
	"ID" : 315,
	"GroupID" : 25,
	"Catalog" : 3,
	"CatalogLocalization" : "GT3_Desc_1",
	"Condition" : "20,0,1000",
	"ConditionLocalization" : "GT3_Condition_Desc_1",
	"LootID" : "10002304"
},
{
	"ID" : 316,
	"GroupID" : 25,
	"Catalog" : 3,
	"CatalogLocalization" : "GT3_Desc_1",
	"Condition" : "20,0,2250",
	"ConditionLocalization" : "GT3_Condition_Desc_1",
	"LootID" : "10002305"
},
{
	"ID" : 317,
	"GroupID" : 25,
	"Catalog" : 3,
	"CatalogLocalization" : "GT3_Desc_1",
	"Condition" : "20,0,7500",
	"ConditionLocalization" : "GT3_Condition_Desc_1",
	"LootID" : "10002306"
},
{
	"ID" : 318,
	"GroupID" : 25,
	"Catalog" : 3,
	"CatalogLocalization" : "GT3_Desc_1",
	"Condition" : "20,0,15000",
	"ConditionLocalization" : "GT3_Condition_Desc_1",
	"LootID" : "10002307"
},
{
	"ID" : 319,
	"GroupID" : 26,
	"Catalog" : 1,
	"CatalogLocalization" : "GT2_Desc_1",
	"Condition" : "21,0,39",
	"ConditionLocalization" : "GT2_Condition_Desc_1",
	"LootID" : "10002308"
},
{
	"ID" : 320,
	"GroupID" : 26,
	"Catalog" : 1,
	"CatalogLocalization" : "GT2_Desc_1",
	"Condition" : "21,0,159",
	"ConditionLocalization" : "GT2_Condition_Desc_1",
	"LootID" : "10002309"
},
{
	"ID" : 321,
	"GroupID" : 26,
	"Catalog" : 1,
	"CatalogLocalization" : "GT2_Desc_1",
	"Condition" : "21,0,299",
	"ConditionLocalization" : "GT2_Condition_Desc_1",
	"LootID" : "10002310"
},
{
	"ID" : 322,
	"GroupID" : 26,
	"Catalog" : 1,
	"CatalogLocalization" : "GT2_Desc_1",
	"Condition" : "21,0,939",
	"ConditionLocalization" : "GT2_Condition_Desc_1",
	"LootID" : "10002311"
},
{
	"ID" : 323,
	"GroupID" : 26,
	"Catalog" : 1,
	"CatalogLocalization" : "GT2_Desc_1",
	"Condition" : "21,0,1599",
	"ConditionLocalization" : "GT2_Condition_Desc_1",
	"LootID" : "10002312"
},
{
	"ID" : 324,
	"GroupID" : 26,
	"Catalog" : 1,
	"CatalogLocalization" : "GT2_Desc_1",
	"Condition" : "21,0,2999",
	"ConditionLocalization" : "GT2_Condition_Desc_1",
	"LootID" : "10002313"
},
{
	"ID" : 325,
	"GroupID" : 26,
	"Catalog" : 1,
	"CatalogLocalization" : "GT2_Desc_1",
	"Condition" : "21,0,5999",
	"ConditionLocalization" : "GT2_Condition_Desc_1",
	"LootID" : "10002314"
}
]