[
{
	"ID" : 0, 
	"GossipGroup" : ""
},
{
	"ID" : 1,
	"GossipGroup" : "Gossip_1,Gossip_2,Gossip_3,Gossip_4,Gossip_5,Gossip_6,Gossip_7,Gossip_8,Gossip_9,Gossip_10,Gossip_11,Gossip_12,Gossip_13,Gossip_14,Gossip_15,Gossip_16,Gossip_17,Gossip_18,Gossip_19,Gossip_20,Gossip_21,Gossip_22,Gossip_23,Gossip_24,Gossip_25,Gossip_26,Gossip_27,Gossip_28,Gossip_29,Gossip_30,Gossip_31,Gossip_32,Gossip_33,Gossip_34,Gossip_35,Gossip_36,Gossip_37,Gossip_38,Gossip_39,Gossip_40,Gossip_41,Gossip_42,Gossip_43,Gossip_44,Gossip_45,Gossip_46,Gossip_47,Gossip_48,Gossip_49,Gossip_50,Gossip_51,Gossip_52,Gossip_53,Gossip_54,Gossip_55,Gossip_56,Gossip_57,Gossip_58,Gossip_59,Gossip_60,Gossip_61,Gossip_62,Gossip_63,Gossip_64,Gossip_65,Gossip_66,Gossip_67,Gossip_68,Gossip_69,Gossip_70,Gossip_71,Gossip_72,Gossip_73,Gossip_3001,Gossip_3002,Gossip_3003,Gossip_3004"
},
{
	"ID" : 2,
	"GossipGroup" : "Gossip_1,Gossip_2,Gossip_3,Gossip_4,Gossip_5,Gossip_6,Gossip_7,Gossip_8,Gossip_9,Gossip_10,Gossip_11,Gossip_12,Gossip_13,Gossip_14,Gossip_15,Gossip_16,Gossip_17,Gossip_18,Gossip_19,Gossip_20,Gossip_21,Gossip_22,Gossip_23,Gossip_24,Gossip_25,Gossip_26,Gossip_27,Gossip_28,Gossip_29,Gossip_30,Gossip_31,Gossip_32,Gossip_33,Gossip_34,Gossip_35,Gossip_36,Gossip_37,Gossip_38,Gossip_39,Gossip_40,Gossip_41,Gossip_42,Gossip_43,Gossip_44,Gossip_45,Gossip_46,Gossip_47,Gossip_48,Gossip_49,Gossip_50,Gossip_51,Gossip_52,Gossip_53,Gossip_54,Gossip_55,Gossip_56,Gossip_57,Gossip_58,Gossip_59,Gossip_60,Gossip_61,Gossip_62,Gossip_63,Gossip_64,Gossip_65,Gossip_66,Gossip_67,Gossip_68,Gossip_69,Gossip_70,Gossip_71,Gossip_72,Gossip_73,Gossip_3001,Gossip_3002,Gossip_3003,Gossip_3004"
},
{
	"ID" : 3,
	"GossipGroup" : "Gossip_1006,Gossip_1007,Gossip_1008"
},
{
	"ID" : 4,
	"GossipGroup" : "Gossip_1009,Gossip_1010"
},
{
	"ID" : 5,
	"GossipGroup" : "Gossip_1011,Gossip_1012,Gossip_1013"
},
{
	"ID" : 6,
	"GossipGroup" : "Gossip_1014,Gossip_1015,Gossip_1016"
},
{
	"ID" : 7,
	"GossipGroup" : "Gossip_1017,Gossip_1018,Gossip_1019,Gossip_1020,Gossip_1021"
}
]