[
{
	"ID" : 0, 
	"TotalExp" : 0
},
{
	"ID" : 1,
	"TotalExp" : 0
},
{
	"ID" : 2,
	"TotalExp" : 90
},
{
	"ID" : 3,
	"TotalExp" : 270
},
{
	"ID" : 4,
	"TotalExp" : 540
},
{
	"ID" : 5,
	"TotalExp" : 900
},
{
	"ID" : 6,
	"TotalExp" : 1350
},
{
	"ID" : 7,
	"TotalExp" : 1890
},
{
	"ID" : 8,
	"TotalExp" : 2520
},
{
	"ID" : 9,
	"TotalExp" : 3240
},
{
	"ID" : 10,
	"TotalExp" : 4050
},
{
	"ID" : 11,
	"TotalExp" : 4950
},
{
	"ID" : 12,
	"TotalExp" : 5940
},
{
	"ID" : 13,
	"TotalExp" : 7020
},
{
	"ID" : 14,
	"TotalExp" : 8190
},
{
	"ID" : 15,
	"TotalExp" : 9450
},
{
	"ID" : 16,
	"TotalExp" : 10800
},
{
	"ID" : 17,
	"TotalExp" : 12240
},
{
	"ID" : 18,
	"TotalExp" : 13770
},
{
	"ID" : 19,
	"TotalExp" : 15390
},
{
	"ID" : 20,
	"TotalExp" : 17100
},
{
	"ID" : 21,
	"TotalExp" : 18900
},
{
	"ID" : 22,
	"TotalExp" : 20880
},
{
	"ID" : 23,
	"TotalExp" : 23040
},
{
	"ID" : 24,
	"TotalExp" : 25380
},
{
	"ID" : 25,
	"TotalExp" : 27900
},
{
	"ID" : 26,
	"TotalExp" : 30600
},
{
	"ID" : 27,
	"TotalExp" : 33660
},
{
	"ID" : 28,
	"TotalExp" : 37080
},
{
	"ID" : 29,
	"TotalExp" : 40860
},
{
	"ID" : 30,
	"TotalExp" : 45000
},
{
	"ID" : 31,
	"TotalExp" : 49500
},
{
	"ID" : 32,
	"TotalExp" : 54540
},
{
	"ID" : 33,
	"TotalExp" : 60120
},
{
	"ID" : 34,
	"TotalExp" : 66240
},
{
	"ID" : 35,
	"TotalExp" : 72900
},
{
	"ID" : 36,
	"TotalExp" : 80100
},
{
	"ID" : 37,
	"TotalExp" : 88020
},
{
	"ID" : 38,
	"TotalExp" : 96660
},
{
	"ID" : 39,
	"TotalExp" : 106020
},
{
	"ID" : 40,
	"TotalExp" : 116100
},
{
	"ID" : 41,
	"TotalExp" : 126900
},
{
	"ID" : 42,
	"TotalExp" : 138600
},
{
	"ID" : 43,
	"TotalExp" : 151200
},
{
	"ID" : 44,
	"TotalExp" : 164700
},
{
	"ID" : 45,
	"TotalExp" : 179100
},
{
	"ID" : 46,
	"TotalExp" : 194400
},
{
	"ID" : 47,
	"TotalExp" : 210780
},
{
	"ID" : 48,
	"TotalExp" : 228240
},
{
	"ID" : 49,
	"TotalExp" : 246780
},
{
	"ID" : 50,
	"TotalExp" : 266400
},
{
	"ID" : 51,
	"TotalExp" : 287100
},
{
	"ID" : 52,
	"TotalExp" : 309060
},
{
	"ID" : 53,
	"TotalExp" : 332280
},
{
	"ID" : 54,
	"TotalExp" : 356760
},
{
	"ID" : 55,
	"TotalExp" : 382500
},
{
	"ID" : 56,
	"TotalExp" : 409500
},
{
	"ID" : 57,
	"TotalExp" : 437940
},
{
	"ID" : 58,
	"TotalExp" : 467820
},
{
	"ID" : 59,
	"TotalExp" : 499140
},
{
	"ID" : 60,
	"TotalExp" : 531900
},
{
	"ID" : 61,
	"TotalExp" : 566100
},
{
	"ID" : 62,
	"TotalExp" : 601920
},
{
	"ID" : 63,
	"TotalExp" : 639360
},
{
	"ID" : 64,
	"TotalExp" : 678420
},
{
	"ID" : 65,
	"TotalExp" : 719100
},
{
	"ID" : 66,
	"TotalExp" : 761400
},
{
	"ID" : 67,
	"TotalExp" : 805500
},
{
	"ID" : 68,
	"TotalExp" : 851400
},
{
	"ID" : 69,
	"TotalExp" : 899100
},
{
	"ID" : 70,
	"TotalExp" : 948600
},
{
	"ID" : 71,
	"TotalExp" : 999900
},
{
	"ID" : 72,
	"TotalExp" : 1053900
},
{
	"ID" : 73,
	"TotalExp" : 1110600
},
{
	"ID" : 74,
	"TotalExp" : 1170000
},
{
	"ID" : 75,
	"TotalExp" : 1232100
},
{
	"ID" : 76,
	"TotalExp" : 1296900
},
{
	"ID" : 77,
	"TotalExp" : 1366200
},
{
	"ID" : 78,
	"TotalExp" : 1440000
},
{
	"ID" : 79,
	"TotalExp" : 1518300
},
{
	"ID" : 80,
	"TotalExp" : 1601100
},
{
	"ID" : 81,
	"TotalExp" : 1688400
},
{
	"ID" : 82,
	"TotalExp" : 1782900
},
{
	"ID" : 83,
	"TotalExp" : 1884600
},
{
	"ID" : 84,
	"TotalExp" : 1993500
},
{
	"ID" : 85,
	"TotalExp" : 2109600
},
{
	"ID" : 86,
	"TotalExp" : 2232900
},
{
	"ID" : 87,
	"TotalExp" : 2365200
},
{
	"ID" : 88,
	"TotalExp" : 2506500
},
{
	"ID" : 89,
	"TotalExp" : 2656800
},
{
	"ID" : 90,
	"TotalExp" : 2816100
},
{
	"ID" : 91,
	"TotalExp" : 2984400
},
{
	"ID" : 92,
	"TotalExp" : 3166200
},
{
	"ID" : 93,
	"TotalExp" : 3361500
},
{
	"ID" : 94,
	"TotalExp" : 3570300
},
{
	"ID" : 95,
	"TotalExp" : 3792600
},
{
	"ID" : 96,
	"TotalExp" : 4028400
},
{
	"ID" : 97,
	"TotalExp" : 4282200
},
{
	"ID" : 98,
	"TotalExp" : 4554000
},
{
	"ID" : 99,
	"TotalExp" : 4843800
},
{
	"ID" : 100,
	"TotalExp" : 5151600
}
]