[
{
	"ID" : 0, 
	"Resource" : "", 
	"StarNumber" : 0, 
	"EnergyPoint" : 0, 
	"ItemCostNumber" : ""
},
{
	"ID" : 1,
	"Resource" : "UI_hero_xinji02",
	"StarNumber" : 6,
	"EnergyPoint" : 5,
	"ItemCostNumber" : "2,30,5"
},
{
	"ID" : 2,
	"Resource" : "UI_hero_xinji03",
	"StarNumber" : 6,
	"EnergyPoint" : 5,
	"ItemCostNumber" : "4,60,5"
},
{
	"ID" : 3,
	"Resource" : "UI_hero_xinji04",
	"StarNumber" : 6,
	"EnergyPoint" : 5,
	"ItemCostNumber" : "6,90,10"
},
{
	"ID" : 4,
	"Resource" : "UI_hero_xinji05",
	"StarNumber" : 6,
	"EnergyPoint" : 5,
	"ItemCostNumber" : "8,120,10"
},
{
	"ID" : 5,
	"Resource" : "UI_hero_xinji06",
	"StarNumber" : 6,
	"EnergyPoint" : 5,
	"ItemCostNumber" : "10,150,25"
},
{
	"ID" : 6,
	"Resource" : "UI_hero_xinji07",
	"StarNumber" : 6,
	"EnergyPoint" : 5,
	"ItemCostNumber" : "12,180,30"
},
{
	"ID" : 7,
	"Resource" : "UI_hero_xinji02",
	"StarNumber" : 6,
	"EnergyPoint" : 10,
	"ItemCostNumber" : "14,210,35"
},
{
	"ID" : 8,
	"Resource" : "UI_hero_xinji03",
	"StarNumber" : 6,
	"EnergyPoint" : 10,
	"ItemCostNumber" : "16,240,40"
},
{
	"ID" : 9,
	"Resource" : "UI_hero_xinji04",
	"StarNumber" : 6,
	"EnergyPoint" : 10,
	"ItemCostNumber" : "18,270,45"
},
{
	"ID" : 10,
	"Resource" : "UI_hero_xinji05",
	"StarNumber" : 6,
	"EnergyPoint" : 10,
	"ItemCostNumber" : "20,300,50"
},
{
	"ID" : 11,
	"Resource" : "UI_hero_xinji06",
	"StarNumber" : 6,
	"EnergyPoint" : 10,
	"ItemCostNumber" : "22,330,55"
},
{
	"ID" : 12,
	"Resource" : "UI_hero_xinji07",
	"StarNumber" : 6,
	"EnergyPoint" : 10,
	"ItemCostNumber" : "24,360,60"
},
{
	"ID" : 13,
	"Resource" : "UI_hero_xinji02",
	"StarNumber" : 6,
	"EnergyPoint" : 15,
	"ItemCostNumber" : "26,390,65"
},
{
	"ID" : 14,
	"Resource" : "UI_hero_xinji03",
	"StarNumber" : 6,
	"EnergyPoint" : 15,
	"ItemCostNumber" : "28,420,70"
},
{
	"ID" : 15,
	"Resource" : "UI_hero_xinji04",
	"StarNumber" : 6,
	"EnergyPoint" : 15,
	"ItemCostNumber" : "30,450,75"
},
{
	"ID" : 16,
	"Resource" : "UI_hero_xinji05",
	"StarNumber" : 6,
	"EnergyPoint" : 15,
	"ItemCostNumber" : "32,480,80"
},
{
	"ID" : 17,
	"Resource" : "UI_hero_xinji06",
	"StarNumber" : 6,
	"EnergyPoint" : 15,
	"ItemCostNumber" : "34,510,85"
},
{
	"ID" : 18,
	"Resource" : "UI_hero_xinji07",
	"StarNumber" : 6,
	"EnergyPoint" : 15,
	"ItemCostNumber" : "36,540,90"
}
]