[
{
	"ID" : 0, 
	"RelationID" : 0, 
	"NameLocalization" : "", 
	"RelationBG" : "", 
	"ConditionLocalization" : "", 
	"EffectLocalization" : "", 
	"HeroList" : "", 
	"LevelCondition" : 0, 
	"StarCondition" : 0, 
	"Attribute" : "", 
	"MailID" : 0
},
{
	"ID" : 1101,
	"RelationID" : 1,
	"NameLocalization" : "UI_HeroRelation_title05",
	"RelationBG" : "UI_HeroRelation_beijin05",
	"ConditionLocalization" : "HR_Condition_1",
	"EffectLocalization" : "HR_Effect_12",
	"HeroList" : "2,3",
	"LevelCondition" : 30,
	"Attribute" : "12,20"
},
{
	"ID" : 1102,
	"RelationID" : 1,
	"NameLocalization" : "UI_HeroRelation_title05",
	"RelationBG" : "UI_HeroRelation_beijin05",
	"ConditionLocalization" : "HR_Condition_1",
	"EffectLocalization" : "HR_Effect_12",
	"HeroList" : "2,3",
	"LevelCondition" : 40,
	"Attribute" : "12,30"
},
{
	"ID" : 1103,
	"RelationID" : 1,
	"NameLocalization" : "UI_HeroRelation_title05",
	"RelationBG" : "UI_HeroRelation_beijin05",
	"ConditionLocalization" : "HR_Condition_1",
	"EffectLocalization" : "HR_Effect_12",
	"HeroList" : "2,3",
	"LevelCondition" : 50,
	"Attribute" : "12,40"
},
{
	"ID" : 1104,
	"RelationID" : 1,
	"NameLocalization" : "UI_HeroRelation_title05",
	"RelationBG" : "UI_HeroRelation_beijin05",
	"ConditionLocalization" : "HR_Condition_1",
	"EffectLocalization" : "HR_Effect_12",
	"HeroList" : "2,3",
	"LevelCondition" : 60,
	"Attribute" : "12,50"
},
{
	"ID" : 1105,
	"RelationID" : 1,
	"NameLocalization" : "UI_HeroRelation_title05",
	"RelationBG" : "UI_HeroRelation_beijin05",
	"ConditionLocalization" : "HR_Condition_1",
	"EffectLocalization" : "HR_Effect_12",
	"HeroList" : "2,3",
	"LevelCondition" : 70,
	"Attribute" : "12,60"
},
{
	"ID" : 1201,
	"RelationID" : 1,
	"NameLocalization" : "UI_HeroRelation_title05",
	"RelationBG" : "UI_HeroRelation_beijin05",
	"ConditionLocalization" : "HR_Condition_2",
	"EffectLocalization" : "HR_Effect_13",
	"HeroList" : "2,3",
	"StarCondition" : 6,
	"Attribute" : "13,1000"
},
{
	"ID" : 1202,
	"RelationID" : 1,
	"NameLocalization" : "UI_HeroRelation_title05",
	"RelationBG" : "UI_HeroRelation_beijin05",
	"ConditionLocalization" : "HR_Condition_2",
	"EffectLocalization" : "HR_Effect_13",
	"HeroList" : "2,3",
	"StarCondition" : 12,
	"Attribute" : "13,1000"
},
{
	"ID" : 1203,
	"RelationID" : 1,
	"NameLocalization" : "UI_HeroRelation_title05",
	"RelationBG" : "UI_HeroRelation_beijin05",
	"ConditionLocalization" : "HR_Condition_2",
	"EffectLocalization" : "HR_Effect_13",
	"HeroList" : "2,3",
	"StarCondition" : 18,
	"Attribute" : "13,2000"
},
{
	"ID" : 1204,
	"RelationID" : 1,
	"NameLocalization" : "UI_HeroRelation_title05",
	"RelationBG" : "UI_HeroRelation_beijin05",
	"ConditionLocalization" : "HR_Condition_2",
	"EffectLocalization" : "HR_Effect_13",
	"HeroList" : "2,3",
	"StarCondition" : 24,
	"Attribute" : "13,2000"
},
{
	"ID" : 1205,
	"RelationID" : 1,
	"NameLocalization" : "UI_HeroRelation_title05",
	"RelationBG" : "UI_HeroRelation_beijin05",
	"ConditionLocalization" : "HR_Condition_2",
	"EffectLocalization" : "HR_Effect_13",
	"HeroList" : "2,3",
	"StarCondition" : 30,
	"Attribute" : "13,3000"
},
{
	"ID" : 1206,
	"RelationID" : 1,
	"NameLocalization" : "UI_HeroRelation_title05",
	"RelationBG" : "UI_HeroRelation_beijin05",
	"ConditionLocalization" : "HR_Condition_2",
	"EffectLocalization" : "HR_Effect_13",
	"HeroList" : "2,3",
	"StarCondition" : 36,
	"Attribute" : "13,3000"
},
{
	"ID" : 2101,
	"RelationID" : 2,
	"NameLocalization" : "UI_HeroRelation_title02",
	"RelationBG" : "UI_HeroRelation_beijin02",
	"ConditionLocalization" : "HR_Condition_1",
	"EffectLocalization" : "HR_Effect_1",
	"HeroList" : "9,17",
	"LevelCondition" : 30,
	"Attribute" : "1,20"
},
{
	"ID" : 2102,
	"RelationID" : 2,
	"NameLocalization" : "UI_HeroRelation_title02",
	"RelationBG" : "UI_HeroRelation_beijin02",
	"ConditionLocalization" : "HR_Condition_1",
	"EffectLocalization" : "HR_Effect_1",
	"HeroList" : "9,17",
	"LevelCondition" : 40,
	"Attribute" : "1,30"
},
{
	"ID" : 2103,
	"RelationID" : 2,
	"NameLocalization" : "UI_HeroRelation_title02",
	"RelationBG" : "UI_HeroRelation_beijin02",
	"ConditionLocalization" : "HR_Condition_1",
	"EffectLocalization" : "HR_Effect_1",
	"HeroList" : "9,17",
	"LevelCondition" : 50,
	"Attribute" : "1,40"
},
{
	"ID" : 2104,
	"RelationID" : 2,
	"NameLocalization" : "UI_HeroRelation_title02",
	"RelationBG" : "UI_HeroRelation_beijin02",
	"ConditionLocalization" : "HR_Condition_1",
	"EffectLocalization" : "HR_Effect_1",
	"HeroList" : "9,17",
	"LevelCondition" : 60,
	"Attribute" : "1,50"
},
{
	"ID" : 2105,
	"RelationID" : 2,
	"NameLocalization" : "UI_HeroRelation_title02",
	"RelationBG" : "UI_HeroRelation_beijin02",
	"ConditionLocalization" : "HR_Condition_1",
	"EffectLocalization" : "HR_Effect_1",
	"HeroList" : "9,17",
	"LevelCondition" : 70,
	"Attribute" : "1,60"
},
{
	"ID" : 2201,
	"RelationID" : 2,
	"NameLocalization" : "UI_HeroRelation_title02",
	"RelationBG" : "UI_HeroRelation_beijin02",
	"ConditionLocalization" : "HR_Condition_2",
	"EffectLocalization" : "HR_Effect_2",
	"HeroList" : "9,17",
	"StarCondition" : 6,
	"Attribute" : "2,1000"
},
{
	"ID" : 2202,
	"RelationID" : 2,
	"NameLocalization" : "UI_HeroRelation_title02",
	"RelationBG" : "UI_HeroRelation_beijin02",
	"ConditionLocalization" : "HR_Condition_2",
	"EffectLocalization" : "HR_Effect_2",
	"HeroList" : "9,17",
	"StarCondition" : 12,
	"Attribute" : "2,1000"
},
{
	"ID" : 2203,
	"RelationID" : 2,
	"NameLocalization" : "UI_HeroRelation_title02",
	"RelationBG" : "UI_HeroRelation_beijin02",
	"ConditionLocalization" : "HR_Condition_2",
	"EffectLocalization" : "HR_Effect_2",
	"HeroList" : "9,17",
	"StarCondition" : 18,
	"Attribute" : "2,2000"
},
{
	"ID" : 2204,
	"RelationID" : 2,
	"NameLocalization" : "UI_HeroRelation_title02",
	"RelationBG" : "UI_HeroRelation_beijin02",
	"ConditionLocalization" : "HR_Condition_2",
	"EffectLocalization" : "HR_Effect_2",
	"HeroList" : "9,17",
	"StarCondition" : 24,
	"Attribute" : "2,2000"
},
{
	"ID" : 2205,
	"RelationID" : 2,
	"NameLocalization" : "UI_HeroRelation_title02",
	"RelationBG" : "UI_HeroRelation_beijin02",
	"ConditionLocalization" : "HR_Condition_2",
	"EffectLocalization" : "HR_Effect_2",
	"HeroList" : "9,17",
	"StarCondition" : 30,
	"Attribute" : "2,3000"
},
{
	"ID" : 2206,
	"RelationID" : 2,
	"NameLocalization" : "UI_HeroRelation_title02",
	"RelationBG" : "UI_HeroRelation_beijin02",
	"ConditionLocalization" : "HR_Condition_2",
	"EffectLocalization" : "HR_Effect_2",
	"HeroList" : "9,17",
	"StarCondition" : 36,
	"Attribute" : "2,3000"
},
{
	"ID" : 3101,
	"RelationID" : 3,
	"NameLocalization" : "UI_HeroRelation_title03",
	"RelationBG" : "UI_HeroRelation_beijin03",
	"ConditionLocalization" : "HR_Condition_1",
	"EffectLocalization" : "HR_Effect_11",
	"HeroList" : "6,7,8",
	"LevelCondition" : 30,
	"Attribute" : "11,2"
},
{
	"ID" : 3102,
	"RelationID" : 3,
	"NameLocalization" : "UI_HeroRelation_title03",
	"RelationBG" : "UI_HeroRelation_beijin03",
	"ConditionLocalization" : "HR_Condition_1",
	"EffectLocalization" : "HR_Effect_11",
	"HeroList" : "6,7,8",
	"LevelCondition" : 40,
	"Attribute" : "11,3"
},
{
	"ID" : 3103,
	"RelationID" : 3,
	"NameLocalization" : "UI_HeroRelation_title03",
	"RelationBG" : "UI_HeroRelation_beijin03",
	"ConditionLocalization" : "HR_Condition_1",
	"EffectLocalization" : "HR_Effect_11",
	"HeroList" : "6,7,8",
	"LevelCondition" : 50,
	"Attribute" : "11,4"
},
{
	"ID" : 3104,
	"RelationID" : 3,
	"NameLocalization" : "UI_HeroRelation_title03",
	"RelationBG" : "UI_HeroRelation_beijin03",
	"ConditionLocalization" : "HR_Condition_1",
	"EffectLocalization" : "HR_Effect_11",
	"HeroList" : "6,7,8",
	"LevelCondition" : 60,
	"Attribute" : "11,5"
},
{
	"ID" : 3105,
	"RelationID" : 3,
	"NameLocalization" : "UI_HeroRelation_title03",
	"RelationBG" : "UI_HeroRelation_beijin03",
	"ConditionLocalization" : "HR_Condition_1",
	"EffectLocalization" : "HR_Effect_11",
	"HeroList" : "6,7,8",
	"LevelCondition" : 70,
	"Attribute" : "11,6"
},
{
	"ID" : 3201,
	"RelationID" : 3,
	"NameLocalization" : "UI_HeroRelation_title03",
	"RelationBG" : "UI_HeroRelation_beijin03",
	"ConditionLocalization" : "HR_Condition_2",
	"EffectLocalization" : "HR_Effect_10",
	"HeroList" : "6,7,8",
	"StarCondition" : 6,
	"Attribute" : "10,20",
	"MailID" : 58
},
{
	"ID" : 3203,
	"RelationID" : 3,
	"NameLocalization" : "UI_HeroRelation_title03",
	"RelationBG" : "UI_HeroRelation_beijin03",
	"ConditionLocalization" : "HR_Condition_2",
	"EffectLocalization" : "HR_Effect_10",
	"HeroList" : "6,7,8",
	"StarCondition" : 12,
	"Attribute" : "10,20",
	"MailID" : 58
},
{
	"ID" : 3205,
	"RelationID" : 3,
	"NameLocalization" : "UI_HeroRelation_title03",
	"RelationBG" : "UI_HeroRelation_beijin03",
	"ConditionLocalization" : "HR_Condition_2",
	"EffectLocalization" : "HR_Effect_10",
	"HeroList" : "6,7,8",
	"StarCondition" : 18,
	"Attribute" : "10,20",
	"MailID" : 58
},
{
	"ID" : 3207,
	"RelationID" : 3,
	"NameLocalization" : "UI_HeroRelation_title03",
	"RelationBG" : "UI_HeroRelation_beijin03",
	"ConditionLocalization" : "HR_Condition_2",
	"EffectLocalization" : "HR_Effect_10",
	"HeroList" : "6,7,8",
	"StarCondition" : 24,
	"Attribute" : "10,25",
	"MailID" : 58
},
{
	"ID" : 3209,
	"RelationID" : 3,
	"NameLocalization" : "UI_HeroRelation_title03",
	"RelationBG" : "UI_HeroRelation_beijin03",
	"ConditionLocalization" : "HR_Condition_2",
	"EffectLocalization" : "HR_Effect_10",
	"HeroList" : "6,7,8",
	"StarCondition" : 30,
	"Attribute" : "10,25",
	"MailID" : 58
},
{
	"ID" : 3211,
	"RelationID" : 3,
	"NameLocalization" : "UI_HeroRelation_title03",
	"RelationBG" : "UI_HeroRelation_beijin03",
	"ConditionLocalization" : "HR_Condition_2",
	"EffectLocalization" : "HR_Effect_10",
	"HeroList" : "6,7,8",
	"StarCondition" : 36,
	"Attribute" : "10,25",
	"MailID" : 58
},
{
	"ID" : 4101,
	"RelationID" : 4,
	"NameLocalization" : "UI_HeroRelation_title01",
	"RelationBG" : "UI_HeroRelation_beijin01",
	"ConditionLocalization" : "HR_Condition_1",
	"EffectLocalization" : "HR_Effect_6",
	"HeroList" : "4,5,11",
	"LevelCondition" : 30,
	"Attribute" : "6,20"
},
{
	"ID" : 4102,
	"RelationID" : 4,
	"NameLocalization" : "UI_HeroRelation_title01",
	"RelationBG" : "UI_HeroRelation_beijin01",
	"ConditionLocalization" : "HR_Condition_1",
	"EffectLocalization" : "HR_Effect_6",
	"HeroList" : "4,5,11",
	"LevelCondition" : 40,
	"Attribute" : "6,30"
},
{
	"ID" : 4103,
	"RelationID" : 4,
	"NameLocalization" : "UI_HeroRelation_title01",
	"RelationBG" : "UI_HeroRelation_beijin01",
	"ConditionLocalization" : "HR_Condition_1",
	"EffectLocalization" : "HR_Effect_6",
	"HeroList" : "4,5,11",
	"LevelCondition" : 50,
	"Attribute" : "6,40"
},
{
	"ID" : 4104,
	"RelationID" : 4,
	"NameLocalization" : "UI_HeroRelation_title01",
	"RelationBG" : "UI_HeroRelation_beijin01",
	"ConditionLocalization" : "HR_Condition_1",
	"EffectLocalization" : "HR_Effect_6",
	"HeroList" : "4,5,11",
	"LevelCondition" : 60,
	"Attribute" : "6,50"
},
{
	"ID" : 4105,
	"RelationID" : 4,
	"NameLocalization" : "UI_HeroRelation_title01",
	"RelationBG" : "UI_HeroRelation_beijin01",
	"ConditionLocalization" : "HR_Condition_1",
	"EffectLocalization" : "HR_Effect_6",
	"HeroList" : "4,5,11",
	"LevelCondition" : 70,
	"Attribute" : "6,60"
},
{
	"ID" : 4201,
	"RelationID" : 4,
	"NameLocalization" : "UI_HeroRelation_title01",
	"RelationBG" : "UI_HeroRelation_beijin01",
	"ConditionLocalization" : "HR_Condition_2",
	"EffectLocalization" : "HR_Effect_7",
	"HeroList" : "4,5,11",
	"StarCondition" : 3,
	"Attribute" : "7,20"
},
{
	"ID" : 4202,
	"RelationID" : 4,
	"NameLocalization" : "UI_HeroRelation_title01",
	"RelationBG" : "UI_HeroRelation_beijin01",
	"ConditionLocalization" : "HR_Condition_2",
	"EffectLocalization" : "HR_Effect_8",
	"HeroList" : "4,5,11",
	"StarCondition" : 6,
	"Attribute" : "8,1000"
},
{
	"ID" : 4203,
	"RelationID" : 4,
	"NameLocalization" : "UI_HeroRelation_title01",
	"RelationBG" : "UI_HeroRelation_beijin01",
	"ConditionLocalization" : "HR_Condition_2",
	"EffectLocalization" : "HR_Effect_7",
	"HeroList" : "4,5,11",
	"StarCondition" : 9,
	"Attribute" : "7,20"
},
{
	"ID" : 4204,
	"RelationID" : 4,
	"NameLocalization" : "UI_HeroRelation_title01",
	"RelationBG" : "UI_HeroRelation_beijin01",
	"ConditionLocalization" : "HR_Condition_2",
	"EffectLocalization" : "HR_Effect_8",
	"HeroList" : "4,5,11",
	"StarCondition" : 12,
	"Attribute" : "8,1000"
},
{
	"ID" : 4205,
	"RelationID" : 4,
	"NameLocalization" : "UI_HeroRelation_title01",
	"RelationBG" : "UI_HeroRelation_beijin01",
	"ConditionLocalization" : "HR_Condition_2",
	"EffectLocalization" : "HR_Effect_7",
	"HeroList" : "4,5,11",
	"StarCondition" : 15,
	"Attribute" : "7,20"
},
{
	"ID" : 4206,
	"RelationID" : 4,
	"NameLocalization" : "UI_HeroRelation_title01",
	"RelationBG" : "UI_HeroRelation_beijin01",
	"ConditionLocalization" : "HR_Condition_2",
	"EffectLocalization" : "HR_Effect_8",
	"HeroList" : "4,5,11",
	"StarCondition" : 18,
	"Attribute" : "8,1000"
},
{
	"ID" : 4207,
	"RelationID" : 4,
	"NameLocalization" : "UI_HeroRelation_title01",
	"RelationBG" : "UI_HeroRelation_beijin01",
	"ConditionLocalization" : "HR_Condition_2",
	"EffectLocalization" : "HR_Effect_7",
	"HeroList" : "4,5,11",
	"StarCondition" : 21,
	"Attribute" : "7,30"
},
{
	"ID" : 4208,
	"RelationID" : 4,
	"NameLocalization" : "UI_HeroRelation_title01",
	"RelationBG" : "UI_HeroRelation_beijin01",
	"ConditionLocalization" : "HR_Condition_2",
	"EffectLocalization" : "HR_Effect_8",
	"HeroList" : "4,5,11",
	"StarCondition" : 24,
	"Attribute" : "8,1500"
},
{
	"ID" : 4209,
	"RelationID" : 4,
	"NameLocalization" : "UI_HeroRelation_title01",
	"RelationBG" : "UI_HeroRelation_beijin01",
	"ConditionLocalization" : "HR_Condition_2",
	"EffectLocalization" : "HR_Effect_7",
	"HeroList" : "4,5,11",
	"StarCondition" : 27,
	"Attribute" : "7,30"
},
{
	"ID" : 4210,
	"RelationID" : 4,
	"NameLocalization" : "UI_HeroRelation_title01",
	"RelationBG" : "UI_HeroRelation_beijin01",
	"ConditionLocalization" : "HR_Condition_2",
	"EffectLocalization" : "HR_Effect_8",
	"HeroList" : "4,5,11",
	"StarCondition" : 30,
	"Attribute" : "8,1500"
},
{
	"ID" : 4211,
	"RelationID" : 4,
	"NameLocalization" : "UI_HeroRelation_title01",
	"RelationBG" : "UI_HeroRelation_beijin01",
	"ConditionLocalization" : "HR_Condition_2",
	"EffectLocalization" : "HR_Effect_7",
	"HeroList" : "4,5,11",
	"StarCondition" : 33,
	"Attribute" : "7,30"
},
{
	"ID" : 4212,
	"RelationID" : 4,
	"NameLocalization" : "UI_HeroRelation_title01",
	"RelationBG" : "UI_HeroRelation_beijin01",
	"ConditionLocalization" : "HR_Condition_2",
	"EffectLocalization" : "HR_Effect_8",
	"HeroList" : "4,5,11",
	"StarCondition" : 36,
	"Attribute" : "8,1500"
},
{
	"ID" : 5101,
	"RelationID" : 5,
	"NameLocalization" : "UI_HeroRelation_title04",
	"RelationBG" : "UI_HeroRelation_beijin04",
	"ConditionLocalization" : "HR_Condition_1",
	"EffectLocalization" : "HR_Effect_3",
	"HeroList" : "11,12,13",
	"LevelCondition" : 30,
	"Attribute" : "3,500"
},
{
	"ID" : 5102,
	"RelationID" : 5,
	"NameLocalization" : "UI_HeroRelation_title04",
	"RelationBG" : "UI_HeroRelation_beijin04",
	"ConditionLocalization" : "HR_Condition_1",
	"EffectLocalization" : "HR_Effect_3",
	"HeroList" : "11,12,13",
	"LevelCondition" : 40,
	"Attribute" : "3,500"
},
{
	"ID" : 5103,
	"RelationID" : 5,
	"NameLocalization" : "UI_HeroRelation_title04",
	"RelationBG" : "UI_HeroRelation_beijin04",
	"ConditionLocalization" : "HR_Condition_1",
	"EffectLocalization" : "HR_Effect_3",
	"HeroList" : "11,12,13",
	"LevelCondition" : 50,
	"Attribute" : "3,500"
},
{
	"ID" : 5104,
	"RelationID" : 5,
	"NameLocalization" : "UI_HeroRelation_title04",
	"RelationBG" : "UI_HeroRelation_beijin04",
	"ConditionLocalization" : "HR_Condition_1",
	"EffectLocalization" : "HR_Effect_3",
	"HeroList" : "11,12,13",
	"LevelCondition" : 60,
	"Attribute" : "3,500"
},
{
	"ID" : 5105,
	"RelationID" : 5,
	"NameLocalization" : "UI_HeroRelation_title04",
	"RelationBG" : "UI_HeroRelation_beijin04",
	"ConditionLocalization" : "HR_Condition_1",
	"EffectLocalization" : "HR_Effect_3",
	"HeroList" : "11,12,13",
	"LevelCondition" : 70,
	"Attribute" : "3,500"
},
{
	"ID" : 5201,
	"RelationID" : 5,
	"NameLocalization" : "UI_HeroRelation_title04",
	"RelationBG" : "UI_HeroRelation_beijin04",
	"ConditionLocalization" : "HR_Condition_2",
	"EffectLocalization" : "HR_Effect_4",
	"HeroList" : "11,12,13",
	"StarCondition" : 3,
	"Attribute" : "4,20",
	"MailID" : 56
},
{
	"ID" : 5202,
	"RelationID" : 5,
	"NameLocalization" : "UI_HeroRelation_title04",
	"RelationBG" : "UI_HeroRelation_beijin04",
	"ConditionLocalization" : "HR_Condition_2",
	"EffectLocalization" : "HR_Effect_5",
	"HeroList" : "11,12,13",
	"StarCondition" : 6,
	"Attribute" : "5,10",
	"MailID" : 57
},
{
	"ID" : 5203,
	"RelationID" : 5,
	"NameLocalization" : "UI_HeroRelation_title04",
	"RelationBG" : "UI_HeroRelation_beijin04",
	"ConditionLocalization" : "HR_Condition_2",
	"EffectLocalization" : "HR_Effect_4",
	"HeroList" : "11,12,13",
	"StarCondition" : 9,
	"Attribute" : "4,20",
	"MailID" : 56
},
{
	"ID" : 5204,
	"RelationID" : 5,
	"NameLocalization" : "UI_HeroRelation_title04",
	"RelationBG" : "UI_HeroRelation_beijin04",
	"ConditionLocalization" : "HR_Condition_2",
	"EffectLocalization" : "HR_Effect_5",
	"HeroList" : "11,12,13",
	"StarCondition" : 12,
	"Attribute" : "5,10",
	"MailID" : 57
},
{
	"ID" : 5205,
	"RelationID" : 5,
	"NameLocalization" : "UI_HeroRelation_title04",
	"RelationBG" : "UI_HeroRelation_beijin04",
	"ConditionLocalization" : "HR_Condition_2",
	"EffectLocalization" : "HR_Effect_4",
	"HeroList" : "11,12,13",
	"StarCondition" : 15,
	"Attribute" : "4,25",
	"MailID" : 56
},
{
	"ID" : 5206,
	"RelationID" : 5,
	"NameLocalization" : "UI_HeroRelation_title04",
	"RelationBG" : "UI_HeroRelation_beijin04",
	"ConditionLocalization" : "HR_Condition_2",
	"EffectLocalization" : "HR_Effect_5",
	"HeroList" : "11,12,13",
	"StarCondition" : 18,
	"Attribute" : "5,10",
	"MailID" : 57
},
{
	"ID" : 5207,
	"RelationID" : 5,
	"NameLocalization" : "UI_HeroRelation_title04",
	"RelationBG" : "UI_HeroRelation_beijin04",
	"ConditionLocalization" : "HR_Condition_2",
	"EffectLocalization" : "HR_Effect_4",
	"HeroList" : "11,12,13",
	"StarCondition" : 21,
	"Attribute" : "4,25",
	"MailID" : 56
},
{
	"ID" : 5208,
	"RelationID" : 5,
	"NameLocalization" : "UI_HeroRelation_title04",
	"RelationBG" : "UI_HeroRelation_beijin04",
	"ConditionLocalization" : "HR_Condition_2",
	"EffectLocalization" : "HR_Effect_5",
	"HeroList" : "11,12,13",
	"StarCondition" : 24,
	"Attribute" : "5,15",
	"MailID" : 57
},
{
	"ID" : 5209,
	"RelationID" : 5,
	"NameLocalization" : "UI_HeroRelation_title04",
	"RelationBG" : "UI_HeroRelation_beijin04",
	"ConditionLocalization" : "HR_Condition_2",
	"EffectLocalization" : "HR_Effect_4",
	"HeroList" : "11,12,13",
	"StarCondition" : 27,
	"Attribute" : "4,30",
	"MailID" : 56
},
{
	"ID" : 5210,
	"RelationID" : 5,
	"NameLocalization" : "UI_HeroRelation_title04",
	"RelationBG" : "UI_HeroRelation_beijin04",
	"ConditionLocalization" : "HR_Condition_2",
	"EffectLocalization" : "HR_Effect_5",
	"HeroList" : "11,12,13",
	"StarCondition" : 30,
	"Attribute" : "5,15",
	"MailID" : 57
},
{
	"ID" : 5211,
	"RelationID" : 5,
	"NameLocalization" : "UI_HeroRelation_title04",
	"RelationBG" : "UI_HeroRelation_beijin04",
	"ConditionLocalization" : "HR_Condition_2",
	"EffectLocalization" : "HR_Effect_4",
	"HeroList" : "11,12,13",
	"StarCondition" : 33,
	"Attribute" : "4,30",
	"MailID" : 56
},
{
	"ID" : 5212,
	"RelationID" : 5,
	"NameLocalization" : "UI_HeroRelation_title04",
	"RelationBG" : "UI_HeroRelation_beijin04",
	"ConditionLocalization" : "HR_Condition_2",
	"EffectLocalization" : "HR_Effect_5",
	"HeroList" : "11,12,13",
	"StarCondition" : 36,
	"Attribute" : "5,15",
	"MailID" : 57
},
{
	"ID" : 7201,
	"RelationID" : 7,
	"NameLocalization" : "UI_HeroRelation_title07",
	"RelationBG" : "UI_HeroRelation_beijin03",
	"ConditionLocalization" : "HR_Condition_2",
	"EffectLocalization" : "HR_Effect_17",
	"HeroList" : "17,18,21",
	"StarCondition" : 3,
	"Attribute" : "17,20"
},
{
	"ID" : 7202,
	"RelationID" : 7,
	"NameLocalization" : "UI_HeroRelation_title07",
	"RelationBG" : "UI_HeroRelation_beijin03",
	"ConditionLocalization" : "HR_Condition_2",
	"EffectLocalization" : "HR_Effect_18",
	"HeroList" : "17,18,21",
	"StarCondition" : 6,
	"Attribute" : "18,10"
},
{
	"ID" : 7203,
	"RelationID" : 7,
	"NameLocalization" : "UI_HeroRelation_title07",
	"RelationBG" : "UI_HeroRelation_beijin03",
	"ConditionLocalization" : "HR_Condition_2",
	"EffectLocalization" : "HR_Effect_17",
	"HeroList" : "17,18,21",
	"StarCondition" : 9,
	"Attribute" : "17,20"
},
{
	"ID" : 7204,
	"RelationID" : 7,
	"NameLocalization" : "UI_HeroRelation_title07",
	"RelationBG" : "UI_HeroRelation_beijin03",
	"ConditionLocalization" : "HR_Condition_2",
	"EffectLocalization" : "HR_Effect_18",
	"HeroList" : "17,18,21",
	"StarCondition" : 12,
	"Attribute" : "18,10"
},
{
	"ID" : 7205,
	"RelationID" : 7,
	"NameLocalization" : "UI_HeroRelation_title07",
	"RelationBG" : "UI_HeroRelation_beijin03",
	"ConditionLocalization" : "HR_Condition_2",
	"EffectLocalization" : "HR_Effect_17",
	"HeroList" : "17,18,21",
	"StarCondition" : 15,
	"Attribute" : "17,20"
},
{
	"ID" : 7206,
	"RelationID" : 7,
	"NameLocalization" : "UI_HeroRelation_title07",
	"RelationBG" : "UI_HeroRelation_beijin03",
	"ConditionLocalization" : "HR_Condition_2",
	"EffectLocalization" : "HR_Effect_18",
	"HeroList" : "17,18,21",
	"StarCondition" : 18,
	"Attribute" : "18,10"
},
{
	"ID" : 7207,
	"RelationID" : 7,
	"NameLocalization" : "UI_HeroRelation_title07",
	"RelationBG" : "UI_HeroRelation_beijin03",
	"ConditionLocalization" : "HR_Condition_2",
	"EffectLocalization" : "HR_Effect_17",
	"HeroList" : "17,18,21",
	"StarCondition" : 21,
	"Attribute" : "17,30"
},
{
	"ID" : 7208,
	"RelationID" : 7,
	"NameLocalization" : "UI_HeroRelation_title07",
	"RelationBG" : "UI_HeroRelation_beijin03",
	"ConditionLocalization" : "HR_Condition_2",
	"EffectLocalization" : "HR_Effect_18",
	"HeroList" : "17,18,21",
	"StarCondition" : 24,
	"Attribute" : "18,15"
},
{
	"ID" : 7209,
	"RelationID" : 7,
	"NameLocalization" : "UI_HeroRelation_title07",
	"RelationBG" : "UI_HeroRelation_beijin03",
	"ConditionLocalization" : "HR_Condition_2",
	"EffectLocalization" : "HR_Effect_17",
	"HeroList" : "17,18,21",
	"StarCondition" : 27,
	"Attribute" : "17,30"
},
{
	"ID" : 7210,
	"RelationID" : 7,
	"NameLocalization" : "UI_HeroRelation_title07",
	"RelationBG" : "UI_HeroRelation_beijin03",
	"ConditionLocalization" : "HR_Condition_2",
	"EffectLocalization" : "HR_Effect_18",
	"HeroList" : "17,18,21",
	"StarCondition" : 30,
	"Attribute" : "18,15"
},
{
	"ID" : 7211,
	"RelationID" : 7,
	"NameLocalization" : "UI_HeroRelation_title07",
	"RelationBG" : "UI_HeroRelation_beijin03",
	"ConditionLocalization" : "HR_Condition_2",
	"EffectLocalization" : "HR_Effect_17",
	"HeroList" : "17,18,21",
	"StarCondition" : 33,
	"Attribute" : "17,30"
},
{
	"ID" : 7212,
	"RelationID" : 7,
	"NameLocalization" : "UI_HeroRelation_title07",
	"RelationBG" : "UI_HeroRelation_beijin03",
	"ConditionLocalization" : "HR_Condition_2",
	"EffectLocalization" : "HR_Effect_18",
	"HeroList" : "17,18,21",
	"StarCondition" : 36,
	"Attribute" : "18,15"
}
]