[
{
	"ID" : 0, 
	"Name" : "", 
	"NameLocalizationID" : "", 
	"Description" : "", 
	"DescriptionLocalizationID" : "", 
	"TurretID" : 0, 
	"Icon" : "", 
	"SelfBulletID" : "", 
	"OtherBulletID" : "", 
	"Rarity" : 0, 
	"SwingID" : 0, 
	"MaxLevel" : 0, 
	"CombinationNum" : 0, 
	"PowerParam" : "", 
	"CrazyBullet" : "104,105,106,107,108,109,110", 
	"StarAttribute" : "", 
	"StarItemCost" : "", 
	"MaxStar" : 0
},
{
	"ID" : 1,
	"Name" : "普通鱼炮",
	"NameLocalizationID" : "Turret_Name_1",
	"DescriptionLocalizationID" : "Turret_Desc_1",
	"TurretID" : 1,
	"Icon" : "T0_icon,T0_icon,T0_icon,T0_icon,T0_icon,T0_icon",
	"SelfBulletID" : "1,1,1,1,1,1",
	"OtherBulletID" : "1,1,1,1,1,1",
	"Rarity" : 1,
	"MaxLevel" : 1,
	"PowerParam" : "1,1,1"
},
{
	"ID" : 2,
	"Name" : "渔夫",
	"NameLocalizationID" : "Turret_Name_2",
	"DescriptionLocalizationID" : "Turret_Desc_2",
	"TurretID" : 2,
	"Icon" : "T1_icon,T1_icon,T1_icon,T1_icon,T1_icon,T1_icon",
	"SelfBulletID" : "2,2,2,2,2,2",
	"OtherBulletID" : "2,2,2,2,2,2",
	"Rarity" : 2,
	"SwingID" : 1,
	"MaxLevel" : 70,
	"CombinationNum" : 30,
	"PowerParam" : "100,20,1",
	"StarAttribute" : "1,20",
	"StarItemCost" : "11201001,11501000,11501041",
	"MaxStar" : 36
},
{
	"ID" : 3,
	"Name" : "仙童",
	"NameLocalizationID" : "Turret_Name_3",
	"DescriptionLocalizationID" : "Turret_Desc_3",
	"TurretID" : 3,
	"Icon" : "T2_icon,T2_icon,T2_icon,T2_icon,T2_icon,T2_icon",
	"SelfBulletID" : "3,3,3,3,3,3",
	"OtherBulletID" : "3,3,3,3,3,3",
	"Rarity" : 2,
	"SwingID" : 13,
	"MaxLevel" : 70,
	"CombinationNum" : 30,
	"PowerParam" : "100,20,1",
	"StarAttribute" : "2,20",
	"StarItemCost" : "11201002,11501000,11501041",
	"MaxStar" : 36
},
{
	"ID" : 4,
	"Name" : "关羽",
	"NameLocalizationID" : "Turret_Name_4",
	"DescriptionLocalizationID" : "Turret_Desc_4",
	"TurretID" : 8,
	"Icon" : "T7_icon_1,T7_icon_1,T7_icon_1,T7_icon_1,T7_icon_1,T7_icon_1",
	"SelfBulletID" : "4,4,4,4,4,4",
	"OtherBulletID" : "4,4,4,4,4,4",
	"Rarity" : 4,
	"SwingID" : 3,
	"MaxLevel" : 70,
	"CombinationNum" : 30,
	"PowerParam" : "100,20,2",
	"StarAttribute" : "3,5",
	"StarItemCost" : "11201003,11501000,11501041",
	"MaxStar" : 36
},
{
	"ID" : 5,
	"Name" : "张飞",
	"NameLocalizationID" : "Turret_Name_5",
	"DescriptionLocalizationID" : "Turret_Desc_5",
	"TurretID" : 9,
	"Icon" : "T8_icon_1,T8_icon_1,T8_icon_1,T8_icon_1,T8_icon_1,T8_icon_1",
	"SelfBulletID" : "5,5,5,5,5,5",
	"OtherBulletID" : "5,5,5,5,5,5",
	"Rarity" : 4,
	"SwingID" : 2,
	"MaxLevel" : 70,
	"CombinationNum" : 30,
	"PowerParam" : "100,20,2",
	"StarAttribute" : "4,5",
	"StarItemCost" : "11201004,11501000,11501041",
	"MaxStar" : 36
},
{
	"ID" : 6,
	"Name" : "赵云",
	"NameLocalizationID" : "Turret_Name_6",
	"DescriptionLocalizationID" : "Turret_Desc_6",
	"TurretID" : 10,
	"Icon" : "T9_icon_1,T9_icon_1,T9_icon_1,T9_icon_1,T9_icon_1,T9_icon_1",
	"SelfBulletID" : "6,6,6,6,6,6",
	"OtherBulletID" : "6,6,6,6,6,6",
	"Rarity" : 4,
	"SwingID" : 6,
	"MaxLevel" : 70,
	"CombinationNum" : 30,
	"PowerParam" : "100,20,2",
	"StarAttribute" : "5,20",
	"StarItemCost" : "11201005,11501000,11501041",
	"MaxStar" : 36
},
{
	"ID" : 7,
	"Name" : "黄忠",
	"NameLocalizationID" : "Turret_Name_7",
	"DescriptionLocalizationID" : "Turret_Desc_7",
	"TurretID" : 11,
	"Icon" : "T10_icon_1,T10_icon_1,T10_icon_1,T10_icon_1,T10_icon_1,T10_icon_1",
	"SelfBulletID" : "7,7,7,7,7,7",
	"OtherBulletID" : "7,7,7,7,7,7",
	"Rarity" : 4,
	"SwingID" : 4,
	"MaxLevel" : 70,
	"CombinationNum" : 30,
	"PowerParam" : "100,20,2",
	"StarAttribute" : "6,20",
	"StarItemCost" : "11201006,11501000,11501041",
	"MaxStar" : 36
},
{
	"ID" : 8,
	"Name" : "魏延",
	"NameLocalizationID" : "Turret_Name_8",
	"DescriptionLocalizationID" : "Turret_Desc_8",
	"TurretID" : 12,
	"Icon" : "T11_icon_1,T11_icon_1,T11_icon_1,T11_icon_1,T11_icon_1,T11_icon_1",
	"SelfBulletID" : "8,8,8,8,8,8",
	"OtherBulletID" : "8,8,8,8,8,8",
	"Rarity" : 4,
	"SwingID" : 5,
	"MaxLevel" : 70,
	"CombinationNum" : 30,
	"PowerParam" : "100,20,2",
	"StarAttribute" : "7,5",
	"StarItemCost" : "11201007,11501000,11501041",
	"MaxStar" : 36
},
{
	"ID" : 10,
	"Name" : "财神",
	"NameLocalizationID" : "Turret_Name_10",
	"DescriptionLocalizationID" : "Turret_Desc_10",
	"TurretID" : 13,
	"Icon" : "T12_icon_1,T12_icon_1,T12_icon_1,T12_icon_1,T12_icon_1,T12_icon_1",
	"SelfBulletID" : "10,10,10,10,11,12",
	"OtherBulletID" : "10,10,10,10,11,12",
	"Rarity" : 5,
	"SwingID" : 7,
	"MaxLevel" : 70,
	"CombinationNum" : 30,
	"PowerParam" : "100,20,3",
	"StarAttribute" : "9,5",
	"StarItemCost" : "11201009,11501000,11501041",
	"MaxStar" : 36
},
{
	"ID" : 9,
	"Name" : "吕布",
	"NameLocalizationID" : "Turret_Name_9",
	"DescriptionLocalizationID" : "Turret_Desc_9",
	"TurretID" : 4,
	"Icon" : "T3_icon_1,T3_icon_1,T3_icon_1,T3_icon_1,T3_icon_1,T3_icon_1",
	"SelfBulletID" : "9,9,9,9,9,9",
	"OtherBulletID" : "9,9,9,9,9,9",
	"Rarity" : 5,
	"SwingID" : 8,
	"MaxLevel" : 70,
	"CombinationNum" : 30,
	"PowerParam" : "100,20,3",
	"StarAttribute" : "8,20",
	"StarItemCost" : "11201008,11501000,11501041",
	"MaxStar" : 36
},
{
	"ID" : 17,
	"Name" : "貂蝉",
	"NameLocalizationID" : "Turret_Name_17",
	"DescriptionLocalizationID" : "Turret_Desc_17",
	"TurretID" : 19,
	"Icon" : "T13_icon_1,T13_icon_1,T13_icon_1,T13_icon_1,T13_icon_1,T13_icon_1",
	"SelfBulletID" : "16,16,16,16,16,16",
	"OtherBulletID" : "16,16,16,16,16,16",
	"Rarity" : 5,
	"SwingID" : 12,
	"MaxLevel" : 70,
	"CombinationNum" : 30,
	"PowerParam" : "100,20,3",
	"StarAttribute" : "13,5",
	"StarItemCost" : "11201013,11501000,11501041",
	"MaxStar" : 36
},
{
	"ID" : 18,
	"Name" : "甄姬",
	"NameLocalizationID" : "Turret_Name_18",
	"DescriptionLocalizationID" : "Turret_Desc_18",
	"TurretID" : 20,
	"Icon" : "T14_icon_1,T14_icon_1,T14_icon_1,T14_icon_1,T14_icon_1,T14_icon_1",
	"SelfBulletID" : "17,17,17,17,17,17",
	"OtherBulletID" : "17,17,17,17,17,17",
	"Rarity" : 5,
	"SwingID" : 14,
	"MaxLevel" : 70,
	"CombinationNum" : 30,
	"PowerParam" : "100,20,3",
	"StarAttribute" : "15,5",
	"StarItemCost" : "11201014,11501000,11501041",
	"MaxStar" : 36
},
{
	"ID" : 21,
	"Name" : "孙尚香",
	"NameLocalizationID" : "Turret_Name_21",
	"DescriptionLocalizationID" : "Turret_Desc_21",
	"TurretID" : 23,
	"Icon" : "T17_icon_1,T17_icon_1,T17_icon_1,T17_icon_1,T17_icon_1,T17_icon_1",
	"SelfBulletID" : "20,20,20,20,20,20",
	"OtherBulletID" : "20,20,20,20,20,20",
	"Rarity" : 5,
	"SwingID" : 17,
	"MaxLevel" : 70,
	"CombinationNum" : 30,
	"PowerParam" : "100,20,3",
	"StarAttribute" : "14,5",
	"StarItemCost" : "11201017,11501000,11501041",
	"MaxStar" : 36
},
{
	"ID" : 11,
	"Name" : "刘备",
	"NameLocalizationID" : "Turret_Name_11",
	"DescriptionLocalizationID" : "Turret_Desc_11",
	"TurretID" : 5,
	"Icon" : "T4_icon_1,T4_icon_1,T4_icon_1,T4_icon_1,T4_icon_1,T4_icon_1",
	"SelfBulletID" : "13,13,13,13,13,13",
	"OtherBulletID" : "13,13,13,13,13,13",
	"Rarity" : 6,
	"SwingID" : 11,
	"MaxLevel" : 70,
	"CombinationNum" : 30,
	"PowerParam" : "100,20,5",
	"StarAttribute" : "10,5",
	"StarItemCost" : "11201010,11501000,11501041",
	"MaxStar" : 36
},
{
	"ID" : 12,
	"Name" : "曹操",
	"NameLocalizationID" : "Turret_Name_12",
	"DescriptionLocalizationID" : "Turret_Desc_12",
	"TurretID" : 6,
	"Icon" : "T5_icon_1,T5_icon_1,T5_icon_1,T5_icon_1,T5_icon_1,T5_icon_1",
	"SelfBulletID" : "14,14,14,14,14,14",
	"OtherBulletID" : "14,14,14,14,14,14",
	"Rarity" : 6,
	"SwingID" : 10,
	"MaxLevel" : 70,
	"CombinationNum" : 30,
	"PowerParam" : "100,20,5",
	"StarAttribute" : "11,2",
	"StarItemCost" : "11201011,11501000,11501041",
	"MaxStar" : 36
},
{
	"ID" : 13,
	"Name" : "孙权",
	"NameLocalizationID" : "Turret_Name_13",
	"DescriptionLocalizationID" : "Turret_Desc_13",
	"TurretID" : 7,
	"Icon" : "T6_icon_1,T6_icon_1,T6_icon_1,T6_icon_1,T6_icon_1,T6_icon_1",
	"SelfBulletID" : "15,15,15,15,15,15",
	"OtherBulletID" : "15,15,15,15,15,15",
	"Rarity" : 6,
	"SwingID" : 9,
	"MaxLevel" : 70,
	"CombinationNum" : 30,
	"PowerParam" : "100,20,5",
	"StarAttribute" : "12,5",
	"StarItemCost" : "11201012,11501000,11501041",
	"MaxStar" : 36
},
{
	"ID" : 14,
	"Name" : "激光炮",
	"TurretID" : 14,
	"SelfBulletID" : "102",
	"OtherBulletID" : "102",
	"Rarity" : 3,
	"PowerParam" : "1,1,1",
	"CrazyBullet" : "0"
},
{
	"ID" : 15,
	"Name" : "钻头炮",
	"TurretID" : 15,
	"SelfBulletID" : "101",
	"OtherBulletID" : "101",
	"Rarity" : 3,
	"PowerParam" : "1,1,1",
	"CrazyBullet" : "0"
},
{
	"ID" : 16,
	"Name" : "钻头炮",
	"TurretID" : 17,
	"SelfBulletID" : "19",
	"OtherBulletID" : "20",
	"Rarity" : 3,
	"PowerParam" : "1,1,1",
	"CrazyBullet" : "0"
}
]