[
{
	"ID" : 0, 
	"NameLocalizationID" : "", 
	"DescriptionLocalizationID" : "", 
	"Icon" : "", 
	"MaxLevel" : 0, 
	"InstitutionParam" : "", 
	"IsLock" : 0
},
{
	"ID" : 1,
	"NameLocalizationID" : "Institute_Name1",
	"DescriptionLocalizationID" : "Institute_Effect1",
	"Icon" : "UI_Institute_gf1",
	"MaxLevel" : 65
},
{
	"ID" : 2,
	"NameLocalizationID" : "Institute_Name2",
	"DescriptionLocalizationID" : "Institute_Effect2",
	"Icon" : "UI_Institute_gf2",
	"MaxLevel" : 30
},
{
	"ID" : 3,
	"NameLocalizationID" : "Institute_Name3",
	"DescriptionLocalizationID" : "Institute_Effect3",
	"Icon" : "UI_Institute_gf3",
	"MaxLevel" : 2
},
{
	"ID" : 4,
	"NameLocalizationID" : "Institute_Name4",
	"DescriptionLocalizationID" : "Institute_Effect4,Institute_Effect5",
	"Icon" : "UI_Institute_gf4",
	"MaxLevel" : 30,
	"InstitutionParam" : "11601007,100000000,11901004"
},
{
	"ID" : 5,
	"NameLocalizationID" : "Institute_Name5",
	"DescriptionLocalizationID" : "Institute_Effect6",
	"Icon" : "UI_Institute_gf5",
	"MaxLevel" : 25,
	"IsLock" : 1
}
]