[
{
	"ID" : 0, 
	"InstituteID" : 0, 
	"Level" : 0, 
	"LevelEffect" : 0, 
	"LevelEffect2" : 0, 
	"LevelEffect3" : 0, 
	"UpgradeTime" : 0, 
	"UpgradeNeeds" : ""
},
{
	"ID" : 1,
	"InstituteID" : 1,
	"Level" : 0,
	"LevelEffect" : 0,
	"UpgradeTime" : 0,
	"UpgradeNeeds" : "11601004,2"
},
{
	"ID" : 2,
	"InstituteID" : 1,
	"Level" : 1,
	"LevelEffect" : 200000,
	"UpgradeTime" : 0,
	"UpgradeNeeds" : "11601004,4"
},
{
	"ID" : 3,
	"InstituteID" : 1,
	"Level" : 2,
	"LevelEffect" : 400000,
	"UpgradeTime" : 0,
	"UpgradeNeeds" : "11601004,6"
},
{
	"ID" : 4,
	"InstituteID" : 1,
	"Level" : 3,
	"LevelEffect" : 600000,
	"UpgradeTime" : 0,
	"UpgradeNeeds" : "11601004,8"
},
{
	"ID" : 5,
	"InstituteID" : 1,
	"Level" : 4,
	"LevelEffect" : 800000,
	"UpgradeTime" : 0,
	"UpgradeNeeds" : "11601004,10"
},
{
	"ID" : 6,
	"InstituteID" : 1,
	"Level" : 5,
	"LevelEffect" : 1000000,
	"UpgradeTime" : 0,
	"UpgradeNeeds" : "11601004,15"
},
{
	"ID" : 7,
	"InstituteID" : 1,
	"Level" : 6,
	"LevelEffect" : 1200000,
	"UpgradeTime" : 0,
	"UpgradeNeeds" : "11601004,20"
},
{
	"ID" : 8,
	"InstituteID" : 1,
	"Level" : 7,
	"LevelEffect" : 1400000,
	"UpgradeTime" : 0,
	"UpgradeNeeds" : "11601004,25"
},
{
	"ID" : 9,
	"InstituteID" : 1,
	"Level" : 8,
	"LevelEffect" : 1600000,
	"UpgradeTime" : 0,
	"UpgradeNeeds" : "11601004,30"
},
{
	"ID" : 10,
	"InstituteID" : 1,
	"Level" : 9,
	"LevelEffect" : 1800000,
	"UpgradeTime" : 0,
	"UpgradeNeeds" : "11601004,35"
},
{
	"ID" : 11,
	"InstituteID" : 1,
	"Level" : 10,
	"LevelEffect" : 2000000,
	"UpgradeTime" : 0,
	"UpgradeNeeds" : "11601004,45"
},
{
	"ID" : 12,
	"InstituteID" : 1,
	"Level" : 11,
	"LevelEffect" : 2200000,
	"UpgradeTime" : 0,
	"UpgradeNeeds" : "11601004,55"
},
{
	"ID" : 13,
	"InstituteID" : 1,
	"Level" : 12,
	"LevelEffect" : 2400000,
	"UpgradeTime" : 0,
	"UpgradeNeeds" : "11601004,65"
},
{
	"ID" : 14,
	"InstituteID" : 1,
	"Level" : 13,
	"LevelEffect" : 2600000,
	"UpgradeTime" : 0,
	"UpgradeNeeds" : "11601004,75"
},
{
	"ID" : 15,
	"InstituteID" : 1,
	"Level" : 14,
	"LevelEffect" : 2800000,
	"UpgradeTime" : 0,
	"UpgradeNeeds" : "11601004,85"
},
{
	"ID" : 16,
	"InstituteID" : 1,
	"Level" : 15,
	"LevelEffect" : 3000000,
	"UpgradeTime" : 0,
	"UpgradeNeeds" : "11601004,105"
},
{
	"ID" : 17,
	"InstituteID" : 1,
	"Level" : 16,
	"LevelEffect" : 3200000,
	"UpgradeTime" : 0,
	"UpgradeNeeds" : "11601004,125"
},
{
	"ID" : 18,
	"InstituteID" : 1,
	"Level" : 17,
	"LevelEffect" : 3400000,
	"UpgradeTime" : 0,
	"UpgradeNeeds" : "11601004,145"
},
{
	"ID" : 19,
	"InstituteID" : 1,
	"Level" : 18,
	"LevelEffect" : 3600000,
	"UpgradeTime" : 0,
	"UpgradeNeeds" : "11601004,165"
},
{
	"ID" : 20,
	"InstituteID" : 1,
	"Level" : 19,
	"LevelEffect" : 3800000,
	"UpgradeTime" : 0,
	"UpgradeNeeds" : "11601004,185"
},
{
	"ID" : 21,
	"InstituteID" : 1,
	"Level" : 20,
	"LevelEffect" : 4000000,
	"UpgradeTime" : 0,
	"UpgradeNeeds" : "11601004,235"
},
{
	"ID" : 22,
	"InstituteID" : 1,
	"Level" : 21,
	"LevelEffect" : 4200000,
	"UpgradeTime" : 0,
	"UpgradeNeeds" : "11601004,285"
},
{
	"ID" : 23,
	"InstituteID" : 1,
	"Level" : 22,
	"LevelEffect" : 4400000,
	"UpgradeTime" : 0,
	"UpgradeNeeds" : "11601004,335"
},
{
	"ID" : 24,
	"InstituteID" : 1,
	"Level" : 23,
	"LevelEffect" : 4600000,
	"UpgradeTime" : 0,
	"UpgradeNeeds" : "11601004,385"
},
{
	"ID" : 25,
	"InstituteID" : 1,
	"Level" : 24,
	"LevelEffect" : 4800000,
	"UpgradeTime" : 0,
	"UpgradeNeeds" : "11601004,435"
},
{
	"ID" : 26,
	"InstituteID" : 1,
	"Level" : 25,
	"LevelEffect" : 5000000,
	"UpgradeTime" : 0,
	"UpgradeNeeds" : "11601004,535"
},
{
	"ID" : 27,
	"InstituteID" : 1,
	"Level" : 26,
	"LevelEffect" : 5500000,
	"UpgradeTime" : 0,
	"UpgradeNeeds" : "11601004,635"
},
{
	"ID" : 28,
	"InstituteID" : 1,
	"Level" : 27,
	"LevelEffect" : 6000000,
	"UpgradeTime" : 0,
	"UpgradeNeeds" : "11601004,735"
},
{
	"ID" : 29,
	"InstituteID" : 1,
	"Level" : 28,
	"LevelEffect" : 6500000,
	"UpgradeTime" : 0,
	"UpgradeNeeds" : "11601004,835"
},
{
	"ID" : 30,
	"InstituteID" : 1,
	"Level" : 29,
	"LevelEffect" : 7000000,
	"UpgradeTime" : 0,
	"UpgradeNeeds" : "11601004,935"
},
{
	"ID" : 31,
	"InstituteID" : 1,
	"Level" : 30,
	"LevelEffect" : 7500000,
	"UpgradeTime" : 0,
	"UpgradeNeeds" : "11601004,1035"
},
{
	"ID" : 32,
	"InstituteID" : 1,
	"Level" : 31,
	"LevelEffect" : 8000000,
	"UpgradeTime" : 0,
	"UpgradeNeeds" : "11601004,1135"
},
{
	"ID" : 33,
	"InstituteID" : 1,
	"Level" : 32,
	"LevelEffect" : 8500000,
	"UpgradeTime" : 0,
	"UpgradeNeeds" : "11601004,1235"
},
{
	"ID" : 34,
	"InstituteID" : 1,
	"Level" : 33,
	"LevelEffect" : 9000000,
	"UpgradeTime" : 0,
	"UpgradeNeeds" : "11601004,1335"
},
{
	"ID" : 35,
	"InstituteID" : 1,
	"Level" : 34,
	"LevelEffect" : 9500000,
	"UpgradeTime" : 0,
	"UpgradeNeeds" : "11601004,1435"
},
{
	"ID" : 36,
	"InstituteID" : 1,
	"Level" : 35,
	"LevelEffect" : 10000000,
	"UpgradeTime" : 0,
	"UpgradeNeeds" : "11601004,1635"
},
{
	"ID" : 37,
	"InstituteID" : 1,
	"Level" : 36,
	"LevelEffect" : 10500000,
	"UpgradeTime" : 0,
	"UpgradeNeeds" : "11601004,1835"
},
{
	"ID" : 38,
	"InstituteID" : 1,
	"Level" : 37,
	"LevelEffect" : 11000000,
	"UpgradeTime" : 0,
	"UpgradeNeeds" : "11601004,2035"
},
{
	"ID" : 39,
	"InstituteID" : 1,
	"Level" : 38,
	"LevelEffect" : 11500000,
	"UpgradeTime" : 0,
	"UpgradeNeeds" : "11601004,2235"
},
{
	"ID" : 40,
	"InstituteID" : 1,
	"Level" : 39,
	"LevelEffect" : 12000000,
	"UpgradeTime" : 0,
	"UpgradeNeeds" : "11601004,2435"
},
{
	"ID" : 41,
	"InstituteID" : 1,
	"Level" : 40,
	"LevelEffect" : 12500000,
	"UpgradeTime" : 0,
	"UpgradeNeeds" : "11601004,2635"
},
{
	"ID" : 42,
	"InstituteID" : 1,
	"Level" : 41,
	"LevelEffect" : 13000000,
	"UpgradeTime" : 0,
	"UpgradeNeeds" : "11601004,2835"
},
{
	"ID" : 43,
	"InstituteID" : 1,
	"Level" : 42,
	"LevelEffect" : 13500000,
	"UpgradeTime" : 0,
	"UpgradeNeeds" : "11601004,3035"
},
{
	"ID" : 44,
	"InstituteID" : 1,
	"Level" : 43,
	"LevelEffect" : 14000000,
	"UpgradeTime" : 0,
	"UpgradeNeeds" : "11601004,3235"
},
{
	"ID" : 45,
	"InstituteID" : 1,
	"Level" : 44,
	"LevelEffect" : 14500000,
	"UpgradeTime" : 0,
	"UpgradeNeeds" : "11601004,3435"
},
{
	"ID" : 46,
	"InstituteID" : 1,
	"Level" : 45,
	"LevelEffect" : 15000000,
	"UpgradeTime" : 0,
	"UpgradeNeeds" : "11601004,3635"
},
{
	"ID" : 47,
	"InstituteID" : 1,
	"Level" : 46,
	"LevelEffect" : 15500000,
	"UpgradeTime" : 0,
	"UpgradeNeeds" : "11601004,3835"
},
{
	"ID" : 48,
	"InstituteID" : 1,
	"Level" : 47,
	"LevelEffect" : 16000000,
	"UpgradeTime" : 0,
	"UpgradeNeeds" : "11601004,4035"
},
{
	"ID" : 49,
	"InstituteID" : 1,
	"Level" : 48,
	"LevelEffect" : 16500000,
	"UpgradeTime" : 0,
	"UpgradeNeeds" : "11601004,4235"
},
{
	"ID" : 50,
	"InstituteID" : 1,
	"Level" : 49,
	"LevelEffect" : 17000000,
	"UpgradeTime" : 0,
	"UpgradeNeeds" : "11601004,4435"
},
{
	"ID" : 51,
	"InstituteID" : 1,
	"Level" : 50,
	"LevelEffect" : 17500000,
	"UpgradeTime" : 0,
	"UpgradeNeeds" : "11601004,4635"
},
{
	"ID" : 52,
	"InstituteID" : 1,
	"Level" : 51,
	"LevelEffect" : 18000000,
	"UpgradeTime" : 0,
	"UpgradeNeeds" : "11601004,4835"
},
{
	"ID" : 53,
	"InstituteID" : 1,
	"Level" : 52,
	"LevelEffect" : 18500000,
	"UpgradeTime" : 0,
	"UpgradeNeeds" : "11601004,5035"
},
{
	"ID" : 54,
	"InstituteID" : 1,
	"Level" : 53,
	"LevelEffect" : 19000000,
	"UpgradeTime" : 0,
	"UpgradeNeeds" : "11601004,5235"
},
{
	"ID" : 55,
	"InstituteID" : 1,
	"Level" : 54,
	"LevelEffect" : 19500000,
	"UpgradeTime" : 0,
	"UpgradeNeeds" : "11601004,5435"
},
{
	"ID" : 56,
	"InstituteID" : 1,
	"Level" : 55,
	"LevelEffect" : 20000000,
	"UpgradeTime" : 0,
	"UpgradeNeeds" : "11601004,5635"
},
{
	"ID" : 57,
	"InstituteID" : 1,
	"Level" : 56,
	"LevelEffect" : 20500000,
	"UpgradeTime" : 0,
	"UpgradeNeeds" : "11601004,5835"
},
{
	"ID" : 58,
	"InstituteID" : 1,
	"Level" : 57,
	"LevelEffect" : 21000000,
	"UpgradeTime" : 0,
	"UpgradeNeeds" : "11601004,6035"
},
{
	"ID" : 59,
	"InstituteID" : 1,
	"Level" : 58,
	"LevelEffect" : 21500000,
	"UpgradeTime" : 0,
	"UpgradeNeeds" : "11601004,6235"
},
{
	"ID" : 60,
	"InstituteID" : 1,
	"Level" : 59,
	"LevelEffect" : 22000000,
	"UpgradeTime" : 0,
	"UpgradeNeeds" : "11601004,6435"
},
{
	"ID" : 61,
	"InstituteID" : 1,
	"Level" : 60,
	"LevelEffect" : 22500000,
	"UpgradeTime" : 0,
	"UpgradeNeeds" : "11601004,6635"
},
{
	"ID" : 62,
	"InstituteID" : 1,
	"Level" : 61,
	"LevelEffect" : 23000000,
	"UpgradeTime" : 0,
	"UpgradeNeeds" : "11601004,6835"
},
{
	"ID" : 63,
	"InstituteID" : 1,
	"Level" : 62,
	"LevelEffect" : 23500000,
	"UpgradeTime" : 0,
	"UpgradeNeeds" : "11601004,7035"
},
{
	"ID" : 64,
	"InstituteID" : 1,
	"Level" : 63,
	"LevelEffect" : 24000000,
	"UpgradeTime" : 0,
	"UpgradeNeeds" : "11601004,7235"
},
{
	"ID" : 65,
	"InstituteID" : 1,
	"Level" : 64,
	"LevelEffect" : 24500000,
	"UpgradeTime" : 0,
	"UpgradeNeeds" : "11601004,7435"
},
{
	"ID" : 66,
	"InstituteID" : 1,
	"Level" : 65,
	"LevelEffect" : 25000000,
	"UpgradeTime" : 0,
	"UpgradeNeeds" : "11601005,200"
},
{
	"ID" : 67,
	"InstituteID" : 1,
	"Level" : 66,
	"LevelEffect" : 26000000,
	"UpgradeTime" : 0,
	"UpgradeNeeds" : "11601005,220"
},
{
	"ID" : 68,
	"InstituteID" : 1,
	"Level" : 67,
	"LevelEffect" : 27000000,
	"UpgradeTime" : 0,
	"UpgradeNeeds" : "11601005,240"
},
{
	"ID" : 69,
	"InstituteID" : 1,
	"Level" : 68,
	"LevelEffect" : 28000000,
	"UpgradeTime" : 0,
	"UpgradeNeeds" : "11601005,260"
},
{
	"ID" : 70,
	"InstituteID" : 1,
	"Level" : 69,
	"LevelEffect" : 29000000,
	"UpgradeTime" : 0,
	"UpgradeNeeds" : "11601005,280"
},
{
	"ID" : 71,
	"InstituteID" : 1,
	"Level" : 70,
	"LevelEffect" : 30000000,
	"UpgradeTime" : 0,
	"UpgradeNeeds" : "11601005,300"
},
{
	"ID" : 72,
	"InstituteID" : 1,
	"Level" : 71,
	"LevelEffect" : 31000000,
	"UpgradeTime" : 0,
	"UpgradeNeeds" : "11601005,320"
},
{
	"ID" : 73,
	"InstituteID" : 1,
	"Level" : 72,
	"LevelEffect" : 32000000,
	"UpgradeTime" : 0,
	"UpgradeNeeds" : "11601005,340"
},
{
	"ID" : 74,
	"InstituteID" : 1,
	"Level" : 73,
	"LevelEffect" : 33000000,
	"UpgradeTime" : 0,
	"UpgradeNeeds" : "11601005,360"
},
{
	"ID" : 75,
	"InstituteID" : 1,
	"Level" : 74,
	"LevelEffect" : 34000000,
	"UpgradeTime" : 0,
	"UpgradeNeeds" : "11601005,380"
},
{
	"ID" : 76,
	"InstituteID" : 1,
	"Level" : 75,
	"LevelEffect" : 35000000,
	"UpgradeTime" : 0,
	"UpgradeNeeds" : "11601005,480"
},
{
	"ID" : 77,
	"InstituteID" : 1,
	"Level" : 76,
	"LevelEffect" : 36000000,
	"UpgradeTime" : 0,
	"UpgradeNeeds" : "11601005,580"
},
{
	"ID" : 78,
	"InstituteID" : 1,
	"Level" : 77,
	"LevelEffect" : 37000000,
	"UpgradeTime" : 0,
	"UpgradeNeeds" : "11601005,680"
},
{
	"ID" : 79,
	"InstituteID" : 1,
	"Level" : 78,
	"LevelEffect" : 38000000,
	"UpgradeTime" : 0,
	"UpgradeNeeds" : "11601005,880"
},
{
	"ID" : 80,
	"InstituteID" : 1,
	"Level" : 79,
	"LevelEffect" : 39000000,
	"UpgradeTime" : 0,
	"UpgradeNeeds" : "11601005,1030"
},
{
	"ID" : 81,
	"InstituteID" : 1,
	"Level" : 80,
	"LevelEffect" : 40000000,
	"UpgradeTime" : 0,
	"UpgradeNeeds" : "11601005,1230"
},
{
	"ID" : 82,
	"InstituteID" : 1,
	"Level" : 81,
	"LevelEffect" : 41000000,
	"UpgradeTime" : 0,
	"UpgradeNeeds" : "11601005,1430"
},
{
	"ID" : 83,
	"InstituteID" : 1,
	"Level" : 82,
	"LevelEffect" : 42000000,
	"UpgradeTime" : 0,
	"UpgradeNeeds" : "11601005,1630"
},
{
	"ID" : 84,
	"InstituteID" : 1,
	"Level" : 83,
	"LevelEffect" : 43000000,
	"UpgradeTime" : 0,
	"UpgradeNeeds" : "11601005,1830"
},
{
	"ID" : 85,
	"InstituteID" : 1,
	"Level" : 84,
	"LevelEffect" : 44000000,
	"UpgradeTime" : 0,
	"UpgradeNeeds" : "11601005,2030"
},
{
	"ID" : 86,
	"InstituteID" : 1,
	"Level" : 85,
	"LevelEffect" : 45000000
},
{
	"ID" : 87,
	"InstituteID" : 2,
	"Level" : 0,
	"LevelEffect" : 0,
	"UpgradeTime" : 120,
	"UpgradeNeeds" : "11601004,2"
},
{
	"ID" : 88,
	"InstituteID" : 2,
	"Level" : 1,
	"LevelEffect" : 5,
	"UpgradeTime" : 420,
	"UpgradeNeeds" : "11601004,4"
},
{
	"ID" : 89,
	"InstituteID" : 2,
	"Level" : 2,
	"LevelEffect" : 10,
	"UpgradeTime" : 720,
	"UpgradeNeeds" : "11601004,6"
},
{
	"ID" : 90,
	"InstituteID" : 2,
	"Level" : 3,
	"LevelEffect" : 15,
	"UpgradeTime" : 1020,
	"UpgradeNeeds" : "11601004,8"
},
{
	"ID" : 91,
	"InstituteID" : 2,
	"Level" : 4,
	"LevelEffect" : 20,
	"UpgradeTime" : 1320,
	"UpgradeNeeds" : "11601004,10"
},
{
	"ID" : 92,
	"InstituteID" : 2,
	"Level" : 5,
	"LevelEffect" : 25,
	"UpgradeTime" : 1920,
	"UpgradeNeeds" : "11601004,20"
},
{
	"ID" : 93,
	"InstituteID" : 2,
	"Level" : 6,
	"LevelEffect" : 30,
	"UpgradeTime" : 2520,
	"UpgradeNeeds" : "11601004,30"
},
{
	"ID" : 94,
	"InstituteID" : 2,
	"Level" : 7,
	"LevelEffect" : 35,
	"UpgradeTime" : 3120,
	"UpgradeNeeds" : "11601004,40"
},
{
	"ID" : 95,
	"InstituteID" : 2,
	"Level" : 8,
	"LevelEffect" : 40,
	"UpgradeTime" : 3720,
	"UpgradeNeeds" : "11601004,50"
},
{
	"ID" : 96,
	"InstituteID" : 2,
	"Level" : 9,
	"LevelEffect" : 45,
	"UpgradeTime" : 4320,
	"UpgradeNeeds" : "11601004,60"
},
{
	"ID" : 97,
	"InstituteID" : 2,
	"Level" : 10,
	"LevelEffect" : 50,
	"UpgradeTime" : 5820,
	"UpgradeNeeds" : "11601004,80"
},
{
	"ID" : 98,
	"InstituteID" : 2,
	"Level" : 11,
	"LevelEffect" : 55,
	"UpgradeTime" : 7320,
	"UpgradeNeeds" : "11601004,100"
},
{
	"ID" : 99,
	"InstituteID" : 2,
	"Level" : 12,
	"LevelEffect" : 60,
	"UpgradeTime" : 8820,
	"UpgradeNeeds" : "11601004,120"
},
{
	"ID" : 100,
	"InstituteID" : 2,
	"Level" : 13,
	"LevelEffect" : 65,
	"UpgradeTime" : 10320,
	"UpgradeNeeds" : "11601004,140"
},
{
	"ID" : 101,
	"InstituteID" : 2,
	"Level" : 14,
	"LevelEffect" : 70,
	"UpgradeTime" : 11820,
	"UpgradeNeeds" : "11601004,160"
},
{
	"ID" : 102,
	"InstituteID" : 2,
	"Level" : 15,
	"LevelEffect" : 75,
	"UpgradeTime" : 14820,
	"UpgradeNeeds" : "11601004,210"
},
{
	"ID" : 103,
	"InstituteID" : 2,
	"Level" : 16,
	"LevelEffect" : 80,
	"UpgradeTime" : 17820,
	"UpgradeNeeds" : "11601004,260"
},
{
	"ID" : 104,
	"InstituteID" : 2,
	"Level" : 17,
	"LevelEffect" : 85,
	"UpgradeTime" : 20820,
	"UpgradeNeeds" : "11601004,310"
},
{
	"ID" : 105,
	"InstituteID" : 2,
	"Level" : 18,
	"LevelEffect" : 90,
	"UpgradeTime" : 23820,
	"UpgradeNeeds" : "11601004,360"
},
{
	"ID" : 106,
	"InstituteID" : 2,
	"Level" : 19,
	"LevelEffect" : 95,
	"UpgradeTime" : 26820,
	"UpgradeNeeds" : "11601004,410"
},
{
	"ID" : 107,
	"InstituteID" : 2,
	"Level" : 20,
	"LevelEffect" : 100,
	"UpgradeTime" : 32820,
	"UpgradeNeeds" : "11601004,510"
},
{
	"ID" : 108,
	"InstituteID" : 2,
	"Level" : 21,
	"LevelEffect" : 105,
	"UpgradeTime" : 38820,
	"UpgradeNeeds" : "11601004,610"
},
{
	"ID" : 109,
	"InstituteID" : 2,
	"Level" : 22,
	"LevelEffect" : 110,
	"UpgradeTime" : 44820,
	"UpgradeNeeds" : "11601004,710"
},
{
	"ID" : 110,
	"InstituteID" : 2,
	"Level" : 23,
	"LevelEffect" : 115,
	"UpgradeTime" : 50820,
	"UpgradeNeeds" : "11601004,810"
},
{
	"ID" : 111,
	"InstituteID" : 2,
	"Level" : 24,
	"LevelEffect" : 120,
	"UpgradeTime" : 56820,
	"UpgradeNeeds" : "11601004,910"
},
{
	"ID" : 112,
	"InstituteID" : 2,
	"Level" : 25,
	"LevelEffect" : 125,
	"UpgradeTime" : 71820,
	"UpgradeNeeds" : "11601004,1110"
},
{
	"ID" : 113,
	"InstituteID" : 2,
	"Level" : 26,
	"LevelEffect" : 130,
	"UpgradeTime" : 86820,
	"UpgradeNeeds" : "11601004,1310"
},
{
	"ID" : 114,
	"InstituteID" : 2,
	"Level" : 27,
	"LevelEffect" : 135,
	"UpgradeTime" : 101820,
	"UpgradeNeeds" : "11601004,1510"
},
{
	"ID" : 115,
	"InstituteID" : 2,
	"Level" : 28,
	"LevelEffect" : 140,
	"UpgradeTime" : 116820,
	"UpgradeNeeds" : "11601004,1710"
},
{
	"ID" : 116,
	"InstituteID" : 2,
	"Level" : 29,
	"LevelEffect" : 145,
	"UpgradeTime" : 131820,
	"UpgradeNeeds" : "11601004,1910"
},
{
	"ID" : 117,
	"InstituteID" : 2,
	"Level" : 30,
	"LevelEffect" : 150,
	"UpgradeTime" : 87420,
	"UpgradeNeeds" : "11601004,2110"
},
{
	"ID" : 118,
	"InstituteID" : 2,
	"Level" : 31,
	"LevelEffect" : 155,
	"UpgradeTime" : 88020,
	"UpgradeNeeds" : "11601004,2310"
},
{
	"ID" : 119,
	"InstituteID" : 2,
	"Level" : 32,
	"LevelEffect" : 160,
	"UpgradeTime" : 88620,
	"UpgradeNeeds" : "11601004,2510"
},
{
	"ID" : 120,
	"InstituteID" : 2,
	"Level" : 33,
	"LevelEffect" : 165,
	"UpgradeTime" : 89220,
	"UpgradeNeeds" : "11601004,2710"
},
{
	"ID" : 121,
	"InstituteID" : 2,
	"Level" : 34,
	"LevelEffect" : 170,
	"UpgradeTime" : 89820,
	"UpgradeNeeds" : "11601004,2910"
},
{
	"ID" : 122,
	"InstituteID" : 2,
	"Level" : 35,
	"LevelEffect" : 175,
	"UpgradeTime" : 90420,
	"UpgradeNeeds" : "11601004,3410"
},
{
	"ID" : 123,
	"InstituteID" : 2,
	"Level" : 36,
	"LevelEffect" : 180,
	"UpgradeTime" : 91020,
	"UpgradeNeeds" : "11601004,3910"
},
{
	"ID" : 124,
	"InstituteID" : 2,
	"Level" : 37,
	"LevelEffect" : 185,
	"UpgradeTime" : 91620,
	"UpgradeNeeds" : "11601004,4410"
},
{
	"ID" : 125,
	"InstituteID" : 2,
	"Level" : 38,
	"LevelEffect" : 190,
	"UpgradeTime" : 92220,
	"UpgradeNeeds" : "11601004,4910"
},
{
	"ID" : 126,
	"InstituteID" : 2,
	"Level" : 39,
	"LevelEffect" : 195,
	"UpgradeTime" : 92820,
	"UpgradeNeeds" : "11601004,5410"
},
{
	"ID" : 127,
	"InstituteID" : 2,
	"Level" : 40,
	"LevelEffect" : 200,
	"UpgradeTime" : 93420,
	"UpgradeNeeds" : "11601004,5910"
},
{
	"ID" : 128,
	"InstituteID" : 2,
	"Level" : 41,
	"LevelEffect" : 205,
	"UpgradeTime" : 94020,
	"UpgradeNeeds" : "11601004,6410"
},
{
	"ID" : 129,
	"InstituteID" : 2,
	"Level" : 42,
	"LevelEffect" : 210,
	"UpgradeTime" : 94620,
	"UpgradeNeeds" : "11601004,6910"
},
{
	"ID" : 130,
	"InstituteID" : 2,
	"Level" : 43,
	"LevelEffect" : 215,
	"UpgradeTime" : 95220,
	"UpgradeNeeds" : "11601004,7410"
},
{
	"ID" : 131,
	"InstituteID" : 2,
	"Level" : 44,
	"LevelEffect" : 220,
	"UpgradeTime" : 95820,
	"UpgradeNeeds" : "11601004,7910"
},
{
	"ID" : 132,
	"InstituteID" : 2,
	"Level" : 45,
	"LevelEffect" : 225,
	"UpgradeTime" : 96420,
	"UpgradeNeeds" : "11601004,8910"
},
{
	"ID" : 133,
	"InstituteID" : 2,
	"Level" : 46,
	"LevelEffect" : 230,
	"UpgradeTime" : 97020,
	"UpgradeNeeds" : "11601004,9910"
},
{
	"ID" : 134,
	"InstituteID" : 2,
	"Level" : 47,
	"LevelEffect" : 235,
	"UpgradeTime" : 97620,
	"UpgradeNeeds" : "11601004,10910"
},
{
	"ID" : 135,
	"InstituteID" : 2,
	"Level" : 48,
	"LevelEffect" : 240,
	"UpgradeTime" : 98220,
	"UpgradeNeeds" : "11601004,11910"
},
{
	"ID" : 136,
	"InstituteID" : 2,
	"Level" : 49,
	"LevelEffect" : 245,
	"UpgradeTime" : 98820,
	"UpgradeNeeds" : "11601004,12910"
},
{
	"ID" : 137,
	"InstituteID" : 2,
	"Level" : 50,
	"LevelEffect" : 250
},
{
	"ID" : 138,
	"InstituteID" : 3,
	"Level" : 0,
	"LevelEffect" : 0,
	"UpgradeTime" : 86400,
	"UpgradeNeeds" : "11601006,50"
},
{
	"ID" : 139,
	"InstituteID" : 3,
	"Level" : 1,
	"LevelEffect" : 1,
	"UpgradeTime" : 518400,
	"UpgradeNeeds" : "11601006,100"
},
{
	"ID" : 140,
	"InstituteID" : 3,
	"Level" : 2,
	"LevelEffect" : 2,
	"UpgradeTime" : 950400,
	"UpgradeNeeds" : "11601006,200"
},
{
	"ID" : 141,
	"InstituteID" : 3,
	"Level" : 3,
	"LevelEffect" : 3,
	"UpgradeTime" : 1382400,
	"UpgradeNeeds" : "11601006,500"
},
{
	"ID" : 142,
	"InstituteID" : 3,
	"Level" : 4,
	"LevelEffect" : 4,
	"UpgradeTime" : 1814400,
	"UpgradeNeeds" : "11601006,800"
},
{
	"ID" : 143,
	"InstituteID" : 3,
	"Level" : 5,
	"LevelEffect" : 5,
	"UpgradeTime" : 3542400,
	"UpgradeNeeds" : "11601006,1500"
},
{
	"ID" : 144,
	"InstituteID" : 3,
	"Level" : 6,
	"LevelEffect" : 6
},
{
	"ID" : 145,
	"InstituteID" : 4,
	"Level" : 0,
	"LevelEffect" : 0,
	"LevelEffect2" : 120,
	"UpgradeNeeds" : "11601005,2"
},
{
	"ID" : 146,
	"InstituteID" : 4,
	"Level" : 1,
	"LevelEffect" : 20,
	"LevelEffect2" : 120,
	"UpgradeTime" : 240,
	"UpgradeNeeds" : "11601005,4"
},
{
	"ID" : 147,
	"InstituteID" : 4,
	"Level" : 2,
	"LevelEffect" : 40,
	"LevelEffect2" : 120,
	"UpgradeTime" : 480,
	"UpgradeNeeds" : "11601005,6"
},
{
	"ID" : 148,
	"InstituteID" : 4,
	"Level" : 3,
	"LevelEffect" : 60,
	"LevelEffect2" : 120,
	"UpgradeTime" : 720,
	"UpgradeNeeds" : "11601005,8"
},
{
	"ID" : 149,
	"InstituteID" : 4,
	"Level" : 4,
	"LevelEffect" : 80,
	"LevelEffect2" : 120,
	"UpgradeTime" : 960,
	"UpgradeNeeds" : "11601005,10"
},
{
	"ID" : 150,
	"InstituteID" : 4,
	"Level" : 5,
	"LevelEffect" : 100,
	"LevelEffect2" : 120,
	"UpgradeTime" : 1200,
	"UpgradeNeeds" : "11601005,15"
},
{
	"ID" : 151,
	"InstituteID" : 4,
	"Level" : 6,
	"LevelEffect" : 120,
	"LevelEffect2" : 120,
	"UpgradeTime" : 1440,
	"UpgradeNeeds" : "11601005,20"
},
{
	"ID" : 152,
	"InstituteID" : 4,
	"Level" : 7,
	"LevelEffect" : 140,
	"LevelEffect2" : 120,
	"UpgradeTime" : 1680,
	"UpgradeNeeds" : "11601005,25"
},
{
	"ID" : 153,
	"InstituteID" : 4,
	"Level" : 8,
	"LevelEffect" : 160,
	"LevelEffect2" : 120,
	"UpgradeTime" : 1920,
	"UpgradeNeeds" : "11601005,30"
},
{
	"ID" : 154,
	"InstituteID" : 4,
	"Level" : 9,
	"LevelEffect" : 180,
	"LevelEffect2" : 120,
	"UpgradeTime" : 2160,
	"UpgradeNeeds" : "11601005,35"
},
{
	"ID" : 155,
	"InstituteID" : 4,
	"Level" : 10,
	"LevelEffect" : 200,
	"LevelEffect2" : 110,
	"UpgradeTime" : 2760,
	"UpgradeNeeds" : "11601005,40"
},
{
	"ID" : 156,
	"InstituteID" : 4,
	"Level" : 11,
	"LevelEffect" : 240,
	"LevelEffect2" : 110,
	"UpgradeTime" : 3360,
	"UpgradeNeeds" : "11601005,45"
},
{
	"ID" : 157,
	"InstituteID" : 4,
	"Level" : 12,
	"LevelEffect" : 280,
	"LevelEffect2" : 110,
	"UpgradeTime" : 3960,
	"UpgradeNeeds" : "11601005,50"
},
{
	"ID" : 158,
	"InstituteID" : 4,
	"Level" : 13,
	"LevelEffect" : 320,
	"LevelEffect2" : 110,
	"UpgradeTime" : 4560,
	"UpgradeNeeds" : "11601005,55"
},
{
	"ID" : 159,
	"InstituteID" : 4,
	"Level" : 14,
	"LevelEffect" : 360,
	"LevelEffect2" : 110,
	"UpgradeTime" : 5160,
	"UpgradeNeeds" : "11601005,60"
},
{
	"ID" : 160,
	"InstituteID" : 4,
	"Level" : 15,
	"LevelEffect" : 400,
	"LevelEffect2" : 110,
	"UpgradeTime" : 5760,
	"UpgradeNeeds" : "11601005,70"
},
{
	"ID" : 161,
	"InstituteID" : 4,
	"Level" : 16,
	"LevelEffect" : 440,
	"LevelEffect2" : 110,
	"UpgradeTime" : 6360,
	"UpgradeNeeds" : "11601005,80"
},
{
	"ID" : 162,
	"InstituteID" : 4,
	"Level" : 17,
	"LevelEffect" : 480,
	"LevelEffect2" : 110,
	"UpgradeTime" : 6960,
	"UpgradeNeeds" : "11601005,90"
},
{
	"ID" : 163,
	"InstituteID" : 4,
	"Level" : 18,
	"LevelEffect" : 520,
	"LevelEffect2" : 110,
	"UpgradeTime" : 7560,
	"UpgradeNeeds" : "11601005,100"
},
{
	"ID" : 164,
	"InstituteID" : 4,
	"Level" : 19,
	"LevelEffect" : 560,
	"LevelEffect2" : 110,
	"UpgradeTime" : 8160,
	"UpgradeNeeds" : "11601005,110"
},
{
	"ID" : 165,
	"InstituteID" : 4,
	"Level" : 20,
	"LevelEffect" : 600,
	"LevelEffect2" : 100,
	"UpgradeTime" : 8760,
	"UpgradeNeeds" : "11601005,120"
},
{
	"ID" : 166,
	"InstituteID" : 4,
	"Level" : 21,
	"LevelEffect" : 650,
	"LevelEffect2" : 100,
	"UpgradeTime" : 9360,
	"UpgradeNeeds" : "11601005,130"
},
{
	"ID" : 167,
	"InstituteID" : 4,
	"Level" : 22,
	"LevelEffect" : 700,
	"LevelEffect2" : 100,
	"UpgradeTime" : 9960,
	"UpgradeNeeds" : "11601005,140"
},
{
	"ID" : 168,
	"InstituteID" : 4,
	"Level" : 23,
	"LevelEffect" : 750,
	"LevelEffect2" : 100,
	"UpgradeTime" : 10560,
	"UpgradeNeeds" : "11601005,150"
},
{
	"ID" : 169,
	"InstituteID" : 4,
	"Level" : 24,
	"LevelEffect" : 800,
	"LevelEffect2" : 100,
	"UpgradeTime" : 11160,
	"UpgradeNeeds" : "11601005,160"
},
{
	"ID" : 170,
	"InstituteID" : 4,
	"Level" : 25,
	"LevelEffect" : 850,
	"LevelEffect2" : 100,
	"UpgradeTime" : 11760,
	"UpgradeNeeds" : "11601005,180"
},
{
	"ID" : 171,
	"InstituteID" : 4,
	"Level" : 26,
	"LevelEffect" : 900,
	"LevelEffect2" : 100,
	"UpgradeTime" : 12360,
	"UpgradeNeeds" : "11601005,200"
},
{
	"ID" : 172,
	"InstituteID" : 4,
	"Level" : 27,
	"LevelEffect" : 950,
	"LevelEffect2" : 100,
	"UpgradeTime" : 12960,
	"UpgradeNeeds" : "11601005,220"
},
{
	"ID" : 173,
	"InstituteID" : 4,
	"Level" : 28,
	"LevelEffect" : 1000,
	"LevelEffect2" : 100,
	"UpgradeTime" : 13560,
	"UpgradeNeeds" : "11601005,240"
},
{
	"ID" : 174,
	"InstituteID" : 4,
	"Level" : 29,
	"LevelEffect" : 1050,
	"LevelEffect2" : 100,
	"UpgradeTime" : 14160,
	"UpgradeNeeds" : "11601005,260"
},
{
	"ID" : 175,
	"InstituteID" : 4,
	"Level" : 30,
	"LevelEffect" : 1100,
	"LevelEffect2" : 90,
	"UpgradeTime" : 14160,
	"UpgradeNeeds" : "11601005,280"
},
{
	"ID" : 176,
	"InstituteID" : 4,
	"Level" : 31,
	"LevelEffect" : 1180,
	"LevelEffect2" : 90,
	"UpgradeTime" : 14160,
	"UpgradeNeeds" : "11601005,300"
},
{
	"ID" : 177,
	"InstituteID" : 4,
	"Level" : 32,
	"LevelEffect" : 1260,
	"LevelEffect2" : 90,
	"UpgradeTime" : 14160,
	"UpgradeNeeds" : "11601005,320"
},
{
	"ID" : 178,
	"InstituteID" : 4,
	"Level" : 33,
	"LevelEffect" : 1340,
	"LevelEffect2" : 90,
	"UpgradeTime" : 14160,
	"UpgradeNeeds" : "11601005,340"
},
{
	"ID" : 179,
	"InstituteID" : 4,
	"Level" : 34,
	"LevelEffect" : 1420,
	"LevelEffect2" : 90,
	"UpgradeTime" : 14160,
	"UpgradeNeeds" : "11601005,360"
},
{
	"ID" : 180,
	"InstituteID" : 4,
	"Level" : 35,
	"LevelEffect" : 1500,
	"LevelEffect2" : 90,
	"UpgradeTime" : 14160,
	"UpgradeNeeds" : "11601005,410"
},
{
	"ID" : 181,
	"InstituteID" : 4,
	"Level" : 36,
	"LevelEffect" : 1600,
	"LevelEffect2" : 90,
	"UpgradeTime" : 14160,
	"UpgradeNeeds" : "11601005,460"
},
{
	"ID" : 182,
	"InstituteID" : 4,
	"Level" : 37,
	"LevelEffect" : 1700,
	"LevelEffect2" : 90,
	"UpgradeTime" : 14160,
	"UpgradeNeeds" : "11601005,510"
},
{
	"ID" : 183,
	"InstituteID" : 4,
	"Level" : 38,
	"LevelEffect" : 1800,
	"LevelEffect2" : 90,
	"UpgradeTime" : 14160,
	"UpgradeNeeds" : "11601005,560"
},
{
	"ID" : 184,
	"InstituteID" : 4,
	"Level" : 39,
	"LevelEffect" : 1900,
	"LevelEffect2" : 90,
	"UpgradeTime" : 14160,
	"UpgradeNeeds" : "11601005,610"
},
{
	"ID" : 185,
	"InstituteID" : 4,
	"Level" : 40,
	"LevelEffect" : 2000,
	"LevelEffect2" : 80,
	"UpgradeTime" : 14160,
	"UpgradeNeeds" : "11601005,710"
},
{
	"ID" : 186,
	"InstituteID" : 4,
	"Level" : 41,
	"LevelEffect" : 2100,
	"LevelEffect2" : 80,
	"UpgradeTime" : 14160,
	"UpgradeNeeds" : "11601005,810"
},
{
	"ID" : 187,
	"InstituteID" : 4,
	"Level" : 42,
	"LevelEffect" : 2200,
	"LevelEffect2" : 80,
	"UpgradeTime" : 14160,
	"UpgradeNeeds" : "11601005,910"
},
{
	"ID" : 188,
	"InstituteID" : 4,
	"Level" : 43,
	"LevelEffect" : 2300,
	"LevelEffect2" : 80,
	"UpgradeTime" : 14160,
	"UpgradeNeeds" : "11601005,1010"
},
{
	"ID" : 189,
	"InstituteID" : 4,
	"Level" : 44,
	"LevelEffect" : 2400,
	"LevelEffect2" : 80,
	"UpgradeTime" : 14160,
	"UpgradeNeeds" : "11601005,1110"
},
{
	"ID" : 190,
	"InstituteID" : 4,
	"Level" : 45,
	"LevelEffect" : 2500,
	"LevelEffect2" : 80,
	"UpgradeTime" : 14160,
	"UpgradeNeeds" : "11601005,1310"
},
{
	"ID" : 191,
	"InstituteID" : 4,
	"Level" : 46,
	"LevelEffect" : 2600,
	"LevelEffect2" : 80,
	"UpgradeTime" : 14160,
	"UpgradeNeeds" : "11601005,1510"
},
{
	"ID" : 192,
	"InstituteID" : 4,
	"Level" : 47,
	"LevelEffect" : 2700,
	"LevelEffect2" : 80,
	"UpgradeTime" : 14160,
	"UpgradeNeeds" : "11601005,1710"
},
{
	"ID" : 193,
	"InstituteID" : 4,
	"Level" : 48,
	"LevelEffect" : 2800,
	"LevelEffect2" : 80,
	"UpgradeTime" : 14160,
	"UpgradeNeeds" : "11601005,1910"
},
{
	"ID" : 194,
	"InstituteID" : 4,
	"Level" : 49,
	"LevelEffect" : 2900,
	"LevelEffect2" : 80,
	"UpgradeTime" : 14160,
	"UpgradeNeeds" : "11601005,2110"
},
{
	"ID" : 195,
	"InstituteID" : 4,
	"Level" : 50,
	"LevelEffect" : 3000,
	"LevelEffect2" : 60
},
{
	"ID" : 196,
	"InstituteID" : 5,
	"Level" : 0,
	"LevelEffect" : 0,
	"LevelEffect3" : 0,
	"UpgradeTime" : 0,
	"UpgradeNeeds" : "11601004,20"
},
{
	"ID" : 197,
	"InstituteID" : 5,
	"Level" : 1,
	"LevelEffect" : 1,
	"LevelEffect3" : 2,
	"UpgradeTime" : 240,
	"UpgradeNeeds" : "11601004,40"
},
{
	"ID" : 198,
	"InstituteID" : 5,
	"Level" : 2,
	"LevelEffect" : 2,
	"LevelEffect3" : 4,
	"UpgradeTime" : 480,
	"UpgradeNeeds" : "11601004,60"
},
{
	"ID" : 199,
	"InstituteID" : 5,
	"Level" : 3,
	"LevelEffect" : 3,
	"LevelEffect3" : 6,
	"UpgradeTime" : 720,
	"UpgradeNeeds" : "11601004,80"
},
{
	"ID" : 200,
	"InstituteID" : 5,
	"Level" : 4,
	"LevelEffect" : 4,
	"LevelEffect3" : 8,
	"UpgradeTime" : 960,
	"UpgradeNeeds" : "11601004,100"
},
{
	"ID" : 201,
	"InstituteID" : 5,
	"Level" : 5,
	"LevelEffect" : 5,
	"LevelEffect3" : 10,
	"UpgradeTime" : 1440,
	"UpgradeNeeds" : "11601004,120"
},
{
	"ID" : 202,
	"InstituteID" : 5,
	"Level" : 6,
	"LevelEffect" : 6,
	"LevelEffect3" : 12,
	"UpgradeTime" : 1920,
	"UpgradeNeeds" : "11601004,140"
},
{
	"ID" : 203,
	"InstituteID" : 5,
	"Level" : 7,
	"LevelEffect" : 7,
	"LevelEffect3" : 14,
	"UpgradeTime" : 2400,
	"UpgradeNeeds" : "11601004,160"
},
{
	"ID" : 204,
	"InstituteID" : 5,
	"Level" : 8,
	"LevelEffect" : 8,
	"LevelEffect3" : 16,
	"UpgradeTime" : 2880,
	"UpgradeNeeds" : "11601004,180"
},
{
	"ID" : 205,
	"InstituteID" : 5,
	"Level" : 9,
	"LevelEffect" : 9,
	"LevelEffect3" : 18,
	"UpgradeTime" : 3360,
	"UpgradeNeeds" : "11601004,200,11601005,100"
},
{
	"ID" : 206,
	"InstituteID" : 5,
	"Level" : 10,
	"LevelEffect" : 10,
	"LevelEffect3" : 20,
	"UpgradeTime" : 4080,
	"UpgradeNeeds" : "11601004,240,11601005,120"
},
{
	"ID" : 207,
	"InstituteID" : 5,
	"Level" : 11,
	"LevelEffect" : 11,
	"LevelEffect3" : 22,
	"UpgradeTime" : 4800,
	"UpgradeNeeds" : "11601004,280,11601005,140"
},
{
	"ID" : 208,
	"InstituteID" : 5,
	"Level" : 12,
	"LevelEffect" : 12,
	"LevelEffect3" : 24,
	"UpgradeTime" : 5520,
	"UpgradeNeeds" : "11601004,320,11601005,160"
},
{
	"ID" : 209,
	"InstituteID" : 5,
	"Level" : 13,
	"LevelEffect" : 13,
	"LevelEffect3" : 26,
	"UpgradeTime" : 6240,
	"UpgradeNeeds" : "11601004,360,11601005,180"
},
{
	"ID" : 210,
	"InstituteID" : 5,
	"Level" : 14,
	"LevelEffect" : 14,
	"LevelEffect3" : 28,
	"UpgradeTime" : 6960,
	"UpgradeNeeds" : "11601004,400,11601005,200"
},
{
	"ID" : 211,
	"InstituteID" : 5,
	"Level" : 15,
	"LevelEffect" : 15,
	"LevelEffect3" : 30,
	"UpgradeTime" : 7920,
	"UpgradeNeeds" : "11601004,440,11601005,220"
},
{
	"ID" : 212,
	"InstituteID" : 5,
	"Level" : 16,
	"LevelEffect" : 16,
	"LevelEffect3" : 32,
	"UpgradeTime" : 8880,
	"UpgradeNeeds" : "11601004,480,11601005,240"
},
{
	"ID" : 213,
	"InstituteID" : 5,
	"Level" : 17,
	"LevelEffect" : 17,
	"LevelEffect3" : 34,
	"UpgradeTime" : 9840,
	"UpgradeNeeds" : "11601004,520,11601005,260"
},
{
	"ID" : 214,
	"InstituteID" : 5,
	"Level" : 18,
	"LevelEffect" : 18,
	"LevelEffect3" : 36,
	"UpgradeTime" : 10800,
	"UpgradeNeeds" : "11601004,560,11601005,280"
},
{
	"ID" : 215,
	"InstituteID" : 5,
	"Level" : 19,
	"LevelEffect" : 19,
	"LevelEffect3" : 38,
	"UpgradeTime" : 11760,
	"UpgradeNeeds" : "11601004,600,11601005,300"
},
{
	"ID" : 216,
	"InstituteID" : 5,
	"Level" : 20,
	"LevelEffect" : 20,
	"LevelEffect3" : 40,
	"UpgradeTime" : 12960,
	"UpgradeNeeds" : "11601004,700,11601005,350"
},
{
	"ID" : 217,
	"InstituteID" : 5,
	"Level" : 21,
	"LevelEffect" : 21,
	"LevelEffect3" : 42,
	"UpgradeTime" : 14160,
	"UpgradeNeeds" : "11601004,800,11601005,400"
},
{
	"ID" : 218,
	"InstituteID" : 5,
	"Level" : 22,
	"LevelEffect" : 22,
	"LevelEffect3" : 44,
	"UpgradeTime" : 15360,
	"UpgradeNeeds" : "11601004,900,11601005,450"
},
{
	"ID" : 219,
	"InstituteID" : 5,
	"Level" : 23,
	"LevelEffect" : 23,
	"LevelEffect3" : 46,
	"UpgradeTime" : 16560,
	"UpgradeNeeds" : "11601004,1000,11601005,500"
},
{
	"ID" : 220,
	"InstituteID" : 5,
	"Level" : 24,
	"LevelEffect" : 24,
	"LevelEffect3" : 48,
	"UpgradeTime" : 17760,
	"UpgradeNeeds" : "11601004,1100,11601005,550"
},
{
	"ID" : 221,
	"InstituteID" : 5,
	"Level" : 25,
	"LevelEffect" : 25,
	"LevelEffect3" : 50,
	"UpgradeTime" : 19200,
	"UpgradeNeeds" : "11601004,1300,11601005,650"
},
{
	"ID" : 222,
	"InstituteID" : 5,
	"Level" : 26,
	"LevelEffect" : 26,
	"LevelEffect3" : 51,
	"UpgradeTime" : 20640,
	"UpgradeNeeds" : "11601004,1500,11601005,750"
},
{
	"ID" : 223,
	"InstituteID" : 5,
	"Level" : 27,
	"LevelEffect" : 27,
	"LevelEffect3" : 52,
	"UpgradeTime" : 22080,
	"UpgradeNeeds" : "11601004,1700,11601005,850"
},
{
	"ID" : 224,
	"InstituteID" : 5,
	"Level" : 28,
	"LevelEffect" : 28,
	"LevelEffect3" : 53,
	"UpgradeTime" : 23520,
	"UpgradeNeeds" : "11601004,1900,11601005,950"
},
{
	"ID" : 225,
	"InstituteID" : 5,
	"Level" : 29,
	"LevelEffect" : 29,
	"LevelEffect3" : 54,
	"UpgradeTime" : 24960,
	"UpgradeNeeds" : "11601004,2100,11601005,1050"
},
{
	"ID" : 226,
	"InstituteID" : 5,
	"Level" : 30,
	"LevelEffect" : 30,
	"LevelEffect3" : 55,
	"UpgradeTime" : 26640,
	"UpgradeNeeds" : "11601004,2500,11601005,1250"
},
{
	"ID" : 227,
	"InstituteID" : 5,
	"Level" : 31,
	"LevelEffect" : 31,
	"LevelEffect3" : 56,
	"UpgradeTime" : 28320,
	"UpgradeNeeds" : "11601004,2900,11601005,1450"
},
{
	"ID" : 228,
	"InstituteID" : 5,
	"Level" : 32,
	"LevelEffect" : 32,
	"LevelEffect3" : 57,
	"UpgradeTime" : 30000,
	"UpgradeNeeds" : "11601004,3300,11601005,1650"
},
{
	"ID" : 229,
	"InstituteID" : 5,
	"Level" : 33,
	"LevelEffect" : 33,
	"LevelEffect3" : 58,
	"UpgradeTime" : 31680,
	"UpgradeNeeds" : "11601004,3700,11601005,1850"
},
{
	"ID" : 230,
	"InstituteID" : 5,
	"Level" : 34,
	"LevelEffect" : 34,
	"LevelEffect3" : 59,
	"UpgradeTime" : 33360,
	"UpgradeNeeds" : "11601004,4100,11601005,2050"
},
{
	"ID" : 231,
	"InstituteID" : 5,
	"Level" : 35,
	"LevelEffect" : 35,
	"LevelEffect3" : 60,
	"UpgradeTime" : 35280,
	"UpgradeNeeds" : "11601004,5100,11601005,2550"
},
{
	"ID" : 232,
	"InstituteID" : 5,
	"Level" : 36,
	"LevelEffect" : 36,
	"LevelEffect3" : 61,
	"UpgradeTime" : 37200,
	"UpgradeNeeds" : "11601004,6100,11601005,3050"
},
{
	"ID" : 233,
	"InstituteID" : 5,
	"Level" : 37,
	"LevelEffect" : 37,
	"LevelEffect3" : 62,
	"UpgradeTime" : 39120,
	"UpgradeNeeds" : "11601004,7100,11601005,3550"
},
{
	"ID" : 234,
	"InstituteID" : 5,
	"Level" : 38,
	"LevelEffect" : 38,
	"LevelEffect3" : 63,
	"UpgradeTime" : 41040,
	"UpgradeNeeds" : "11601004,8100,11601005,4050"
},
{
	"ID" : 235,
	"InstituteID" : 5,
	"Level" : 39,
	"LevelEffect" : 39,
	"LevelEffect3" : 64,
	"UpgradeTime" : 42960,
	"UpgradeNeeds" : "11601004,9100,11601005,4550"
},
{
	"ID" : 236,
	"InstituteID" : 5,
	"Level" : 40,
	"LevelEffect" : 40,
	"LevelEffect3" : 65,
	"UpgradeTime" : 45120,
	"UpgradeNeeds" : "11601004,11100,11601005,5550"
},
{
	"ID" : 237,
	"InstituteID" : 5,
	"Level" : 41,
	"LevelEffect" : 41,
	"LevelEffect3" : 66,
	"UpgradeTime" : 47280,
	"UpgradeNeeds" : "11601004,13100,11601005,6550"
},
{
	"ID" : 238,
	"InstituteID" : 5,
	"Level" : 42,
	"LevelEffect" : 42,
	"LevelEffect3" : 67,
	"UpgradeTime" : 49440,
	"UpgradeNeeds" : "11601004,15100,11601005,7550"
},
{
	"ID" : 239,
	"InstituteID" : 5,
	"Level" : 43,
	"LevelEffect" : 43,
	"LevelEffect3" : 68,
	"UpgradeTime" : 51600,
	"UpgradeNeeds" : "11601004,17100,11601005,8550"
},
{
	"ID" : 240,
	"InstituteID" : 5,
	"Level" : 44,
	"LevelEffect" : 44,
	"LevelEffect3" : 69,
	"UpgradeTime" : 53760,
	"UpgradeNeeds" : "11601004,19100,11601005,9550"
},
{
	"ID" : 241,
	"InstituteID" : 5,
	"Level" : 45,
	"LevelEffect" : 45,
	"LevelEffect3" : 70,
	"UpgradeTime" : 56160,
	"UpgradeNeeds" : "11601004,21100,11601005,10550"
},
{
	"ID" : 242,
	"InstituteID" : 5,
	"Level" : 46,
	"LevelEffect" : 46,
	"LevelEffect3" : 71,
	"UpgradeTime" : 58560,
	"UpgradeNeeds" : "11601004,23100,11601005,11550"
},
{
	"ID" : 243,
	"InstituteID" : 5,
	"Level" : 47,
	"LevelEffect" : 47,
	"LevelEffect3" : 72,
	"UpgradeTime" : 60960,
	"UpgradeNeeds" : "11601004,25100,11601005,12550"
},
{
	"ID" : 244,
	"InstituteID" : 5,
	"Level" : 48,
	"LevelEffect" : 48,
	"LevelEffect3" : 73,
	"UpgradeTime" : 63360,
	"UpgradeNeeds" : "11601004,27100,11601005,13550"
},
{
	"ID" : 245,
	"InstituteID" : 5,
	"Level" : 49,
	"LevelEffect" : 49,
	"LevelEffect3" : 74,
	"UpgradeTime" : 65760,
	"UpgradeNeeds" : "11601004,29100,11601005,14550"
},
{
	"ID" : 246,
	"InstituteID" : 5,
	"Level" : 50,
	"LevelEffect" : 50,
	"LevelEffect3" : 75
}
]