[
{
	"ID" : 0, 
	"Desc" : "", 
	"DescLocalizationID" : "", 
	"Name" : "", 
	"NameLocalizationID" : "", 
	"MainType" : 0, 
	"Misc" : 0, 
	"LotteryID" : 0, 
	"Rarity" : 1, 
	"Icon" : "", 
	"CanBeUsed" : 0, 
	"ShowItemNum" : 1, 
	"SelectLootID" : "", 
	"ItemParam" : 0, 
	"CanBeShow" : 1, 
	"ItemUseParam" : "", 
	"ItemCommonParam" : "", 
	"ItemCommonParam2" : ""
},
{
	"ID" : 10101001,
	"Desc" : "1金币",
	"DescLocalizationID" : "ItemDesc_10101001",
	"Name" : "Gold",
	"NameLocalizationID" : "Item_10101001",
	"MainType" : 1,
	"Misc" : 1,
	"Rarity" : 2,
	"Icon" : "T_Gold"
},
{
	"ID" : 10101002,
	"Desc" : "1k金币",
	"DescLocalizationID" : "ItemDesc_10101002",
	"Name" : "Gold",
	"NameLocalizationID" : "Item_10101002",
	"MainType" : 1,
	"Misc" : 1000,
	"Rarity" : 2,
	"Icon" : "T_Gold1"
},
{
	"ID" : 10101003,
	"Desc" : "10k金币",
	"DescLocalizationID" : "ItemDesc_10101003",
	"Name" : "Gold",
	"NameLocalizationID" : "Item_10101003",
	"MainType" : 1,
	"Misc" : 10000,
	"Rarity" : 2,
	"Icon" : "T_Gold2"
},
{
	"ID" : 10101004,
	"Desc" : "100k金币",
	"DescLocalizationID" : "ItemDesc_10101004",
	"Name" : "Gold",
	"NameLocalizationID" : "Item_10101004",
	"MainType" : 1,
	"Misc" : 100000,
	"Rarity" : 3,
	"Icon" : "T_Gold3"
},
{
	"ID" : 10101005,
	"Desc" : "1M金币",
	"DescLocalizationID" : "ItemDesc_10101005",
	"Name" : "Gold",
	"NameLocalizationID" : "Item_10101005",
	"MainType" : 1,
	"Misc" : 1000000,
	"Rarity" : 3,
	"Icon" : "T_Gold4"
},
{
	"ID" : 10101006,
	"Desc" : "10M金币",
	"DescLocalizationID" : "ItemDesc_10101006",
	"Name" : "Gold",
	"NameLocalizationID" : "Item_10101006",
	"MainType" : 1,
	"Misc" : 10000000,
	"Rarity" : 3,
	"Icon" : "T_Gold5"
},
{
	"ID" : 10101007,
	"Desc" : "100M金币",
	"DescLocalizationID" : "ItemDesc_10101007",
	"Name" : "Gold",
	"NameLocalizationID" : "Item_10101007",
	"MainType" : 1,
	"Misc" : 100000000,
	"Rarity" : 4,
	"Icon" : "T_Gold6"
},
{
	"ID" : 10101008,
	"Desc" : "1B金币",
	"DescLocalizationID" : "ItemDesc_10101008",
	"Name" : "Gold",
	"NameLocalizationID" : "Item_10101008",
	"MainType" : 1,
	"Misc" : 1000000000,
	"Rarity" : 4,
	"Icon" : "T_Gold7"
},
{
	"ID" : 10101009,
	"Desc" : "10B金币",
	"DescLocalizationID" : "ItemDesc_10101009",
	"Name" : "Gold",
	"NameLocalizationID" : "Item_10101009",
	"MainType" : 1,
	"Misc" : 10000000000,
	"Rarity" : 5,
	"Icon" : "T_Gold8"
},
{
	"ID" : 10101010,
	"Desc" : "20B金币",
	"DescLocalizationID" : "ItemDesc_10101010",
	"Name" : "Gold",
	"NameLocalizationID" : "Item_10101010",
	"MainType" : 1,
	"Misc" : 20000000000,
	"Rarity" : 5,
	"Icon" : "T_Gold9"
},
{
	"ID" : 10101050,
	"Desc" : "钻石1",
	"DescLocalizationID" : "ItemDesc_10101050",
	"Name" : "Diamond",
	"NameLocalizationID" : "Item_10101050",
	"MainType" : 9,
	"Misc" : 1,
	"Rarity" : 2,
	"Icon" : "T_Diam"
},
{
	"ID" : 10101051,
	"Desc" : "钻石2",
	"DescLocalizationID" : "ItemDesc_10101051",
	"Name" : "Diamond",
	"NameLocalizationID" : "Item_10101051",
	"MainType" : 9,
	"Rarity" : 2,
	"Icon" : "UI_Charge_ZS1"
},
{
	"ID" : 10101052,
	"Desc" : "钻石3",
	"DescLocalizationID" : "ItemDesc_10101052",
	"Name" : "Diamond",
	"NameLocalizationID" : "Item_10101052",
	"MainType" : 9,
	"Rarity" : 2,
	"Icon" : "UI_Charge_ZS2"
},
{
	"ID" : 10101053,
	"Desc" : "钻石4",
	"DescLocalizationID" : "ItemDesc_10101053",
	"Name" : "Diamond",
	"NameLocalizationID" : "Item_10101053",
	"MainType" : 9,
	"Rarity" : 2,
	"Icon" : "UI_Charge_ZS3"
},
{
	"ID" : 10101054,
	"Desc" : "钻石5",
	"DescLocalizationID" : "ItemDesc_10101054",
	"Name" : "Diamond",
	"NameLocalizationID" : "Item_10101054",
	"MainType" : 9,
	"Rarity" : 2,
	"Icon" : "UI_Charge_ZS4"
},
{
	"ID" : 10101055,
	"Desc" : "钻石6",
	"DescLocalizationID" : "ItemDesc_10101055",
	"Name" : "Diamond",
	"NameLocalizationID" : "Item_10101055",
	"MainType" : 9,
	"Rarity" : 2,
	"Icon" : "UI_Charge_ZS5"
},
{
	"ID" : 10101056,
	"Desc" : "钻石7",
	"DescLocalizationID" : "ItemDesc_10101056",
	"Name" : "Diamond",
	"NameLocalizationID" : "Item_10101056",
	"MainType" : 9,
	"Rarity" : 2,
	"Icon" : "UI_Charge_ZS6"
},
{
	"ID" : 10101057,
	"Desc" : "钻石8",
	"DescLocalizationID" : "ItemDesc_10101057",
	"Name" : "Diamond",
	"NameLocalizationID" : "Item_10101057",
	"MainType" : 9,
	"Rarity" : 2,
	"Icon" : "UI_Charge_ZS7"
},
{
	"ID" : 10101058,
	"Desc" : "钻石9",
	"DescLocalizationID" : "ItemDesc_10101058",
	"Name" : "Diamond",
	"NameLocalizationID" : "Item_10101058",
	"MainType" : 9,
	"Rarity" : 2,
	"Icon" : "UI_Charge_ZS8"
},
{
	"ID" : 10101059,
	"Desc" : "钻石10",
	"DescLocalizationID" : "ItemDesc_10101059",
	"Name" : "Diamond",
	"NameLocalizationID" : "Item_10101059",
	"MainType" : 9,
	"Rarity" : 2,
	"Icon" : "UI_Charge_ZS9"
},
{
	"ID" : 10101101,
	"Desc" : "1魔晶",
	"DescLocalizationID" : "ItemDesc_10101101",
	"Name" : "Crystal",
	"NameLocalizationID" : "Item_10101101",
	"MainType" : 32,
	"Misc" : 1,
	"Rarity" : 4,
	"Icon" : "T_Gold"
},
{
	"ID" : 10201000,
	"Desc" : "默认头像框",
	"DescLocalizationID" : "ItemDesc_10201000",
	"Name" : "默认头像框",
	"NameLocalizationID" : "Item_10201000",
	"MainType" : 2,
	"Rarity" : -1,
	"Icon" : "T_Head_Border0",
	"CanBeUsed" : 1,
	"ShowItemNum" : 0
},
{
	"ID" : 10201001,
	"Desc" : "VIP1头像框",
	"DescLocalizationID" : "ItemDesc_10201001",
	"Name" : "VIP1头像框",
	"NameLocalizationID" : "Item_10201001",
	"MainType" : 2,
	"Rarity" : -1,
	"Icon" : "T_Head_Border1",
	"CanBeUsed" : 1,
	"ShowItemNum" : 0,
	"CanBeShow" : 0
},
{
	"ID" : 10201002,
	"Desc" : "VIP2头像框",
	"DescLocalizationID" : "ItemDesc_10201002",
	"Name" : "VIP2头像框",
	"NameLocalizationID" : "Item_10201002",
	"MainType" : 2,
	"Rarity" : -1,
	"Icon" : "T_Head_Border2",
	"CanBeUsed" : 1,
	"ShowItemNum" : 0,
	"CanBeShow" : 0
},
{
	"ID" : 10201003,
	"Desc" : "VIP3头像框",
	"DescLocalizationID" : "ItemDesc_10201003",
	"Name" : "VIP3头像框",
	"NameLocalizationID" : "Item_10201003",
	"MainType" : 2,
	"Rarity" : -1,
	"Icon" : "T_Head_Border3",
	"CanBeUsed" : 1,
	"ShowItemNum" : 0,
	"CanBeShow" : 0
},
{
	"ID" : 10201004,
	"Desc" : "VIP4头像框",
	"DescLocalizationID" : "ItemDesc_10201004",
	"Name" : "VIP4头像框",
	"NameLocalizationID" : "Item_10201004",
	"MainType" : 2,
	"Rarity" : -1,
	"Icon" : "T_Head_Border4",
	"CanBeUsed" : 1,
	"ShowItemNum" : 0,
	"CanBeShow" : 0
},
{
	"ID" : 10201005,
	"Desc" : "VIP5头像框",
	"DescLocalizationID" : "ItemDesc_10201005",
	"Name" : "VIP5头像框",
	"NameLocalizationID" : "Item_10201005",
	"MainType" : 2,
	"Rarity" : -1,
	"Icon" : "T_Head_Border5",
	"CanBeUsed" : 1,
	"ShowItemNum" : 0,
	"CanBeShow" : 0
},
{
	"ID" : 10201006,
	"Desc" : "VIP6头像框",
	"DescLocalizationID" : "ItemDesc_10201006",
	"Name" : "VIP6头像框",
	"NameLocalizationID" : "Item_10201006",
	"MainType" : 2,
	"Rarity" : -1,
	"Icon" : "T_Head_Border6",
	"CanBeUsed" : 1,
	"ShowItemNum" : 0
},
{
	"ID" : 10201007,
	"Desc" : "VIP7头像框",
	"DescLocalizationID" : "ItemDesc_10201007",
	"Name" : "VIP7头像框",
	"NameLocalizationID" : "Item_10201007",
	"MainType" : 2,
	"Rarity" : -1,
	"Icon" : "T_Head_Border7",
	"CanBeUsed" : 1,
	"ShowItemNum" : 0
},
{
	"ID" : 10201008,
	"Desc" : "VIP8头像框",
	"DescLocalizationID" : "ItemDesc_10201008",
	"Name" : "VIP8头像框",
	"NameLocalizationID" : "Item_10201008",
	"MainType" : 2,
	"Rarity" : -1,
	"Icon" : "T_Head_Border8",
	"CanBeUsed" : 1,
	"ShowItemNum" : 0
},
{
	"ID" : 10201009,
	"Desc" : "VIP9头像框",
	"DescLocalizationID" : "ItemDesc_10201009",
	"Name" : "VIP9头像框",
	"NameLocalizationID" : "Item_10201009",
	"MainType" : 2,
	"Rarity" : -1,
	"Icon" : "T_Head_Border9",
	"CanBeUsed" : 1,
	"ShowItemNum" : 0
},
{
	"ID" : 10201010,
	"Desc" : "VIP10头像框",
	"DescLocalizationID" : "ItemDesc_10201010",
	"Name" : "VIP10头像框",
	"NameLocalizationID" : "Item_10201010",
	"MainType" : 2,
	"Rarity" : -1,
	"Icon" : "T_Head_Border10",
	"CanBeUsed" : 1,
	"ShowItemNum" : 0
},
{
	"ID" : 10201011,
	"Desc" : "VIP11头像框",
	"DescLocalizationID" : "ItemDesc_10201011",
	"Name" : "VIP9头像框",
	"NameLocalizationID" : "Item_10201011",
	"MainType" : 2,
	"Rarity" : -1,
	"Icon" : "T_Head_Border15",
	"CanBeUsed" : 1,
	"ShowItemNum" : 0
},
{
	"ID" : 10201012,
	"Desc" : "VIP12头像框",
	"DescLocalizationID" : "ItemDesc_10201012",
	"Name" : "VIP10头像框",
	"NameLocalizationID" : "Item_10201012",
	"MainType" : 2,
	"Rarity" : -1,
	"Icon" : "T_Head_Border16",
	"CanBeUsed" : 1,
	"ShowItemNum" : 0
},
{
	"ID" : 10201101,
	"Desc" : "月卡头像框",
	"DescLocalizationID" : "ItemDesc_10201101",
	"Name" : "月卡头像框",
	"NameLocalizationID" : "Item_10201101",
	"MainType" : 2,
	"Rarity" : -1,
	"Icon" : "T_Head_Border11",
	"CanBeUsed" : 1,
	"ShowItemNum" : 0,
	"CanBeShow" : 0
},
{
	"ID" : 10201102,
	"Desc" : "半年卡头像框",
	"DescLocalizationID" : "ItemDesc_10201102",
	"Name" : "半年卡头像框",
	"NameLocalizationID" : "Item_10201102",
	"MainType" : 2,
	"Rarity" : -1,
	"Icon" : "T_Head_Border12",
	"CanBeUsed" : 1,
	"ShowItemNum" : 0,
	"CanBeShow" : 0
},
{
	"ID" : 10201103,
	"Desc" : "终身卡头像框",
	"DescLocalizationID" : "ItemDesc_10201103",
	"Name" : "终身卡头像框",
	"NameLocalizationID" : "Item_10201103",
	"MainType" : 2,
	"Rarity" : -1,
	"Icon" : "T_Head_Border13",
	"CanBeUsed" : 1,
	"ShowItemNum" : 0,
	"CanBeShow" : 0
},
{
	"ID" : 10201201,
	"Desc" : "吕布头像框",
	"DescLocalizationID" : "ItemDesc_10201201",
	"Name" : "吕布头像框",
	"NameLocalizationID" : "Item_10201201",
	"MainType" : 2,
	"Rarity" : -1,
	"Icon" : "T_Head_Border14",
	"CanBeUsed" : 1,
	"ShowItemNum" : 0,
	"CanBeShow" : 0
},
{
	"ID" : 10201202,
	"Desc" : "圣诞头像框",
	"DescLocalizationID" : "ItemDesc_10201202",
	"Name" : "圣诞头像框",
	"NameLocalizationID" : "Item_10201202",
	"MainType" : 2,
	"Rarity" : -1,
	"Icon" : "T_Head_Border17",
	"CanBeUsed" : 1,
	"ShowItemNum" : 0,
	"CanBeShow" : 0
},
{
	"ID" : 10201203,
	"Desc" : "新年头像框",
	"DescLocalizationID" : "ItemDesc_10201203",
	"Name" : "新年头像框",
	"NameLocalizationID" : "Item_10201203",
	"MainType" : 2,
	"Rarity" : -1,
	"Icon" : "T_Head_Border18",
	"CanBeUsed" : 1,
	"ShowItemNum" : 0,
	"CanBeShow" : 0
},
{
	"ID" : 10202001,
	"Desc" : "默认头像-小丑鱼",
	"DescLocalizationID" : "ItemDesc_10202001",
	"Name" : "默认头像-小丑鱼",
	"NameLocalizationID" : "Item_10202001",
	"MainType" : 20,
	"Rarity" : -1,
	"Icon" : "T_Avatar_1",
	"CanBeUsed" : 1,
	"ShowItemNum" : 0
},
{
	"ID" : 10202002,
	"Desc" : "默认头像-大鲨鱼",
	"DescLocalizationID" : "ItemDesc_10202002",
	"Name" : "默认头像-大鲨鱼",
	"NameLocalizationID" : "Item_10202002",
	"MainType" : 20,
	"Rarity" : -1,
	"Icon" : "T_Avatar_2",
	"CanBeUsed" : 1,
	"ShowItemNum" : 0
},
{
	"ID" : 10202003,
	"Desc" : "默认头像-潮男",
	"DescLocalizationID" : "ItemDesc_10202003",
	"Name" : "默认头像-潮男",
	"NameLocalizationID" : "Item_10202003",
	"MainType" : 20,
	"Rarity" : -1,
	"Icon" : "T_Avatar_3",
	"CanBeUsed" : 1,
	"ShowItemNum" : 0
},
{
	"ID" : 10202004,
	"Desc" : "默认头像-海盗女郎",
	"DescLocalizationID" : "ItemDesc_10202004",
	"Name" : "默认头像-海盗女郎",
	"NameLocalizationID" : "Item_10202004",
	"MainType" : 20,
	"Rarity" : -1,
	"Icon" : "T_Avatar_4",
	"CanBeUsed" : 1,
	"ShowItemNum" : 0
},
{
	"ID" : 10202005,
	"Desc" : "默认头像-兔女郎",
	"DescLocalizationID" : "ItemDesc_10202005",
	"Name" : "默认头像-兔女郎",
	"NameLocalizationID" : "Item_10202005",
	"MainType" : 20,
	"Rarity" : -1,
	"Icon" : "T_Avatar_5",
	"CanBeUsed" : 1,
	"ShowItemNum" : 0
},
{
	"ID" : 10202006,
	"Desc" : "默认头像-阳光男孩",
	"DescLocalizationID" : "ItemDesc_10202006",
	"Name" : "默认头像-阳光男孩",
	"NameLocalizationID" : "Item_10202006",
	"MainType" : 20,
	"Rarity" : -1,
	"Icon" : "T_Avatar_6",
	"CanBeUsed" : 1,
	"ShowItemNum" : 0
},
{
	"ID" : 10202007,
	"Desc" : "吕布头像",
	"DescLocalizationID" : "ItemDesc_10202007",
	"Name" : "吕布头像",
	"NameLocalizationID" : "Item_10202007",
	"MainType" : 20,
	"Rarity" : -1,
	"Icon" : "T_Avatar_7",
	"CanBeUsed" : 1,
	"ShowItemNum" : 0,
	"CanBeShow" : 0
},
{
	"ID" : 10202008,
	"Desc" : "渔夫头像",
	"DescLocalizationID" : "ItemDesc_10202008",
	"Name" : "渔夫头像",
	"NameLocalizationID" : "Item_10202008",
	"MainType" : 20,
	"Rarity" : -1,
	"Icon" : "T_Avatar_8",
	"CanBeUsed" : 1,
	"ShowItemNum" : 0
},
{
	"ID" : 10202009,
	"Desc" : "仙童头像",
	"DescLocalizationID" : "ItemDesc_10202009",
	"Name" : "仙童头像",
	"NameLocalizationID" : "Item_10202009",
	"MainType" : 20,
	"Rarity" : -1,
	"Icon" : "T_Avatar_9",
	"CanBeUsed" : 1,
	"ShowItemNum" : 0,
	"CanBeShow" : 0
},
{
	"ID" : 10202010,
	"Desc" : "魏延头像",
	"DescLocalizationID" : "ItemDesc_10202010",
	"Name" : "魏延头像",
	"NameLocalizationID" : "Item_10202010",
	"MainType" : 20,
	"Rarity" : -1,
	"Icon" : "T_Avatar_10",
	"CanBeUsed" : 1,
	"ShowItemNum" : 0
},
{
	"ID" : 10202011,
	"Desc" : "黄忠头像",
	"DescLocalizationID" : "ItemDesc_10202011",
	"Name" : "黄忠头像",
	"NameLocalizationID" : "Item_10202011",
	"MainType" : 20,
	"Rarity" : -1,
	"Icon" : "T_Avatar_11",
	"CanBeUsed" : 1,
	"ShowItemNum" : 0
},
{
	"ID" : 10202012,
	"Desc" : "赵云头像",
	"DescLocalizationID" : "ItemDesc_10202012",
	"Name" : "赵云头像",
	"NameLocalizationID" : "Item_10202012",
	"MainType" : 20,
	"Rarity" : -1,
	"Icon" : "T_Avatar_12",
	"CanBeUsed" : 1,
	"ShowItemNum" : 0
},
{
	"ID" : 10202013,
	"Desc" : "张飞头像",
	"DescLocalizationID" : "ItemDesc_10202013",
	"Name" : "张飞头像",
	"NameLocalizationID" : "Item_10202013",
	"MainType" : 20,
	"Rarity" : -1,
	"Icon" : "T_Avatar_13",
	"CanBeUsed" : 1,
	"ShowItemNum" : 0
},
{
	"ID" : 10202014,
	"Desc" : "关羽头像",
	"DescLocalizationID" : "ItemDesc_10202014",
	"Name" : "关羽头像",
	"NameLocalizationID" : "Item_10202014",
	"MainType" : 20,
	"Rarity" : -1,
	"Icon" : "T_Avatar_14",
	"CanBeUsed" : 1,
	"ShowItemNum" : 0
},
{
	"ID" : 10202015,
	"Desc" : "财神头像",
	"DescLocalizationID" : "ItemDesc_10202015",
	"Name" : "财神头像",
	"NameLocalizationID" : "Item_10202015",
	"MainType" : 20,
	"Rarity" : -1,
	"Icon" : "T_Avatar_15",
	"CanBeUsed" : 1,
	"ShowItemNum" : 0,
	"CanBeShow" : 0
},
{
	"ID" : 10202016,
	"Desc" : "孙权头像",
	"DescLocalizationID" : "ItemDesc_10202016",
	"Name" : "孙权头像",
	"NameLocalizationID" : "Item_10202016",
	"MainType" : 20,
	"Rarity" : -1,
	"Icon" : "T_Avatar_16",
	"CanBeUsed" : 1,
	"ShowItemNum" : 0,
	"CanBeShow" : 0
},
{
	"ID" : 10202017,
	"Desc" : "曹操头像",
	"DescLocalizationID" : "ItemDesc_10202017",
	"Name" : "曹操头像",
	"NameLocalizationID" : "Item_10202017",
	"MainType" : 20,
	"Rarity" : -1,
	"Icon" : "T_Avatar_17",
	"CanBeUsed" : 1,
	"ShowItemNum" : 0,
	"CanBeShow" : 0
},
{
	"ID" : 10202018,
	"Desc" : "刘备头像",
	"DescLocalizationID" : "ItemDesc_10202018",
	"Name" : "刘备头像",
	"NameLocalizationID" : "Item_10202018",
	"MainType" : 20,
	"Rarity" : -1,
	"Icon" : "T_Avatar_18",
	"CanBeUsed" : 1,
	"ShowItemNum" : 0,
	"CanBeShow" : 0
},
{
	"ID" : 10202019,
	"Desc" : "貂蝉头像",
	"DescLocalizationID" : "ItemDesc_10202019",
	"Name" : "貂蝉头像",
	"NameLocalizationID" : "Item_10202019",
	"MainType" : 20,
	"Rarity" : -1,
	"Icon" : "T_Avatar_19",
	"CanBeUsed" : 1,
	"ShowItemNum" : 0,
	"CanBeShow" : 0
},
{
	"ID" : 10202020,
	"Desc" : "甄姬头像",
	"DescLocalizationID" : "ItemDesc_10202020",
	"Name" : "甄姬头像",
	"NameLocalizationID" : "Item_10202020",
	"MainType" : 20,
	"Rarity" : -1,
	"Icon" : "T_Avatar_20",
	"CanBeUsed" : 1,
	"ShowItemNum" : 0,
	"CanBeShow" : 0
},
{
	"ID" : 10202021,
	"Desc" : "大乔头像",
	"DescLocalizationID" : "ItemDesc_10202021",
	"Name" : "大乔头像",
	"NameLocalizationID" : "Item_10202021",
	"MainType" : 20,
	"Rarity" : -1,
	"Icon" : "T_Avatar_21",
	"CanBeUsed" : 1,
	"ShowItemNum" : 0,
	"CanBeShow" : 0
},
{
	"ID" : 10202022,
	"Desc" : "小乔头像",
	"DescLocalizationID" : "ItemDesc_10202022",
	"Name" : "小乔头像",
	"NameLocalizationID" : "Item_10202022",
	"MainType" : 20,
	"Rarity" : -1,
	"Icon" : "T_Avatar_22",
	"CanBeUsed" : 1,
	"ShowItemNum" : 0,
	"CanBeShow" : 0
},
{
	"ID" : 10202023,
	"Desc" : "孙尚香头像",
	"DescLocalizationID" : "ItemDesc_10202023",
	"Name" : "孙尚香头像",
	"NameLocalizationID" : "Item_10202023",
	"MainType" : 20,
	"Rarity" : -1,
	"Icon" : "T_Avatar_23",
	"CanBeUsed" : 1,
	"ShowItemNum" : 0,
	"CanBeShow" : 0
},
{
	"ID" : 10203001,
	"Desc" : "默认资产框",
	"DescLocalizationID" : "ItemDesc_10203001",
	"Name" : "默认资产框",
	"NameLocalizationID" : "Item_10203001",
	"MainType" : 21,
	"Rarity" : -1,
	"Icon" : "T_PlayerInfo_Bg1",
	"CanBeUsed" : 1,
	"ShowItemNum" : 0
},
{
	"ID" : 10203002,
	"Desc" : "吕布资产框",
	"DescLocalizationID" : "ItemDesc_10203002",
	"Name" : "吕布资产框",
	"NameLocalizationID" : "Item_10203002",
	"MainType" : 21,
	"Rarity" : -1,
	"Icon" : "T_PlayerInfo_Bg2",
	"CanBeUsed" : 1,
	"ShowItemNum" : 0,
	"CanBeShow" : 0
},
{
	"ID" : 10203003,
	"Desc" : "圣诞资产框",
	"DescLocalizationID" : "ItemDesc_10203003",
	"Name" : "圣诞资产框",
	"NameLocalizationID" : "Item_10203003",
	"MainType" : 21,
	"Rarity" : -1,
	"Icon" : "T_PlayerInfo_Bg3",
	"CanBeUsed" : 1,
	"ShowItemNum" : 0,
	"CanBeShow" : 0
},
{
	"ID" : 10203004,
	"Desc" : "新年资产框",
	"DescLocalizationID" : "ItemDesc_10203004",
	"Name" : "新年资产框",
	"NameLocalizationID" : "Item_10203004",
	"MainType" : 21,
	"Rarity" : -1,
	"Icon" : "T_PlayerInfo_Bg4",
	"CanBeUsed" : 1,
	"ShowItemNum" : 0,
	"CanBeShow" : 0
},
{
	"ID" : 10301001,
	"Desc" : "包含大量的金币",
	"DescLocalizationID" : "ItemDesc_10301001",
	"Name" : "特殊礼包",
	"NameLocalizationID" : "Item_10301001",
	"MainType" : 3,
	"LotteryID" : 101,
	"Rarity" : 2,
	"Icon" : "T_Gift_Box1",
	"CanBeUsed" : 1,
	"ItemUseParam" : "1"
},
{
	"ID" : 10301002,
	"Desc" : "包含大量的钻石",
	"DescLocalizationID" : "ItemDesc_10301002",
	"Name" : "特殊礼包",
	"NameLocalizationID" : "Item_10301002",
	"MainType" : 3,
	"LotteryID" : 102,
	"Rarity" : 3,
	"Icon" : "T_Gift_Box2",
	"CanBeUsed" : 1,
	"ItemUseParam" : "1"
},
{
	"ID" : 10301003,
	"Desc" : "包含大量金币和钻石",
	"DescLocalizationID" : "ItemDesc_10301003",
	"Name" : "特殊礼包",
	"NameLocalizationID" : "Item_10301003",
	"MainType" : 3,
	"LotteryID" : 103,
	"Rarity" : 4,
	"Icon" : "T_Gift_Box3",
	"CanBeUsed" : 1,
	"ItemUseParam" : "1"
},
{
	"ID" : 10301004,
	"Desc" : "英雄契约碎片盲盒",
	"DescLocalizationID" : "ItemDesc_10301004",
	"Name" : "英雄契约碎片盲盒",
	"NameLocalizationID" : "Item_10301004",
	"MainType" : 3,
	"LotteryID" : 1007,
	"Rarity" : 3,
	"Icon" : "T_Gift_Box2",
	"CanBeUsed" : 1,
	"ItemUseParam" : "1"
},
{
	"ID" : 10301005,
	"Desc" : "英雄隐藏碎片盲盒",
	"DescLocalizationID" : "ItemDesc_10301005",
	"Name" : "英雄隐藏碎片盲盒",
	"NameLocalizationID" : "Item_10301005",
	"MainType" : 3,
	"LotteryID" : 1008,
	"Rarity" : 4,
	"Icon" : "T_Gift_Box2",
	"CanBeUsed" : 1,
	"ItemUseParam" : "1"
},
{
	"ID" : 10301006,
	"Desc" : "英雄传说碎片盲盒",
	"DescLocalizationID" : "ItemDesc_10301006",
	"Name" : "英雄传说碎片盲盒",
	"NameLocalizationID" : "Item_10301006",
	"MainType" : 3,
	"LotteryID" : 1009,
	"Rarity" : 5,
	"Icon" : "T_Gift_Box2",
	"CanBeUsed" : 1,
	"ItemUseParam" : "1"
},
{
	"ID" : 10301007,
	"Desc" : "翅膀契约碎片盲盒",
	"DescLocalizationID" : "ItemDesc_10301007",
	"Name" : "翅膀契约碎片盲盒",
	"NameLocalizationID" : "Item_10301007",
	"MainType" : 3,
	"LotteryID" : 1010,
	"Rarity" : 3,
	"Icon" : "T_Gift_Box3",
	"CanBeUsed" : 1,
	"ItemUseParam" : "1"
},
{
	"ID" : 10301008,
	"Desc" : "翅膀隐藏碎片盲盒",
	"DescLocalizationID" : "ItemDesc_10301008",
	"Name" : "翅膀隐藏碎片盲盒",
	"NameLocalizationID" : "Item_10301008",
	"MainType" : 3,
	"LotteryID" : 1011,
	"Rarity" : 4,
	"Icon" : "T_Gift_Box3",
	"CanBeUsed" : 1,
	"ItemUseParam" : "1"
},
{
	"ID" : 10301009,
	"Desc" : "翅膀传说碎片盲盒",
	"DescLocalizationID" : "ItemDesc_10301009",
	"Name" : "翅膀传说碎片盲盒",
	"NameLocalizationID" : "Item_10301009",
	"MainType" : 3,
	"LotteryID" : 1012,
	"Rarity" : 5,
	"Icon" : "T_Gift_Box3",
	"CanBeUsed" : 1,
	"ItemUseParam" : "1"
},
{
	"ID" : 10301010,
	"Desc" : "初级升星石盲盒",
	"DescLocalizationID" : "ItemDesc_10301010",
	"Name" : "初级升星石盲盒",
	"NameLocalizationID" : "Item_10301010",
	"MainType" : 3,
	"LotteryID" : 1013,
	"Rarity" : 2,
	"Icon" : "T_Gift_Box1",
	"CanBeUsed" : 1,
	"ItemUseParam" : "1"
},
{
	"ID" : 10301011,
	"Desc" : "中级升星石盲盒",
	"DescLocalizationID" : "ItemDesc_10301011",
	"Name" : "中级升星石盲盒",
	"NameLocalizationID" : "Item_10301011",
	"MainType" : 3,
	"LotteryID" : 1014,
	"Rarity" : 3,
	"Icon" : "T_Gift_Box1",
	"CanBeUsed" : 1,
	"ItemUseParam" : "1"
},
{
	"ID" : 10301012,
	"Desc" : "高级升星石盲盒",
	"DescLocalizationID" : "ItemDesc_10301012",
	"Name" : "高级升星石盲盒",
	"NameLocalizationID" : "Item_10301012",
	"MainType" : 3,
	"LotteryID" : 1015,
	"Rarity" : 4,
	"Icon" : "T_Gift_Box1",
	"CanBeUsed" : 1,
	"ItemUseParam" : "1"
},
{
	"ID" : 10301013,
	"Desc" : "经验豆盲盒",
	"DescLocalizationID" : "ItemDesc_10301013",
	"Name" : "经验豆盲盒",
	"NameLocalizationID" : "Item_10301013",
	"MainType" : 3,
	"LotteryID" : 1016,
	"Rarity" : 4,
	"Icon" : "T_Gift_Box1",
	"CanBeUsed" : 1,
	"ItemUseParam" : "1"
},
{
	"ID" : 10301014,
	"Desc" : "嘉年华宝箱",
	"DescLocalizationID" : "ItemDesc_10301014",
	"Name" : "参与新手嘉年华的奖励，里面包含了各种各样神奇的道具。",
	"NameLocalizationID" : "Item_10301014",
	"MainType" : 3,
	"LotteryID" : 112,
	"Rarity" : 4,
	"Icon" : "T_Gift_Box3",
	"CanBeUsed" : 1,
	"ItemUseParam" : "1"
},
{
	"ID" : 10301015,
	"Desc" : "吕布专属宝箱",
	"DescLocalizationID" : "ItemDesc_10301015",
	"Name" : "包含吕布专属翅膀-幻赤碎片*20，吕布专属资产框*1。",
	"NameLocalizationID" : "Item_10301015",
	"MainType" : 3,
	"LotteryID" : 1018,
	"Rarity" : 4,
	"Icon" : "T_Treasure_Box4",
	"CanBeUsed" : 1,
	"ItemUseParam" : "1"
},
{
	"ID" : 10301016,
	"Desc" : "翅膀契约碎片盲盒",
	"DescLocalizationID" : "ItemDesc_10301016",
	"Name" : "翅膀契约碎片盲盒",
	"NameLocalizationID" : "Item_10301016",
	"MainType" : 3,
	"LotteryID" : 1017,
	"Rarity" : 3,
	"Icon" : "T_Gift_Box1",
	"CanBeUsed" : 1,
	"ItemUseParam" : "1"
},
{
	"ID" : 10301017,
	"Desc" : "曹操专属礼盒",
	"DescLocalizationID" : "ItemDesc_10301017",
	"Name" : "曹操专属礼盒",
	"NameLocalizationID" : "Item_10301017",
	"MainType" : 3,
	"LotteryID" : 1019,
	"Rarity" : 3,
	"Icon" : "T_Gift_Box1",
	"CanBeUsed" : 1,
	"ItemUseParam" : "1"
},
{
	"ID" : 10301018,
	"Desc" : "蹊跷的宝藏",
	"DescLocalizationID" : "ItemDesc_10301018",
	"Name" : "蹊跷的宝藏",
	"NameLocalizationID" : "Item_10301018",
	"MainType" : 3,
	"LotteryID" : 1020,
	"Rarity" : 3,
	"Icon" : "T_Gift_Box3",
	"CanBeUsed" : 1,
	"ItemUseParam" : "1"
},
{
	"ID" : 10301019,
	"Desc" : "英雄专属升星宝盒",
	"DescLocalizationID" : "ItemDesc_10301019",
	"Name" : "英雄专属升星宝盒",
	"NameLocalizationID" : "Item_10301019",
	"MainType" : 3,
	"LotteryID" : 1024,
	"Rarity" : 4,
	"Icon" : "T_Gift_Box1",
	"CanBeUsed" : 1,
	"ItemUseParam" : "1"
},
{
	"ID" : 10301020,
	"Desc" : "添香专属进阶宝盒",
	"DescLocalizationID" : "ItemDesc_10301020",
	"Name" : "添香进阶礼包",
	"NameLocalizationID" : "Item_10301020",
	"MainType" : 3,
	"LotteryID" : 1025,
	"Rarity" : 4,
	"Icon" : "T_Gift_Box2",
	"CanBeUsed" : 1,
	"ItemUseParam" : "1"
},
{
	"ID" : 10301021,
	"Desc" : "洛神专属进阶宝盒",
	"DescLocalizationID" : "ItemDesc_10301021",
	"Name" : "洛神专属进阶宝盒",
	"NameLocalizationID" : "Item_10301021",
	"MainType" : 3,
	"LotteryID" : 1026,
	"Rarity" : 4,
	"Icon" : "T_Gift_Box2",
	"CanBeUsed" : 1,
	"ItemUseParam" : "1"
},
{
	"ID" : 10301022,
	"Desc" : "国色专属进阶宝盒",
	"DescLocalizationID" : "ItemDesc_10301022",
	"Name" : "国色专属进阶宝盒",
	"NameLocalizationID" : "Item_10301022",
	"MainType" : 3,
	"LotteryID" : 1027,
	"Rarity" : 4,
	"Icon" : "T_Gift_Box2",
	"CanBeUsed" : 1,
	"ItemUseParam" : "1"
},
{
	"ID" : 10301023,
	"Desc" : "红颜专属进阶宝盒",
	"DescLocalizationID" : "ItemDesc_10301023",
	"Name" : "红颜专属进阶宝盒",
	"NameLocalizationID" : "Item_10301023",
	"MainType" : 3,
	"LotteryID" : 1028,
	"Rarity" : 4,
	"Icon" : "T_Gift_Box2",
	"CanBeUsed" : 1,
	"ItemUseParam" : "1"
},
{
	"ID" : 10301024,
	"Desc" : "枭姬专属进阶宝盒",
	"DescLocalizationID" : "ItemDesc_10301024",
	"Name" : "枭姬专属进阶宝盒",
	"NameLocalizationID" : "Item_10301024",
	"MainType" : 3,
	"LotteryID" : 1029,
	"Rarity" : 4,
	"Icon" : "T_Gift_Box2",
	"CanBeUsed" : 1,
	"ItemUseParam" : "1"
},
{
	"ID" : 10501001,
	"Desc" : "大喇叭",
	"DescLocalizationID" : "ItemDesc_10501001",
	"Name" : "大喇叭",
	"NameLocalizationID" : "Item_10501001",
	"MainType" : 5,
	"Rarity" : 2
},
{
	"ID" : 10601001,
	"Desc" : "改名卡",
	"DescLocalizationID" : "ItemDesc_10601001",
	"Name" : "改名卡",
	"NameLocalizationID" : "Item_10601001",
	"MainType" : 6,
	"Rarity" : 2,
	"Icon" : "T_Rename"
},
{
	"ID" : 10801001,
	"Desc" : "加30天会员时间",
	"DescLocalizationID" : "ItemDesc_10801001",
	"Name" : "Tambah member 30 hari",
	"NameLocalizationID" : "Item_10801001",
	"MainType" : 8,
	"Rarity" : -1,
	"Icon" : "T_Member_Month",
	"ShowItemNum" : 0
},
{
	"ID" : 10801002,
	"Desc" : "加180天会员时间",
	"DescLocalizationID" : "ItemDesc_10801002",
	"Name" : "Tambah member 180 hari",
	"NameLocalizationID" : "Item_10801002",
	"MainType" : 8,
	"Rarity" : -1,
	"Icon" : "T_Member_HalfYear",
	"ShowItemNum" : 0
},
{
	"ID" : 10801003,
	"Desc" : "终身会员",
	"DescLocalizationID" : "ItemDesc_10801003",
	"Name" : "Jadi member abadi",
	"NameLocalizationID" : "Item_10801003",
	"MainType" : 8,
	"Rarity" : -1,
	"Icon" : "T_Member_Permanent",
	"ShowItemNum" : 0
},
{
	"ID" : 11001001,
	"Desc" : "话费面额50",
	"DescLocalizationID" : "ItemDesc_11001001",
	"Name" : "话费面额50",
	"NameLocalizationID" : "Item_11001001",
	"MainType" : 10,
	"Rarity" : 2,
	"Icon" : "T_Phone_50",
	"ShowItemNum" : 0
},
{
	"ID" : 11001002,
	"Desc" : "话费面额100",
	"DescLocalizationID" : "ItemDesc_11001002",
	"Name" : "话费面额100",
	"NameLocalizationID" : "Item_11001002",
	"MainType" : 10,
	"Rarity" : 3,
	"Icon" : "T_Phone_100",
	"ShowItemNum" : 0
},
{
	"ID" : 11001003,
	"Desc" : "话费面额200",
	"DescLocalizationID" : "ItemDesc_11001003",
	"Name" : "话费面额200",
	"NameLocalizationID" : "Item_11001003",
	"MainType" : 10,
	"Rarity" : 4,
	"Icon" : "T_Phone_200",
	"ShowItemNum" : 0
},
{
	"ID" : 11001004,
	"Desc" : "爱奇艺VIP月卡",
	"DescLocalizationID" : "ItemDesc_11001004",
	"Name" : "爱奇艺VIP月卡",
	"NameLocalizationID" : "Item_11001004",
	"MainType" : 10,
	"Rarity" : 3,
	"Icon" : "T_IQIY_month",
	"ShowItemNum" : 0
},
{
	"ID" : 11001005,
	"Desc" : "爱奇艺VIP季卡",
	"DescLocalizationID" : "ItemDesc_11001005",
	"Name" : "爱奇艺VIP季卡",
	"NameLocalizationID" : "Item_11001005",
	"MainType" : 10,
	"Rarity" : 4,
	"Icon" : "T_IQIY_season",
	"ShowItemNum" : 0
},
{
	"ID" : 11001006,
	"Desc" : "腾讯视频VIP月卡",
	"DescLocalizationID" : "ItemDesc_11001006",
	"Name" : "腾讯视频VIP月卡",
	"NameLocalizationID" : "Item_11001006",
	"MainType" : 10,
	"Rarity" : 3,
	"Icon" : "T_TTVD_month",
	"ShowItemNum" : 0
},
{
	"ID" : 11001007,
	"Desc" : "腾讯视频VIP季卡",
	"DescLocalizationID" : "ItemDesc_11001007",
	"Name" : "腾讯视频VIP季卡",
	"NameLocalizationID" : "Item_11001007",
	"MainType" : 10,
	"Rarity" : 4,
	"Icon" : "T_TTVD_season",
	"ShowItemNum" : 0
},
{
	"ID" : 11001008,
	"Desc" : "优酷VIP月卡",
	"DescLocalizationID" : "ItemDesc_11001008",
	"Name" : "优酷VIP月卡",
	"NameLocalizationID" : "Item_11001008",
	"MainType" : 10,
	"Rarity" : 3,
	"Icon" : "T_YOUK_month",
	"ShowItemNum" : 0
},
{
	"ID" : 11001009,
	"Desc" : "优酷VIP季卡",
	"DescLocalizationID" : "ItemDesc_11001009",
	"Name" : "优酷VIP季卡",
	"NameLocalizationID" : "Item_11001009",
	"MainType" : 10,
	"Rarity" : 4,
	"Icon" : "T_YOUK_season",
	"ShowItemNum" : 0
},
{
	"ID" : 11001010,
	"Desc" : "芒果TV月卡",
	"DescLocalizationID" : "ItemDesc_11001010",
	"Name" : "芒果TV月卡",
	"NameLocalizationID" : "Item_11001010",
	"MainType" : 10,
	"Rarity" : 3,
	"Icon" : "T_MNGO_month",
	"ShowItemNum" : 0
},
{
	"ID" : 11001011,
	"Desc" : "芒果TV季卡",
	"DescLocalizationID" : "ItemDesc_11001011",
	"Name" : "芒果TV季卡",
	"NameLocalizationID" : "Item_11001011",
	"MainType" : 10,
	"Rarity" : 4,
	"Icon" : "T_MNGO_season",
	"ShowItemNum" : 0
},
{
	"ID" : 11001012,
	"Desc" : "京东E卡10元",
	"DescLocalizationID" : "ItemDesc_11001012",
	"Name" : "京东E卡10元",
	"NameLocalizationID" : "Item_11001012",
	"MainType" : 10,
	"Rarity" : 3,
	"Icon" : "T_JD_10",
	"ShowItemNum" : 0
},
{
	"ID" : 11001013,
	"Desc" : "京东E卡100元",
	"DescLocalizationID" : "ItemDesc_11001013",
	"Name" : "京东E卡100元",
	"NameLocalizationID" : "Item_11001013",
	"MainType" : 10,
	"Rarity" : 4,
	"Icon" : "T_JD_100",
	"ShowItemNum" : 0
},
{
	"ID" : 11001014,
	"Desc" : "中石化50元",
	"DescLocalizationID" : "ItemDesc_11001014",
	"Name" : "中石化50元",
	"NameLocalizationID" : "Item_11001014",
	"MainType" : 10,
	"Rarity" : 3,
	"Icon" : "T_SIN_50",
	"ShowItemNum" : 0
},
{
	"ID" : 11001015,
	"Desc" : "中石化100元",
	"DescLocalizationID" : "ItemDesc_11001015",
	"Name" : "中石化100元",
	"NameLocalizationID" : "Item_11001015",
	"MainType" : 10,
	"Rarity" : 4,
	"Icon" : "T_SIN_100",
	"ShowItemNum" : 0
},
{
	"ID" : 11001016,
	"Desc" : "中石油50元",
	"DescLocalizationID" : "ItemDesc_11001016",
	"Name" : "中石油50元",
	"NameLocalizationID" : "Item_11001016",
	"MainType" : 10,
	"Rarity" : 3,
	"Icon" : "T_CNPC_50",
	"ShowItemNum" : 0
},
{
	"ID" : 11001017,
	"Desc" : "中石油100元",
	"DescLocalizationID" : "ItemDesc_11001017",
	"Name" : "中石油100元",
	"NameLocalizationID" : "Item_11001017",
	"MainType" : 10,
	"Rarity" : 4,
	"Icon" : "T_CNPC_100",
	"ShowItemNum" : 0
},
{
	"ID" : 11101000,
	"Desc" : "经验豆",
	"DescLocalizationID" : "ItemDesc_11101000",
	"Name" : "经验豆",
	"NameLocalizationID" : "Item_11101000",
	"MainType" : 101,
	"Misc" : 1,
	"Rarity" : 2,
	"Icon" : "T_Turret_Exp2"
},
{
	"ID" : 11201001,
	"Desc" : "渔夫碎片",
	"DescLocalizationID" : "ItemDesc_11201001",
	"Name" : "渔夫碎片",
	"NameLocalizationID" : "Item_11201001",
	"MainType" : 201,
	"Misc" : 2,
	"Rarity" : 2,
	"Icon" : "T1_icon"
},
{
	"ID" : 11201002,
	"Desc" : "仙童碎片",
	"DescLocalizationID" : "ItemDesc_11201002",
	"Name" : "仙童碎片",
	"NameLocalizationID" : "Item_11201002",
	"MainType" : 201,
	"Misc" : 3,
	"Rarity" : 2,
	"Icon" : "T2_icon"
},
{
	"ID" : 11201003,
	"Desc" : "关羽碎片",
	"DescLocalizationID" : "ItemDesc_11201003",
	"Name" : "关羽碎片",
	"NameLocalizationID" : "Item_11201003",
	"MainType" : 201,
	"Misc" : 4,
	"Rarity" : 4,
	"Icon" : "T7_icon_1"
},
{
	"ID" : 11201004,
	"Desc" : "张飞碎片",
	"DescLocalizationID" : "ItemDesc_11201004",
	"Name" : "张飞碎片",
	"NameLocalizationID" : "Item_11201004",
	"MainType" : 201,
	"Misc" : 5,
	"Rarity" : 4,
	"Icon" : "T8_icon_1"
},
{
	"ID" : 11201005,
	"Desc" : "赵云碎片",
	"DescLocalizationID" : "ItemDesc_11201005",
	"Name" : "赵云碎片",
	"NameLocalizationID" : "Item_11201005",
	"MainType" : 201,
	"Misc" : 6,
	"Rarity" : 4,
	"Icon" : "T9_icon_1"
},
{
	"ID" : 11201006,
	"Desc" : "黄忠碎片",
	"DescLocalizationID" : "ItemDesc_11201006",
	"Name" : "黄忠碎片",
	"NameLocalizationID" : "Item_11201006",
	"MainType" : 201,
	"Misc" : 7,
	"Rarity" : 4,
	"Icon" : "T10_icon_1"
},
{
	"ID" : 11201007,
	"Desc" : "魏延碎片",
	"DescLocalizationID" : "ItemDesc_11201007",
	"Name" : "魏延碎片",
	"NameLocalizationID" : "Item_11201007",
	"MainType" : 201,
	"Misc" : 8,
	"Rarity" : 4,
	"Icon" : "T11_icon_1"
},
{
	"ID" : 11201008,
	"Desc" : "吕布碎片",
	"DescLocalizationID" : "ItemDesc_11201008",
	"Name" : "吕布碎片",
	"NameLocalizationID" : "Item_11201008",
	"MainType" : 201,
	"Misc" : 9,
	"Rarity" : 5,
	"Icon" : "T3_icon_1"
},
{
	"ID" : 11201009,
	"Desc" : "财神碎片",
	"DescLocalizationID" : "ItemDesc_11201009",
	"Name" : "财神碎片",
	"NameLocalizationID" : "Item_11201009",
	"MainType" : 201,
	"Misc" : 10,
	"Rarity" : 5,
	"Icon" : "T12_icon_1"
},
{
	"ID" : 11201010,
	"Desc" : "刘备碎片",
	"DescLocalizationID" : "ItemDesc_11201010",
	"Name" : "刘备碎片",
	"NameLocalizationID" : "Item_11201010",
	"MainType" : 201,
	"Misc" : 11,
	"Rarity" : 6,
	"Icon" : "T4_icon_1"
},
{
	"ID" : 11201011,
	"Desc" : "曹操碎片",
	"DescLocalizationID" : "ItemDesc_11201011",
	"Name" : "曹操碎片",
	"NameLocalizationID" : "Item_11201011",
	"MainType" : 201,
	"Misc" : 12,
	"Rarity" : 6,
	"Icon" : "T5_icon_1"
},
{
	"ID" : 11201012,
	"Desc" : "孙权碎片",
	"DescLocalizationID" : "ItemDesc_11201012",
	"Name" : "孙权碎片",
	"NameLocalizationID" : "Item_11201012",
	"MainType" : 201,
	"Misc" : 13,
	"Rarity" : 6,
	"Icon" : "T6_icon_1"
},
{
	"ID" : 11201013,
	"Desc" : "貂蝉碎片",
	"DescLocalizationID" : "ItemDesc_11201013",
	"Name" : "貂蝉碎片",
	"NameLocalizationID" : "Item_11201013",
	"MainType" : 201,
	"Misc" : 17,
	"Rarity" : 5,
	"Icon" : "T13_icon_1"
},
{
	"ID" : 11201014,
	"Desc" : "甄姬碎片",
	"DescLocalizationID" : "ItemDesc_11201014",
	"Name" : "甄姬碎片",
	"NameLocalizationID" : "Item_11201014",
	"MainType" : 201,
	"Misc" : 18,
	"Rarity" : 5,
	"Icon" : "T14_icon_1"
},
{
	"ID" : 11201015,
	"Desc" : "大乔碎片",
	"DescLocalizationID" : "ItemDesc_11201015",
	"Name" : "大乔碎片",
	"NameLocalizationID" : "Item_11201015",
	"MainType" : 201,
	"Misc" : 19,
	"Rarity" : 5,
	"Icon" : "T15_icon_1"
},
{
	"ID" : 11201016,
	"Desc" : "小乔碎片",
	"DescLocalizationID" : "ItemDesc_11201016",
	"Name" : "小乔碎片",
	"NameLocalizationID" : "Item_11201016",
	"MainType" : 201,
	"Misc" : 20,
	"Rarity" : 5,
	"Icon" : "T16_icon_1"
},
{
	"ID" : 11201017,
	"Desc" : "孙尚香碎片",
	"DescLocalizationID" : "ItemDesc_11201017",
	"Name" : "孙尚香碎片",
	"NameLocalizationID" : "Item_11201017",
	"MainType" : 201,
	"Misc" : 21,
	"Rarity" : 5,
	"Icon" : "T17_icon_1"
},
{
	"ID" : 11202001,
	"Desc" : "紫色万能碎片",
	"DescLocalizationID" : "ItemDesc_11202001",
	"Name" : "万能碎片",
	"NameLocalizationID" : "Item_11202001",
	"MainType" : 22,
	"Misc" : 12101001,
	"Rarity" : 4,
	"Icon" : "T_TurretPart",
	"ItemParam" : 500
},
{
	"ID" : 11202002,
	"Desc" : "刘备的藏宝图",
	"DescLocalizationID" : "ItemDesc_11202002",
	"Name" : "刘备的藏宝图",
	"NameLocalizationID" : "Item_11202002",
	"MainType" : 22,
	"Misc" : 10301018,
	"Rarity" : 4,
	"Icon" : "T_Treasure_Map",
	"ItemParam" : 20
},
{
	"ID" : 11202003,
	"Desc" : "吕布必杀碎片",
	"DescLocalizationID" : "ItemDesc_11202003",
	"Name" : "吕布必杀碎片",
	"NameLocalizationID" : "Item_11202003",
	"MainType" : 22,
	"Misc" : 11401201,
	"Rarity" : 4,
	"Icon" : "T_Slay_lvbu_Part",
	"ItemParam" : 100
},
{
	"ID" : 11202004,
	"Desc" : "曹操必杀碎片",
	"DescLocalizationID" : "ItemDesc_11202004",
	"Name" : "曹操必杀碎片",
	"NameLocalizationID" : "Item_11202004",
	"MainType" : 22,
	"Misc" : 11401202,
	"Rarity" : 4,
	"Icon" : "T_Slay_caocao_Part",
	"ItemParam" : 100
},
{
	"ID" : 11202005,
	"Desc" : "孙权必杀碎片",
	"DescLocalizationID" : "ItemDesc_11202005",
	"Name" : "孙权必杀碎片",
	"NameLocalizationID" : "Item_11202005",
	"MainType" : 22,
	"Misc" : 11401203,
	"Rarity" : 4,
	"Icon" : "T_Slay_sunquan_Part",
	"ItemParam" : 100
},
{
	"ID" : 11202006,
	"Desc" : "貔貅必杀碎片",
	"DescLocalizationID" : "ItemDesc_11202006",
	"Name" : "貔貅必杀碎片",
	"NameLocalizationID" : "Item_11202006",
	"MainType" : 22,
	"Misc" : 11401204,
	"Rarity" : 4,
	"Icon" : "T_Slay_pixiu_Part",
	"ItemParam" : 100
},
{
	"ID" : 11301001,
	"Desc" : "恶魔之翼碎片",
	"DescLocalizationID" : "ItemDesc_11301001",
	"Name" : "恶魔之翼碎片",
	"NameLocalizationID" : "Item_11301001",
	"MainType" : 202,
	"Misc" : 1,
	"Rarity" : 2,
	"Icon" : "S0_icon"
},
{
	"ID" : 11301002,
	"Desc" : "玉追碎片",
	"DescLocalizationID" : "ItemDesc_11301002",
	"Name" : "玉追碎片",
	"NameLocalizationID" : "Item_11301002",
	"MainType" : 202,
	"Misc" : 2,
	"Rarity" : 4,
	"Icon" : "S6_icon"
},
{
	"ID" : 11301003,
	"Desc" : "赤兔碎片",
	"DescLocalizationID" : "ItemDesc_11301003",
	"Name" : "赤兔碎片",
	"NameLocalizationID" : "Item_11301003",
	"MainType" : 202,
	"Misc" : 3,
	"Rarity" : 4,
	"Icon" : "S7_icon"
},
{
	"ID" : 11301004,
	"Desc" : "燎原碎片",
	"DescLocalizationID" : "ItemDesc_11301004",
	"Name" : "燎原碎片",
	"NameLocalizationID" : "Item_11301004",
	"MainType" : 202,
	"Misc" : 4,
	"Rarity" : 4,
	"Icon" : "S8_icon"
},
{
	"ID" : 11301005,
	"Desc" : "乌雅碎片",
	"DescLocalizationID" : "ItemDesc_11301005",
	"Name" : "乌雅碎片",
	"NameLocalizationID" : "Item_11301005",
	"MainType" : 202,
	"Misc" : 5,
	"Rarity" : 4,
	"Icon" : "S9_icon"
},
{
	"ID" : 11301006,
	"Desc" : "玉狮碎片",
	"DescLocalizationID" : "ItemDesc_11301006",
	"Name" : "玉狮碎片",
	"NameLocalizationID" : "Item_11301006",
	"MainType" : 202,
	"Misc" : 6,
	"Rarity" : 4,
	"Icon" : "S10_icon"
},
{
	"ID" : 11301007,
	"Desc" : "黑虎碎片",
	"DescLocalizationID" : "ItemDesc_11301007",
	"Name" : "黑虎碎片",
	"NameLocalizationID" : "Item_11301007",
	"MainType" : 202,
	"Misc" : 7,
	"Rarity" : 5,
	"Icon" : "S1_icon"
},
{
	"ID" : 11301008,
	"Desc" : "幻赤碎片",
	"DescLocalizationID" : "ItemDesc_11301008",
	"Name" : "幻赤碎片",
	"NameLocalizationID" : "Item_11301008",
	"MainType" : 202,
	"Misc" : 8,
	"Rarity" : 5,
	"Icon" : "S2_icon"
},
{
	"ID" : 11301009,
	"Desc" : "玉龙碎片",
	"DescLocalizationID" : "ItemDesc_11301009",
	"Name" : "玉龙碎片",
	"NameLocalizationID" : "Item_11301009",
	"MainType" : 202,
	"Misc" : 9,
	"Rarity" : 6,
	"Icon" : "S5_icon"
},
{
	"ID" : 11301010,
	"Desc" : "绝影碎片",
	"DescLocalizationID" : "ItemDesc_11301010",
	"Name" : "绝影碎片",
	"NameLocalizationID" : "Item_11301010",
	"MainType" : 202,
	"Misc" : 10,
	"Rarity" : 6,
	"Icon" : "S4_icon"
},
{
	"ID" : 11301011,
	"Desc" : "的卢碎片",
	"DescLocalizationID" : "ItemDesc_11301011",
	"Name" : "的卢碎片",
	"NameLocalizationID" : "Item_11301011",
	"MainType" : 202,
	"Misc" : 11,
	"Rarity" : 6,
	"Icon" : "S3_icon"
},
{
	"ID" : 11301012,
	"Desc" : "添香碎片",
	"DescLocalizationID" : "ItemDesc_11301012",
	"Name" : "添香碎片",
	"NameLocalizationID" : "Item_11301012",
	"MainType" : 202,
	"Misc" : 12,
	"Rarity" : 5,
	"Icon" : "S13_icon"
},
{
	"ID" : 11301013,
	"Desc" : "天使之翼碎片",
	"DescLocalizationID" : "ItemDesc_11301013",
	"Name" : "天使之翼碎片",
	"NameLocalizationID" : "Item_11301013",
	"MainType" : 202,
	"Misc" : 13,
	"Rarity" : 2,
	"Icon" : "S11_icon"
},
{
	"ID" : 11301014,
	"Desc" : "洛神碎片",
	"DescLocalizationID" : "ItemDesc_11301014",
	"Name" : "洛神碎片",
	"NameLocalizationID" : "Item_11301014",
	"MainType" : 202,
	"Misc" : 14,
	"Rarity" : 5,
	"Icon" : "S14_icon"
},
{
	"ID" : 11301015,
	"Desc" : "国色碎片",
	"DescLocalizationID" : "ItemDesc_11301015",
	"Name" : "国色碎片",
	"NameLocalizationID" : "Item_11301015",
	"MainType" : 202,
	"Misc" : 15,
	"Rarity" : 5,
	"Icon" : "S15_icon"
},
{
	"ID" : 11301016,
	"Desc" : "红颜碎片",
	"DescLocalizationID" : "ItemDesc_11301016",
	"Name" : "红颜碎片",
	"NameLocalizationID" : "Item_11301016",
	"MainType" : 202,
	"Misc" : 16,
	"Rarity" : 5,
	"Icon" : "S16_icon"
},
{
	"ID" : 11301017,
	"Desc" : "枭姬碎片",
	"DescLocalizationID" : "ItemDesc_11301017",
	"Name" : "枭姬碎片",
	"NameLocalizationID" : "Item_11301017",
	"MainType" : 202,
	"Misc" : 17,
	"Rarity" : 5,
	"Icon" : "S17_icon"
},
{
	"ID" : 11302001,
	"Desc" : "雪球子弹",
	"DescLocalizationID" : "ItemDesc_11302001",
	"Name" : "雪球子弹",
	"NameLocalizationID" : "Item_11302001",
	"MainType" : 29,
	"Misc" : 151,
	"Rarity" : 5,
	"Icon" : "T_Bullet_Snow",
	"SelectLootID" : "152,153,154,155,156,157,158"
},
{
	"ID" : 11302002,
	"Desc" : "圣诞糖果",
	"DescLocalizationID" : "ItemDesc_11302002",
	"Name" : "圣诞糖果",
	"NameLocalizationID" : "Item_11302002",
	"MainType" : 29,
	"Misc" : 201,
	"Rarity" : 5,
	"Icon" : "T_Bullet_Candy",
	"SelectLootID" : "202,203,204,205,206,207,208"
},
{
	"ID" : 11302003,
	"Desc" : "鞭炮子弹",
	"DescLocalizationID" : "ItemDesc_11302003",
	"Name" : "鞭炮子弹",
	"NameLocalizationID" : "Item_11302003",
	"MainType" : 29,
	"Misc" : 251,
	"Rarity" : 5,
	"Icon" : "T_Bullet_Firecracker",
	"SelectLootID" : "252,253,254,255,256,257,258"
},
{
	"ID" : 11302004,
	"Desc" : "红包子弹",
	"DescLocalizationID" : "ItemDesc_11302004",
	"Name" : "红包子弹",
	"NameLocalizationID" : "Item_11302004",
	"MainType" : 29,
	"Misc" : 301,
	"Rarity" : 5,
	"Icon" : "T_Bullet_RedEnvelope",
	"SelectLootID" : "302,303,304,305,306,307,308"
},
{
	"ID" : 11303001,
	"Desc" : "超级武器默认皮肤",
	"DescLocalizationID" : "ItemDesc_11303001",
	"Name" : "超级武器默认皮肤",
	"NameLocalizationID" : "Item_11303001",
	"MainType" : 31,
	"Rarity" : 5,
	"Icon" : "T_SW_Skin0",
	"ItemCommonParam" : "10703,10705,10704"
},
{
	"ID" : 11303002,
	"Desc" : "超级武器皮肤-火柱",
	"DescLocalizationID" : "ItemDesc_11303002",
	"Name" : "超级武器皮肤-火柱",
	"NameLocalizationID" : "Item_11303002",
	"MainType" : 31,
	"Rarity" : 5,
	"Icon" : "T_SW_Skin1",
	"ItemCommonParam" : "10713,10715,10714"
},
{
	"ID" : 11401001,
	"Desc" : "锁定技能",
	"DescLocalizationID" : "ItemDesc_11401001",
	"Name" : "锁定技能",
	"NameLocalizationID" : "Item_11401001",
	"MainType" : 102,
	"Misc" : 1,
	"Rarity" : 3,
	"Icon" : "T_Lock"
},
{
	"ID" : 11401002,
	"Desc" : "冰冻技能",
	"DescLocalizationID" : "ItemDesc_11401002",
	"Name" : "冰冻技能",
	"NameLocalizationID" : "Item_11401002",
	"MainType" : 102,
	"Misc" : 2,
	"Rarity" : 3,
	"Icon" : "T_Frozen"
},
{
	"ID" : 11401003,
	"Desc" : "急速技能",
	"DescLocalizationID" : "ItemDesc_11401003",
	"Name" : "急速技能",
	"NameLocalizationID" : "Item_11401003",
	"MainType" : 102,
	"Misc" : 3,
	"Rarity" : 3,
	"Icon" : "T_Rapidly"
},
{
	"ID" : 11401004,
	"Desc" : "刘备技能",
	"DescLocalizationID" : "ItemDesc_11401004",
	"Name" : "刘备技能",
	"NameLocalizationID" : "Item_11401004",
	"MainType" : 102,
	"Misc" : 205,
	"Rarity" : 3,
	"Icon" : "T_Coupon"
},
{
	"ID" : 11401005,
	"Desc" : "张飞技能",
	"DescLocalizationID" : "ItemDesc_11401005",
	"Name" : "张飞技能",
	"NameLocalizationID" : "Item_11401005",
	"MainType" : 102,
	"Misc" : 206,
	"Rarity" : 3,
	"Icon" : "T_Coupon"
},
{
	"ID" : 11401006,
	"Desc" : "关羽技能",
	"DescLocalizationID" : "ItemDesc_11401006",
	"Name" : "关羽技能",
	"NameLocalizationID" : "Item_11401006",
	"MainType" : 102,
	"Misc" : 207,
	"Rarity" : 3,
	"Icon" : "T_Coupon"
},
{
	"ID" : 11401007,
	"Desc" : "狂暴技能",
	"DescLocalizationID" : "ItemDesc_11401007",
	"Name" : "狂暴技能",
	"NameLocalizationID" : "Item_11401007",
	"MainType" : 102,
	"Misc" : 4,
	"Rarity" : 3,
	"Icon" : "T_Crazy"
},
{
	"ID" : 11401008,
	"Desc" : "召唤号角",
	"DescLocalizationID" : "ItemDesc_11401008",
	"Name" : "召唤号角",
	"NameLocalizationID" : "Item_11401008",
	"MainType" : 102,
	"Misc" : 5,
	"Rarity" : 4,
	"Icon" : "T_Summon3"
},
{
	"ID" : 11401009,
	"Desc" : "超级武器",
	"DescLocalizationID" : "ItemDesc_11401009",
	"Name" : "超级武器",
	"NameLocalizationID" : "Item_11401009",
	"MainType" : 102,
	"Misc" : 6,
	"Rarity" : 4,
	"Icon" : "T_Super_Weapon"
},
{
	"ID" : 11401101,
	"Desc" : "超级武器试用-默认",
	"DescLocalizationID" : "ItemDesc_11401101",
	"Name" : "超级武器试用-默认",
	"NameLocalizationID" : "Item_11401101",
	"MainType" : 102,
	"Misc" : 1001,
	"Rarity" : 4,
	"Icon" : "T_Super_Weapon_Sample1"
},
{
	"ID" : 11401102,
	"Desc" : "超级武器试用-火柱",
	"DescLocalizationID" : "ItemDesc_11401102",
	"Name" : "超级武器试用-火柱",
	"NameLocalizationID" : "Item_11401102",
	"MainType" : 102,
	"Misc" : 1011,
	"Rarity" : 4,
	"Icon" : "T_Super_Weapon_Sample2"
},
{
	"ID" : 11401201,
	"Desc" : "吕布必杀",
	"DescLocalizationID" : "ItemDesc_11401201",
	"Name" : "吕布必杀",
	"NameLocalizationID" : "Item_11401201",
	"MainType" : 102,
	"Misc" : 2001,
	"Rarity" : 4,
	"Icon" : "T_Slay_lvbu",
	"ItemCommonParam2" : "slay_lvbu_328"
},
{
	"ID" : 11401202,
	"Desc" : "曹操必杀",
	"DescLocalizationID" : "ItemDesc_11401202",
	"Name" : "曹操必杀",
	"NameLocalizationID" : "Item_11401202",
	"MainType" : 102,
	"Misc" : 2002,
	"Rarity" : 4,
	"Icon" : "T_Slay_caocao",
	"ItemCommonParam2" : "slay_caocao_198"
},
{
	"ID" : 11401203,
	"Desc" : "孙权必杀",
	"DescLocalizationID" : "ItemDesc_11401203",
	"Name" : "孙权必杀",
	"NameLocalizationID" : "Item_11401203",
	"MainType" : 102,
	"Misc" : 2003,
	"Rarity" : 4,
	"Icon" : "T_Slay_sunquan",
	"ItemCommonParam2" : "slay_sunq_38"
},
{
	"ID" : 11401204,
	"Desc" : "貔貅必杀",
	"DescLocalizationID" : "ItemDesc_11401204",
	"Name" : "貔貅必杀",
	"NameLocalizationID" : "Item_11401204",
	"MainType" : 102,
	"Misc" : 2004,
	"Rarity" : 4,
	"Icon" : "T_Slay_pixiu",
	"ItemCommonParam2" : "slay_pixiu_58"
},
{
	"ID" : 11501000,
	"Desc" : "升星石",
	"DescLocalizationID" : "ItemDesc_11501000",
	"Name" : "升星石",
	"NameLocalizationID" : "Item_11501000",
	"MainType" : 103,
	"Misc" : 1,
	"Rarity" : 3,
	"Icon" : "T_Hero_Star"
},
{
	"ID" : 11501041,
	"Desc" : "闪耀石",
	"DescLocalizationID" : "ItemDesc_11501041",
	"Name" : "闪耀石",
	"NameLocalizationID" : "Item_11501041",
	"MainType" : 105,
	"Rarity" : 4,
	"Icon" : "T_Hero_Shine"
},
{
	"ID" : 11601001,
	"Desc" : "羽之精粹",
	"DescLocalizationID" : "ItemDesc_11601001",
	"Name" : "羽之精粹",
	"NameLocalizationID" : "Item_11601001",
	"MainType" : 104,
	"Rarity" : 4,
	"Icon" : "T_Swing_Phase"
},
{
	"ID" : 11601002,
	"Desc" : "倍率重置卡",
	"DescLocalizationID" : "ItemDesc_11601002",
	"Name" : "倍率重置卡",
	"NameLocalizationID" : "Item_11601002",
	"MainType" : 18,
	"Rarity" : 6,
	"Icon" : "T_SlotReset"
},
{
	"ID" : 11601003,
	"Desc" : "赏金令牌",
	"DescLocalizationID" : "ItemDesc_11601003",
	"Name" : "围猎凭证",
	"NameLocalizationID" : "Item_11601003",
	"MainType" : 19,
	"Rarity" : 5,
	"Icon" : "T_HuntingNotes"
},
{
	"ID" : 11601004,
	"Desc" : "英雄之魂",
	"DescLocalizationID" : "ItemDesc_11601004",
	"Name" : "英雄之魂",
	"NameLocalizationID" : "Item_11601004",
	"MainType" : 106,
	"Rarity" : 4,
	"Icon" : "T_Hero_Spirit"
},
{
	"ID" : 11601005,
	"Desc" : "吕布之魂",
	"DescLocalizationID" : "ItemDesc_11601005",
	"Name" : "吕布之魂",
	"NameLocalizationID" : "Item_11601005",
	"MainType" : 107,
	"Rarity" : 5,
	"Icon" : "T_Lvbu_Spirit"
},
{
	"ID" : 11601006,
	"Desc" : "爱慕之心",
	"DescLocalizationID" : "ItemDesc_11601006",
	"Name" : "爱慕之心",
	"NameLocalizationID" : "Item_11601006",
	"MainType" : 1000,
	"Rarity" : 6,
	"Icon" : "T_Love_Spirit"
},
{
	"ID" : 11601007,
	"Desc" : "合金外壳",
	"DescLocalizationID" : "ItemDesc_11601007",
	"Name" : "合金外壳",
	"NameLocalizationID" : "Item_11601007",
	"MainType" : 1000,
	"Rarity" : 4,
	"Icon" : "T_Nuclear_Skin"
},
{
	"ID" : 11601008,
	"Desc" : "方铁大锤",
	"DescLocalizationID" : "ItemDesc_11601008",
	"Name" : "方铁大锤",
	"NameLocalizationID" : "Item_11601008",
	"MainType" : 1000,
	"Rarity" : 4,
	"Icon" : "T_HuntMenghuo_chuizi"
},
{
	"ID" : 11601101,
	"Desc" : "5分钟加速卡",
	"DescLocalizationID" : "ItemDesc_11601101",
	"Name" : "5分钟加速卡",
	"NameLocalizationID" : "Item_11601101",
	"MainType" : 24,
	"Misc" : 300,
	"Rarity" : 2,
	"Icon" : "T_Acc_1"
},
{
	"ID" : 11601102,
	"Desc" : "30分钟加速卡",
	"DescLocalizationID" : "ItemDesc_11601102",
	"Name" : "30分钟加速卡",
	"NameLocalizationID" : "Item_11601102",
	"MainType" : 24,
	"Misc" : 1800,
	"Rarity" : 3,
	"Icon" : "T_Acc_2"
},
{
	"ID" : 11601103,
	"Desc" : "1小时加速卡",
	"DescLocalizationID" : "ItemDesc_11601103",
	"Name" : "1小时加速卡",
	"NameLocalizationID" : "Item_11601103",
	"MainType" : 24,
	"Misc" : 3600,
	"Rarity" : 4,
	"Icon" : "T_Acc_3"
},
{
	"ID" : 11601104,
	"Desc" : "3小时加速卡",
	"DescLocalizationID" : "ItemDesc_11601104",
	"Name" : "3小时加速卡",
	"NameLocalizationID" : "Item_11601104",
	"MainType" : 24,
	"Misc" : 10800,
	"Rarity" : 5,
	"Icon" : "T_Acc_4"
},
{
	"ID" : 11601105,
	"Desc" : "8小时加速卡",
	"DescLocalizationID" : "ItemDesc_11601105",
	"Name" : "8小时加速卡",
	"NameLocalizationID" : "Item_11601105",
	"MainType" : 24,
	"Misc" : 28800,
	"Rarity" : 6,
	"Icon" : "T_Acc_5"
},
{
	"ID" : 11701001,
	"Desc" : "初级升阶法宝",
	"DescLocalizationID" : "ItemDesc_11701001",
	"Name" : "初级升阶法宝",
	"NameLocalizationID" : "Item_11701001",
	"MainType" : 11,
	"Misc" : 5,
	"Rarity" : 3,
	"Icon" : "T_Talisman1"
},
{
	"ID" : 11701002,
	"Desc" : "中级升阶法宝",
	"DescLocalizationID" : "ItemDesc_11701002",
	"Name" : "中级升阶法宝",
	"NameLocalizationID" : "Item_11701002",
	"MainType" : 11,
	"Misc" : 10,
	"Rarity" : 4,
	"Icon" : "T_Talisman2"
},
{
	"ID" : 11701003,
	"Desc" : "高级升阶法宝",
	"DescLocalizationID" : "ItemDesc_11701003",
	"Name" : "高级升阶法宝",
	"NameLocalizationID" : "Item_11701003",
	"MainType" : 11,
	"Misc" : 50,
	"Rarity" : 5,
	"Icon" : "T_Talisman3"
},
{
	"ID" : 11701004,
	"Desc" : "神秘的升阶法宝",
	"DescLocalizationID" : "ItemDesc_11701004",
	"Name" : "神秘的升阶法宝",
	"NameLocalizationID" : "Item_11701004",
	"MainType" : 11,
	"Misc" : 100,
	"Rarity" : 6,
	"Icon" : "T_Talisman4"
},
{
	"ID" : 11801001,
	"Desc" : "普通召唤号角",
	"DescLocalizationID" : "ItemDesc_11801001",
	"Name" : "普通召唤号角",
	"NameLocalizationID" : "Item_11801001",
	"MainType" : 12,
	"Rarity" : 3,
	"Icon" : "T_Summon3"
},
{
	"ID" : 11801002,
	"Desc" : "精致召唤号角",
	"DescLocalizationID" : "ItemDesc_11801002",
	"Name" : "精致召唤号角",
	"NameLocalizationID" : "Item_11801002",
	"MainType" : 12,
	"Rarity" : 4,
	"Icon" : "T_Summon3"
},
{
	"ID" : 11801003,
	"Desc" : "至尊召唤号角",
	"DescLocalizationID" : "ItemDesc_11801003",
	"Name" : "至尊召唤号角",
	"NameLocalizationID" : "Item_11801003",
	"MainType" : 12,
	"Rarity" : 5,
	"Icon" : "T_Summon3"
},
{
	"ID" : 10101060,
	"Desc" : "兑换券，用于实物兑换",
	"DescLocalizationID" : "ItemDesc_10101060",
	"Name" : "兑换券，用于实物兑换",
	"NameLocalizationID" : "Item_10101060",
	"MainType" : 13,
	"Rarity" : 5,
	"Icon" : "T_Coupon"
},
{
	"ID" : 10101061,
	"Desc" : "勇士勋章",
	"DescLocalizationID" : "ItemDesc_10101061",
	"Name" : "参与竞技场排名后授予的勇士勋章，奖励那些敢于排名的勇士。",
	"NameLocalizationID" : "Item_10101061",
	"MainType" : 1000,
	"Rarity" : 5,
	"Icon" : "T_Warrior"
},
{
	"ID" : 10101062,
	"Desc" : "挑战者之证",
	"DescLocalizationID" : "ItemDesc_10101062",
	"Name" : "参与挑战鱼潮后的奖励，鱼潮不止，挑战不断！",
	"NameLocalizationID" : "Item_10101062",
	"MainType" : 1000,
	"Rarity" : 5,
	"Icon" : "T_Challenger"
},
{
	"ID" : 10101063,
	"Desc" : "时光钥匙",
	"DescLocalizationID" : "ItemDesc_10101063",
	"Name" : "能够进入休闲场挑战关卡的神奇钥匙，让你拥有快乐的时光",
	"NameLocalizationID" : "Item_10101063",
	"MainType" : 14,
	"Misc" : 1,
	"Rarity" : 5,
	"Icon" : "T_Energy_Key",
	"CanBeUsed" : 1,
	"ItemUseParam" : "1"
},
{
	"ID" : 10101064,
	"Desc" : "话费券，用于兑换话费",
	"DescLocalizationID" : "ItemDesc_10101064",
	"Name" : "兑换券，用于实物兑换",
	"NameLocalizationID" : "Item_10101064",
	"MainType" : 16,
	"Misc" : 500,
	"Rarity" : 5,
	"Icon" : "T_PhoneVoucher",
	"CanBeUsed" : 1,
	"ItemUseParam" : "2,1"
},
{
	"ID" : 10101065,
	"Desc" : "核弹碎片，用于兑换核弹",
	"DescLocalizationID" : "ItemDesc_10101065",
	"Name" : "兑换券，用于实物兑换",
	"NameLocalizationID" : "Item_10101065",
	"MainType" : 1000,
	"Rarity" : 5,
	"Icon" : "T_NuclearParts"
},
{
	"ID" : 10101066,
	"Desc" : "奶黄流心月饼",
	"DescLocalizationID" : "ItemDesc_10101066",
	"Name" : "2021中秋掉落",
	"NameLocalizationID" : "Item_10101066",
	"MainType" : 1000,
	"Rarity" : 3,
	"Icon" : "T_Coupon"
},
{
	"ID" : 10101067,
	"Desc" : "国庆纪念币",
	"DescLocalizationID" : "ItemDesc_10101067",
	"Name" : "国庆纪念币",
	"NameLocalizationID" : "Item_10101067",
	"MainType" : 1000,
	"Rarity" : 3,
	"Icon" : "T_HappyCoin"
},
{
	"ID" : 10101079,
	"Desc" : "圣诞铃铛",
	"DescLocalizationID" : "ItemDesc_10101079",
	"Name" : "圣诞铃铛",
	"NameLocalizationID" : "Item_10101079",
	"MainType" : 1000,
	"Rarity" : 3,
	"Icon" : "T_Sant_Bell"
},
{
	"ID" : 10101080,
	"Desc" : "宝藏卷轴",
	"DescLocalizationID" : "ItemDesc_10101080",
	"Name" : "宝藏卷轴",
	"NameLocalizationID" : "Item_10101080",
	"MainType" : 1000,
	"Rarity" : 3,
	"Icon" : "T_Treasure_Hunt",
	"ItemUseParam" : "2,3"
},
{
	"ID" : 10101081,
	"Desc" : "福袋",
	"DescLocalizationID" : "ItemDesc_10101081",
	"Name" : "福袋",
	"NameLocalizationID" : "Item_10101081",
	"MainType" : 1000,
	"Rarity" : 3,
	"Icon" : "T_Coupon",
	"ItemUseParam" : "2,2"
},
{
	"ID" : 10101082,
	"Desc" : "英雄帖",
	"DescLocalizationID" : "ItemDesc_10101082",
	"Name" : "英雄帖",
	"NameLocalizationID" : "Item_10101082",
	"MainType" : 1000,
	"Rarity" : 4,
	"Icon" : "T_Hero_Draw",
	"ItemUseParam" : "2,5"
},
{
	"ID" : 10101083,
	"Desc" : "南部粽",
	"DescLocalizationID" : "ItemDesc_10101083",
	"Name" : "南部粽",
	"NameLocalizationID" : "Item_10101083",
	"MainType" : 3,
	"LotteryID" : 131,
	"Rarity" : 4,
	"Icon" : "T_Coupon",
	"CanBeUsed" : 1,
	"ItemUseParam" : "1"
},
{
	"ID" : 10101084,
	"Desc" : "北部粽",
	"DescLocalizationID" : "ItemDesc_10101084",
	"Name" : "北部粽",
	"NameLocalizationID" : "Item_10101084",
	"MainType" : 3,
	"LotteryID" : 131,
	"Rarity" : 4,
	"Icon" : "T_Coupon",
	"CanBeUsed" : 1,
	"ItemUseParam" : "1"
},
{
	"ID" : 10101068,
	"Desc" : "卡牌抽卡",
	"DescLocalizationID" : "ItemDesc_10101068",
	"Name" : "核弹活动的卡牌点数",
	"NameLocalizationID" : "Item_10101068",
	"MainType" : 23,
	"Rarity" : 5,
	"Icon" : "T_CardDraw"
},
{
	"ID" : 10101069,
	"Desc" : "青铜令（旧）",
	"DescLocalizationID" : "ItemDesc_10101069",
	"Name" : "增加英雄之魂掉落",
	"NameLocalizationID" : "Item_10101069",
	"MainType" : 25,
	"Misc" : 4,
	"Rarity" : 5,
	"Icon" : "T_Bronze_Card"
},
{
	"ID" : 10101070,
	"Desc" : "白银令（旧）",
	"DescLocalizationID" : "ItemDesc_10101070",
	"Name" : "增加吕布之魂掉落",
	"NameLocalizationID" : "Item_10101070",
	"MainType" : 25,
	"Misc" : 5,
	"Rarity" : 5,
	"Icon" : "T_Silver_Card"
},
{
	"ID" : 10101071,
	"Desc" : "黄金令（旧）",
	"DescLocalizationID" : "ItemDesc_10101071",
	"Name" : "同时增加英雄之魂和吕布之魂",
	"NameLocalizationID" : "Item_10101071",
	"MainType" : 25,
	"Misc" : 6,
	"Rarity" : 5,
	"Icon" : "T_Golden_Card"
},
{
	"ID" : 10101072,
	"Desc" : "青铜令",
	"DescLocalizationID" : "ItemDesc_10101072",
	"Name" : "增加英雄之魂掉落",
	"NameLocalizationID" : "Item_10101072",
	"MainType" : 25,
	"Misc" : 7,
	"Rarity" : 5,
	"Icon" : "T_Bronze_Card"
},
{
	"ID" : 10101073,
	"Desc" : "白银令",
	"DescLocalizationID" : "ItemDesc_10101073",
	"Name" : "增加吕布之魂掉落",
	"NameLocalizationID" : "Item_10101073",
	"MainType" : 25,
	"Misc" : 8,
	"Rarity" : 5,
	"Icon" : "T_Silver_Card"
},
{
	"ID" : 10101074,
	"Desc" : "黄金令",
	"DescLocalizationID" : "ItemDesc_10101074",
	"Name" : "同时增加英雄之魂和吕布之魂",
	"NameLocalizationID" : "Item_10101074",
	"MainType" : 25,
	"Misc" : 9,
	"Rarity" : 5,
	"Icon" : "T_Golden_Card"
},
{
	"ID" : 10101075,
	"Desc" : "三国卡牌",
	"DescLocalizationID" : "ItemDesc_10101075",
	"Name" : "106场的卡牌点数",
	"NameLocalizationID" : "Item_10101075",
	"MainType" : 26,
	"Rarity" : 5,
	"Icon" : "T_Coupon"
},
{
	"ID" : 10101076,
	"Desc" : "直升1000万炮倍",
	"DescLocalizationID" : "ItemDesc_10101076",
	"Name" : "直升1000万炮倍",
	"NameLocalizationID" : "Item_10101076",
	"MainType" : 27,
	"Misc" : 1,
	"Rarity" : 5,
	"Icon" : "T_Turret_Skip1000",
	"ItemParam" : 25
},
{
	"ID" : 10101077,
	"Desc" : "直升2000万炮倍",
	"DescLocalizationID" : "ItemDesc_10101077",
	"Name" : "直升2000万炮倍",
	"NameLocalizationID" : "Item_10101077",
	"MainType" : 27,
	"Misc" : 1,
	"Rarity" : 5,
	"Icon" : "T_Turret_Skip2000",
	"ItemParam" : 45
},
{
	"ID" : 10101078,
	"Desc" : "成长基金",
	"DescLocalizationID" : "ItemDesc_10101078",
	"Name" : "直升2000万炮倍",
	"NameLocalizationID" : "Item_10101078",
	"MainType" : 28,
	"Misc" : 1,
	"Rarity" : 5,
	"Icon" : "T_lobby_icon_fund",
	"ItemParam" : 45
},
{
	"ID" : 10102001,
	"Desc" : "解锁超级武器工坊",
	"DescLocalizationID" : "ItemDesc_10102001",
	"Name" : "解锁超级武器工坊",
	"NameLocalizationID" : "Item_10102001",
	"MainType" : 30,
	"Misc" : 5,
	"Rarity" : 5,
	"Icon" : "T_Unlock_Super_Weapon",
	"ItemParam" : 45
},
{
	"ID" : 11901001,
	"Desc" : "微量核弹",
	"DescLocalizationID" : "ItemDesc_11901001",
	"Name" : "最高可炸500万",
	"NameLocalizationID" : "Item_11901001",
	"MainType" : 15,
	"Misc" : 215,
	"Rarity" : 3,
	"Icon" : "T_nuclear_1",
	"ItemParam" : 1000000
},
{
	"ID" : 11901002,
	"Desc" : "轻量核弹",
	"DescLocalizationID" : "ItemDesc_11901002",
	"Name" : "最高可炸2500万",
	"NameLocalizationID" : "Item_11901002",
	"MainType" : 15,
	"Misc" : 216,
	"Rarity" : 4,
	"Icon" : "T_nuclear_2",
	"ItemParam" : 5000000
},
{
	"ID" : 11901003,
	"Desc" : "巨型核弹",
	"DescLocalizationID" : "ItemDesc_11901003",
	"Name" : "最高可炸10000万",
	"NameLocalizationID" : "Item_11901003",
	"MainType" : 15,
	"Misc" : 217,
	"Rarity" : 5,
	"Icon" : "T_nuclear_3",
	"ItemParam" : 20000000
},
{
	"ID" : 11901004,
	"Desc" : "“盘古”核弹",
	"DescLocalizationID" : "ItemDesc_11901004",
	"Name" : "最高可炸50000万",
	"NameLocalizationID" : "Item_11901004",
	"MainType" : 15,
	"Misc" : 218,
	"Rarity" : 6,
	"Icon" : "T_nuclear_4",
	"ItemParam" : 100000000
},
{
	"ID" : 11901005,
	"Desc" : "“小男孩”核弹",
	"DescLocalizationID" : "ItemDesc_11901005",
	"Name" : "最高可炸300万",
	"NameLocalizationID" : "Item_11901005",
	"MainType" : 15,
	"Misc" : 219,
	"Rarity" : 4,
	"Icon" : "T_nuclear_5"
},
{
	"ID" : 11901006,
	"Desc" : "新手核弹",
	"DescLocalizationID" : "ItemDesc_11901006",
	"Name" : "最高可炸10万",
	"NameLocalizationID" : "Item_11901006",
	"MainType" : 15,
	"Misc" : 220,
	"Rarity" : 2,
	"Icon" : "T_nuclear_1"
},
{
	"ID" : 12001001,
	"Desc" : "恶魔之翼",
	"DescLocalizationID" : "ItemDesc_12001001",
	"Name" : "恶魔之翼",
	"NameLocalizationID" : "Item_12001001",
	"MainType" : 0,
	"Misc" : 1,
	"Rarity" : 2,
	"Icon" : "S0_icon"
},
{
	"ID" : 12001002,
	"Desc" : "渔夫",
	"DescLocalizationID" : "ItemDesc_12001002",
	"Name" : "渔夫",
	"NameLocalizationID" : "Item_12001002",
	"MainType" : 0,
	"Misc" : 2,
	"Rarity" : 2,
	"Icon" : "T1_icon"
},
{
	"ID" : 12001003,
	"Desc" : "VIP经验的图标",
	"DescLocalizationID" : "ItemDesc_12001003",
	"Name" : "VIP经验",
	"NameLocalizationID" : "Item_12001003",
	"MainType" : 1000,
	"Rarity" : 5,
	"Icon" : "T_Turret_vipExp"
},
{
	"ID" : 12001004,
	"Desc" : "关羽碎片",
	"DescLocalizationID" : "ItemDesc_11201003",
	"Name" : "关羽碎片",
	"NameLocalizationID" : "Item_11201003",
	"MainType" : 0,
	"Misc" : 4,
	"Rarity" : 4,
	"Icon" : "T7_icon_1"
},
{
	"ID" : 12001005,
	"Desc" : "自动开炮",
	"DescLocalizationID" : "ItemDesc_12001005",
	"Name" : "自动开炮",
	"NameLocalizationID" : "Item_12001005",
	"MainType" : 1000,
	"Rarity" : 3,
	"Icon" : "T_Auto",
	"ShowItemNum" : 0
},
{
	"ID" : 12001006,
	"Desc" : "V6宝箱",
	"DescLocalizationID" : "ItemDesc_12001006",
	"Name" : "V6宝箱",
	"NameLocalizationID" : "Item_12001006",
	"MainType" : 1000,
	"Rarity" : 3,
	"Icon" : "T_Treasure_Box6"
},
{
	"ID" : 12001007,
	"Desc" : "V7宝箱",
	"DescLocalizationID" : "ItemDesc_12001007",
	"Name" : "V7宝箱",
	"NameLocalizationID" : "Item_12001007",
	"MainType" : 1000,
	"Rarity" : 3,
	"Icon" : "T_Treasure_Box6"
},
{
	"ID" : 12001008,
	"Desc" : "V8宝箱",
	"DescLocalizationID" : "ItemDesc_12001008",
	"Name" : "V8宝箱",
	"NameLocalizationID" : "Item_12001008",
	"MainType" : 1000,
	"Rarity" : 3,
	"Icon" : "T_Treasure_Box6"
},
{
	"ID" : 12001009,
	"Desc" : "V9宝箱",
	"DescLocalizationID" : "ItemDesc_12001009",
	"Name" : "V9宝箱",
	"NameLocalizationID" : "Item_12001009",
	"MainType" : 1000,
	"Rarity" : 3,
	"Icon" : "T_Treasure_Box7"
},
{
	"ID" : 12001010,
	"Desc" : "V10宝箱",
	"DescLocalizationID" : "ItemDesc_12001010",
	"Name" : "V10宝箱",
	"NameLocalizationID" : "Item_12001010",
	"MainType" : 1000,
	"Rarity" : 3,
	"Icon" : "T_Treasure_Box7"
},
{
	"ID" : 12001011,
	"Desc" : "V11宝箱",
	"DescLocalizationID" : "ItemDesc_12001011",
	"Name" : "V11宝箱",
	"NameLocalizationID" : "Item_12001011",
	"MainType" : 1000,
	"Rarity" : 3,
	"Icon" : "T_Treasure_Box8"
},
{
	"ID" : 12001012,
	"Desc" : "V12宝箱",
	"DescLocalizationID" : "ItemDesc_12001012",
	"Name" : "V12宝箱",
	"NameLocalizationID" : "Item_12001012",
	"MainType" : 1000,
	"Rarity" : 3,
	"Icon" : "T_Treasure_Box8"
},
{
	"ID" : 12001013,
	"Desc" : "青铜令",
	"DescLocalizationID" : "ItemDesc_12001013",
	"Name" : "增加英雄之魂掉落",
	"NameLocalizationID" : "Item_12001013",
	"MainType" : 0,
	"Misc" : 7200,
	"Rarity" : 5,
	"Icon" : "T_Bronze_Card"
},
{
	"ID" : 12001014,
	"Desc" : "白银令",
	"DescLocalizationID" : "ItemDesc_12001014",
	"Name" : "增加吕布之魂掉落",
	"NameLocalizationID" : "Item_12001014",
	"MainType" : 0,
	"Misc" : 7200,
	"Rarity" : 5,
	"Icon" : "T_Silver_Card"
},
{
	"ID" : 12001015,
	"Desc" : "黄金令",
	"DescLocalizationID" : "ItemDesc_12001015",
	"Name" : "同时增加英雄之魂和吕布之魂",
	"NameLocalizationID" : "Item_12001015",
	"MainType" : 0,
	"Misc" : 3600,
	"Rarity" : 5,
	"Icon" : "T_Golden_Card"
},
{
	"ID" : 12101001,
	"Desc" : "契约英雄自选宝箱",
	"DescLocalizationID" : "ItemDesc_12101001",
	"Name" : "契约英雄自选宝箱",
	"NameLocalizationID" : "Item_12101001",
	"MainType" : 17,
	"Rarity" : 4,
	"Icon" : "T_TurretCustom1",
	"CanBeUsed" : 1,
	"SelectLootID" : "10170003,10170004,10170005,10170006,10170007",
	"ItemUseParam" : "2,4"
},
{
	"ID" : 12101101,
	"Desc" : "契约英雄翅膀自选宝箱",
	"DescLocalizationID" : "ItemDesc_12101101",
	"Name" : "契约英雄翅膀自选宝箱",
	"NameLocalizationID" : "Item_12101101",
	"MainType" : 17,
	"Rarity" : 4,
	"Icon" : "T_SwingCustom1",
	"CanBeUsed" : 1,
	"SelectLootID" : "10170014,10170015,10170016,10170017,10170018",
	"ItemUseParam" : "2,4"
},
{
	"ID" : 12101003,
	"Desc" : "隐藏英雄自选宝箱",
	"DescLocalizationID" : "ItemDesc_12101003",
	"Name" : "隐藏英雄自选宝箱",
	"NameLocalizationID" : "Item_12101003",
	"MainType" : 17,
	"Rarity" : 5,
	"Icon" : "T_TurretCustom1",
	"CanBeUsed" : 1,
	"SelectLootID" : "10170041,10170042,10170043",
	"ItemUseParam" : "2,4"
},
{
	"ID" : 12101004,
	"Desc" : "传说英雄自选宝箱",
	"DescLocalizationID" : "ItemDesc_12101004",
	"Name" : "传说英雄自选宝箱",
	"NameLocalizationID" : "Item_12101004",
	"MainType" : 17,
	"Rarity" : 6,
	"Icon" : "T_TurretCustom1",
	"CanBeUsed" : 1,
	"SelectLootID" : "10170044,10170045,10170046",
	"ItemUseParam" : "2,4"
},
{
	"ID" : 12101101,
	"Desc" : "契约英雄翅膀自选宝箱",
	"DescLocalizationID" : "ItemDesc_12101101",
	"Name" : "契约英雄翅膀自选宝箱",
	"NameLocalizationID" : "Item_12101101",
	"MainType" : 17,
	"Rarity" : 4,
	"Icon" : "T_SwingCustom1",
	"CanBeUsed" : 1,
	"SelectLootID" : "10170014,10170015,10170016,10170017,10170018",
	"ItemUseParam" : "2,4"
},
{
	"ID" : 12101102,
	"Desc" : "英雄翅膀自选宝箱",
	"DescLocalizationID" : "ItemDesc_12101102",
	"Name" : "英雄翅膀自选宝箱",
	"NameLocalizationID" : "Item_12101102",
	"MainType" : 17,
	"Rarity" : 4,
	"Icon" : "T_SwingCustom1",
	"CanBeUsed" : 1,
	"SelectLootID" : "10170047,10170048,10170049,10170050,10170051,10170052,10170053",
	"ItemUseParam" : "2,4"
},
{
	"ID" : 12101103,
	"Desc" : "隐藏英雄翅膀自选宝箱",
	"DescLocalizationID" : "ItemDesc_12101103",
	"Name" : "隐藏英雄翅膀自选宝箱",
	"NameLocalizationID" : "Item_12101103",
	"MainType" : 17,
	"Rarity" : 5,
	"Icon" : "T_SwingCustom1",
	"CanBeUsed" : 1,
	"SelectLootID" : "10170054,10170055,10170056",
	"ItemUseParam" : "2,4"
},
{
	"ID" : 12101104,
	"Desc" : "传说英雄翅膀自选宝箱",
	"DescLocalizationID" : "ItemDesc_12101104",
	"Name" : "传说英雄翅膀自选宝箱",
	"NameLocalizationID" : "Item_12101104",
	"MainType" : 17,
	"Rarity" : 6,
	"Icon" : "T_SwingCustom1",
	"CanBeUsed" : 1,
	"SelectLootID" : "10170057,10170058,10170059",
	"ItemUseParam" : "2,4"
},
{
	"ID" : 12101201,
	"Desc" : "道具自选宝箱",
	"DescLocalizationID" : "ItemDesc_12101201",
	"Name" : "道具自选宝箱",
	"NameLocalizationID" : "Item_12101201",
	"MainType" : 17,
	"Rarity" : 4,
	"Icon" : "T_ItemCustom",
	"CanBeUsed" : 1,
	"SelectLootID" : "10170024,10170025,10170026,10170027",
	"ItemUseParam" : "2,4"
},
{
	"ID" : 12101202,
	"Desc" : "头像自选宝箱",
	"DescLocalizationID" : "ItemDesc_12101202",
	"Name" : "道具自选宝箱",
	"NameLocalizationID" : "Item_12101202",
	"MainType" : 17,
	"Rarity" : 4,
	"Icon" : "T_ItemCustom",
	"CanBeUsed" : 1,
	"SelectLootID" : "10170028,10170029,10170030,10170031,10170032,10170033",
	"ItemUseParam" : "2,4"
},
{
	"ID" : 12101203,
	"Desc" : "粽子自选",
	"DescLocalizationID" : "ItemDesc_12101203",
	"Name" : "粽子自选",
	"NameLocalizationID" : "Item_12101203",
	"MainType" : 17,
	"Rarity" : 4,
	"Icon" : "T_Custom_Zongzi",
	"CanBeUsed" : 1,
	"SelectLootID" : "10170101,10170102",
	"ItemUseParam" : "2,4"
},
{
	"ID" : 50000001,
	"Desc" : "重置跨天道具",
	"DescLocalizationID" : "ItemDesc_50000001",
	"Name" : "重置道具",
	"NameLocalizationID" : "Item_50000001",
	"MainType" : 500,
	"Rarity" : 4,
	"Icon" : "T_SlotReset"
},
{
	"ID" : 50000002,
	"Desc" : "卡牌重置牌面",
	"DescLocalizationID" : "ItemDesc_50000002",
	"Name" : "重置道具",
	"NameLocalizationID" : "Item_50000002",
	"MainType" : 501,
	"Rarity" : 4,
	"Icon" : "T_SlotReset"
},
{
	"ID" : 50000003,
	"Desc" : "通用任务当日类重置",
	"DescLocalizationID" : "ItemDesc_50000003",
	"Name" : "重置道具",
	"NameLocalizationID" : "Item_50000003",
	"MainType" : 502,
	"Rarity" : 4,
	"Icon" : "T_SlotReset"
},
{
	"ID" : 50000004,
	"Desc" : "重置英雄的使用",
	"DescLocalizationID" : "ItemDesc_50000004",
	"Name" : "重置道具",
	"NameLocalizationID" : "Item_50000004",
	"MainType" : 503,
	"Rarity" : 4,
	"Icon" : "T_SlotReset"
},
{
	"ID" : 50000005,
	"Desc" : "开启客户端log开关",
	"DescLocalizationID" : "ItemDesc_50000005",
	"Name" : "重置道具",
	"NameLocalizationID" : "Item_50000005",
	"MainType" : 504,
	"Rarity" : 4,
	"Icon" : "T_SlotReset"
},
{
	"ID" : 50000006,
	"Desc" : "重置成长基金",
	"DescLocalizationID" : "ItemDesc_50000006",
	"Name" : "重置道具",
	"NameLocalizationID" : "Item_50000006",
	"MainType" : 505,
	"Rarity" : 4,
	"Icon" : "T_SlotReset"
},
{
	"ID" : 50000007,
	"Desc" : "重置双倍钻石购买",
	"DescLocalizationID" : "ItemDesc_50000007",
	"Name" : "重置道具",
	"NameLocalizationID" : "Item_50000007",
	"MainType" : 506,
	"Rarity" : 4,
	"Icon" : "T_SlotReset"
},
{
	"ID" : 60000001,
	"Desc" : "默认已设置送礼密码道具，默认密码为123456",
	"DescLocalizationID" : "ItemDesc_60000001",
	"Name" : "默认已设置送礼密码道具，默认密码为123456",
	"NameLocalizationID" : "Item_60000001",
	"MainType" : 601,
	"Rarity" : 4,
	"Icon" : "T_SlotReset"
},
{
	"ID" : 60000002,
	"Desc" : "默认已设置送礼手机号道具",
	"DescLocalizationID" : "ItemDesc_60000002",
	"Name" : "默认已设置送礼手机号道具",
	"NameLocalizationID" : "Item_60000002",
	"MainType" : 602,
	"Rarity" : 4,
	"Icon" : "T_SlotReset"
},
{
	"ID" : 20000001,
	"Desc" : "18元限时礼包",
	"DescLocalizationID" : "ItemDesc_20000001",
	"Name" : "18元限时礼包",
	"NameLocalizationID" : "Item_20000001",
	"MainType" : 3,
	"LotteryID" : 100001,
	"Rarity" : 3,
	"Icon" : "T_Gift_Box1",
	"CanBeUsed" : 1
},
{
	"ID" : 20000002,
	"Desc" : "68元限时礼包",
	"DescLocalizationID" : "ItemDesc_20000002",
	"Name" : "68元限时礼包",
	"NameLocalizationID" : "Item_20000002",
	"MainType" : 3,
	"LotteryID" : 100002,
	"Rarity" : 3,
	"Icon" : "T_Gift_Box1",
	"CanBeUsed" : 1
},
{
	"ID" : 20000003,
	"Desc" : "128元限时礼包",
	"DescLocalizationID" : "ItemDesc_20000003",
	"Name" : "128元限时礼包",
	"NameLocalizationID" : "Item_20000003",
	"MainType" : 3,
	"LotteryID" : 100003,
	"Rarity" : 3,
	"Icon" : "T_Gift_Box1",
	"CanBeUsed" : 1
},
{
	"ID" : 20000004,
	"Desc" : "58元限时礼包",
	"DescLocalizationID" : "ItemDesc_20000004",
	"Name" : "58元限时礼包",
	"NameLocalizationID" : "Item_20000004",
	"MainType" : 3,
	"LotteryID" : 100004,
	"Rarity" : 3,
	"Icon" : "T_Gift_Box1",
	"CanBeUsed" : 1
},
{
	"ID" : 20000005,
	"Desc" : "18元限时礼包",
	"DescLocalizationID" : "ItemDesc_20000005",
	"Name" : "18元限时礼包",
	"NameLocalizationID" : "Item_20000005",
	"MainType" : 3,
	"LotteryID" : 100005,
	"Rarity" : 3,
	"Icon" : "T_Gift_Box1",
	"CanBeUsed" : 1
},
{
	"ID" : 20000006,
	"Desc" : "28元限时礼包",
	"DescLocalizationID" : "ItemDesc_20000006",
	"Name" : "28元限时礼包",
	"NameLocalizationID" : "Item_20000006",
	"MainType" : 3,
	"LotteryID" : 100006,
	"Rarity" : 3,
	"Icon" : "T_Gift_Box1",
	"CanBeUsed" : 1
},
{
	"ID" : 20000007,
	"Desc" : "1.5亿金币",
	"DescLocalizationID" : "ItemDesc_20000007",
	"Name" : "1.5亿金币",
	"NameLocalizationID" : "Item_20000007",
	"MainType" : 3,
	"LotteryID" : 100007,
	"Rarity" : 3,
	"Icon" : "T_Gift_Box1",
	"CanBeUsed" : 1
},
{
	"ID" : 20000008,
	"Desc" : "10亿金币",
	"DescLocalizationID" : "ItemDesc_20000008",
	"Name" : "10亿金币",
	"NameLocalizationID" : "Item_20000008",
	"MainType" : 3,
	"LotteryID" : 100008,
	"Rarity" : 3,
	"Icon" : "T_Gift_Box1",
	"CanBeUsed" : 1
},
{
	"ID" : 20000009,
	"Desc" : "20亿金币",
	"DescLocalizationID" : "ItemDesc_20000009",
	"Name" : "20亿金币",
	"NameLocalizationID" : "Item_20000009",
	"MainType" : 3,
	"LotteryID" : 100009,
	"Rarity" : 3,
	"Icon" : "T_Gift_Box1",
	"CanBeUsed" : 1
},
{
	"ID" : 20000010,
	"Desc" : "50亿金币",
	"DescLocalizationID" : "ItemDesc_20000010",
	"Name" : "50亿金币",
	"NameLocalizationID" : "Item_20000010",
	"MainType" : 3,
	"LotteryID" : 100010,
	"Rarity" : 3,
	"Icon" : "T_Gift_Box1",
	"CanBeUsed" : 1
},
{
	"ID" : 20000011,
	"Desc" : "100亿金币",
	"DescLocalizationID" : "ItemDesc_20000011",
	"Name" : "100亿金币",
	"NameLocalizationID" : "Item_20000011",
	"MainType" : 3,
	"LotteryID" : 100011,
	"Rarity" : 3,
	"Icon" : "T_Gift_Box1",
	"CanBeUsed" : 1
},
{
	"ID" : 20000012,
	"Desc" : "250亿金币",
	"DescLocalizationID" : "ItemDesc_20000012",
	"Name" : "250亿金币",
	"NameLocalizationID" : "Item_20000012",
	"MainType" : 3,
	"LotteryID" : 100012,
	"Rarity" : 3,
	"Icon" : "T_Gift_Box1",
	"CanBeUsed" : 1
},
{
	"ID" : 20000013,
	"Desc" : "380钻石",
	"DescLocalizationID" : "ItemDesc_20000013",
	"Name" : "380钻石",
	"NameLocalizationID" : "Item_20000013",
	"MainType" : 3,
	"LotteryID" : 100013,
	"Rarity" : 3,
	"Icon" : "T_Gift_Box1",
	"CanBeUsed" : 1
},
{
	"ID" : 20000014,
	"Desc" : "980钻石",
	"DescLocalizationID" : "ItemDesc_20000014",
	"Name" : "980钻石",
	"NameLocalizationID" : "Item_20000014",
	"MainType" : 3,
	"LotteryID" : 100014,
	"Rarity" : 3,
	"Icon" : "T_Gift_Box1",
	"CanBeUsed" : 1
},
{
	"ID" : 20000015,
	"Desc" : "4000钻石",
	"DescLocalizationID" : "ItemDesc_20000015",
	"Name" : "4000钻石",
	"NameLocalizationID" : "Item_20000015",
	"MainType" : 3,
	"LotteryID" : 100015,
	"Rarity" : 3,
	"Icon" : "T_Gift_Box1",
	"CanBeUsed" : 1
},
{
	"ID" : 20000016,
	"Desc" : "10000钻石",
	"DescLocalizationID" : "ItemDesc_20000016",
	"Name" : "10000钻石",
	"NameLocalizationID" : "Item_20000016",
	"MainType" : 3,
	"LotteryID" : 100016,
	"Rarity" : 3,
	"Icon" : "T_Gift_Box1",
	"CanBeUsed" : 1
},
{
	"ID" : 20000017,
	"Desc" : "技能超值礼包",
	"DescLocalizationID" : "ItemDesc_20000017",
	"Name" : "技能超值礼包",
	"NameLocalizationID" : "Item_20000017",
	"MainType" : 3,
	"LotteryID" : 100017,
	"Rarity" : 3,
	"Icon" : "T_Gift_Box1",
	"CanBeUsed" : 1
},
{
	"ID" : 20000018,
	"Desc" : "英雄自选礼包",
	"DescLocalizationID" : "ItemDesc_20000018",
	"Name" : "英雄自选礼包",
	"NameLocalizationID" : "Item_20000018",
	"MainType" : 3,
	"LotteryID" : 100018,
	"Rarity" : 3,
	"Icon" : "T_Gift_Box1",
	"CanBeUsed" : 1
},
{
	"ID" : 20000019,
	"Desc" : "英雄升级礼包",
	"DescLocalizationID" : "ItemDesc_20000019",
	"Name" : "英雄升级礼包",
	"NameLocalizationID" : "Item_20000019",
	"MainType" : 3,
	"LotteryID" : 100019,
	"Rarity" : 3,
	"Icon" : "T_Gift_Box1",
	"CanBeUsed" : 1
},
{
	"ID" : 20000020,
	"Desc" : "翅膀自选礼包",
	"DescLocalizationID" : "ItemDesc_20000020",
	"Name" : "翅膀自选礼包",
	"NameLocalizationID" : "Item_20000020",
	"MainType" : 3,
	"LotteryID" : 100020,
	"Rarity" : 3,
	"Icon" : "T_Gift_Box1",
	"CanBeUsed" : 1
},
{
	"ID" : 20000021,
	"Desc" : "首充15亿金币",
	"DescLocalizationID" : "ItemDesc_20000021",
	"Name" : "首充15亿金币",
	"NameLocalizationID" : "Item_20000021",
	"MainType" : 3,
	"LotteryID" : 100021,
	"Rarity" : 3,
	"Icon" : "T_Gift_Box1",
	"CanBeUsed" : 1
},
{
	"ID" : 20000022,
	"Desc" : "首充100亿金币",
	"DescLocalizationID" : "ItemDesc_20000022",
	"Name" : "首充100亿金币",
	"NameLocalizationID" : "Item_20000022",
	"MainType" : 3,
	"LotteryID" : 100022,
	"Rarity" : 3,
	"Icon" : "T_Gift_Box1",
	"CanBeUsed" : 1
},
{
	"ID" : 20000023,
	"Desc" : "首充500亿金币",
	"DescLocalizationID" : "ItemDesc_20000023",
	"Name" : "首充500亿金币",
	"NameLocalizationID" : "Item_20000023",
	"MainType" : 3,
	"LotteryID" : 100023,
	"Rarity" : 3,
	"Icon" : "T_Gift_Box1",
	"CanBeUsed" : 1
},
{
	"ID" : 20000024,
	"Desc" : "回天改命礼包",
	"DescLocalizationID" : "ItemDesc_20000024",
	"Name" : "回天改命礼包",
	"NameLocalizationID" : "Item_20000024",
	"MainType" : 3,
	"LotteryID" : 100024,
	"Rarity" : 3,
	"Icon" : "T_Gift_Box1",
	"CanBeUsed" : 1
},
{
	"ID" : 20000025,
	"Desc" : "回天改命礼包",
	"DescLocalizationID" : "ItemDesc_20000025",
	"Name" : "回天改命礼包",
	"NameLocalizationID" : "Item_20000025",
	"MainType" : 3,
	"LotteryID" : 100025,
	"Rarity" : 3,
	"Icon" : "T_Gift_Box1",
	"CanBeUsed" : 1
},
{
	"ID" : 20000026,
	"Desc" : "回天改命礼包",
	"DescLocalizationID" : "ItemDesc_20000026",
	"Name" : "回天改命礼包",
	"NameLocalizationID" : "Item_20000026",
	"MainType" : 3,
	"LotteryID" : 100026,
	"Rarity" : 3,
	"Icon" : "T_Gift_Box1",
	"CanBeUsed" : 1
},
{
	"ID" : 20000027,
	"Desc" : "回天改命礼包",
	"DescLocalizationID" : "ItemDesc_20000027",
	"Name" : "回天改命礼包",
	"NameLocalizationID" : "Item_20000027",
	"MainType" : 3,
	"LotteryID" : 100027,
	"Rarity" : 3,
	"Icon" : "T_Gift_Box1",
	"CanBeUsed" : 1
},
{
	"ID" : 20000028,
	"Desc" : "回天改命礼包",
	"DescLocalizationID" : "ItemDesc_20000028",
	"Name" : "回天改命礼包",
	"NameLocalizationID" : "Item_20000028",
	"MainType" : 3,
	"LotteryID" : 100028,
	"Rarity" : 3,
	"Icon" : "T_Gift_Box1",
	"CanBeUsed" : 1
},
{
	"ID" : 20000029,
	"Desc" : "回天改命礼包",
	"DescLocalizationID" : "ItemDesc_20000029",
	"Name" : "回天改命礼包",
	"NameLocalizationID" : "Item_20000029",
	"MainType" : 3,
	"LotteryID" : 100029,
	"Rarity" : 3,
	"Icon" : "T_Gift_Box1",
	"CanBeUsed" : 1
},
{
	"ID" : 20000030,
	"Desc" : "回天改命礼包",
	"DescLocalizationID" : "ItemDesc_20000030",
	"Name" : "回天改命礼包",
	"NameLocalizationID" : "Item_20000030",
	"MainType" : 3,
	"LotteryID" : 100030,
	"Rarity" : 3,
	"Icon" : "T_Gift_Box1",
	"CanBeUsed" : 1
},
{
	"ID" : 20000031,
	"Desc" : "周卡",
	"DescLocalizationID" : "ItemDesc_20000031",
	"Name" : "周卡",
	"NameLocalizationID" : "Item_20000031",
	"MainType" : 3,
	"LotteryID" : 100031,
	"Rarity" : 3,
	"Icon" : "T_Gift_Box1",
	"CanBeUsed" : 1
},
{
	"ID" : 20000032,
	"Desc" : "月卡",
	"DescLocalizationID" : "ItemDesc_20000032",
	"Name" : "月卡",
	"NameLocalizationID" : "Item_20000032",
	"MainType" : 3,
	"LotteryID" : 100032,
	"Rarity" : 3,
	"Icon" : "T_Gift_Box1",
	"CanBeUsed" : 1
},
{
	"ID" : 20000033,
	"Desc" : "超级月卡",
	"DescLocalizationID" : "ItemDesc_20000033",
	"Name" : "超级月卡",
	"NameLocalizationID" : "Item_20000033",
	"MainType" : 3,
	"LotteryID" : 100033,
	"Rarity" : 3,
	"Icon" : "T_Gift_Box1",
	"CanBeUsed" : 1
},
{
	"ID" : 20000034,
	"Desc" : "“邱小姐”核弹x188",
	"DescLocalizationID" : "ItemDesc_20000034",
	"Name" : "“邱小姐”核弹x188",
	"NameLocalizationID" : "Item_20000034",
	"MainType" : 3,
	"LotteryID" : 100034,
	"Rarity" : 3,
	"Icon" : "T_Gift_Box1",
	"CanBeUsed" : 1
},
{
	"ID" : 20000035,
	"Desc" : "“邱小姐”核弹x888",
	"DescLocalizationID" : "ItemDesc_20000035",
	"Name" : "“邱小姐”核弹x888",
	"NameLocalizationID" : "Item_20000035",
	"MainType" : 3,
	"LotteryID" : 100035,
	"Rarity" : 3,
	"Icon" : "T_Gift_Box1",
	"CanBeUsed" : 1
},
{
	"ID" : 20000036,
	"Desc" : "“邱小姐”核弹x8888",
	"DescLocalizationID" : "ItemDesc_20000036",
	"Name" : "“邱小姐”核弹x8888",
	"NameLocalizationID" : "Item_20000036",
	"MainType" : 3,
	"LotteryID" : 100036,
	"Rarity" : 3,
	"Icon" : "T_Gift_Box1",
	"CanBeUsed" : 1
},
{
	"ID" : 20000037,
	"Desc" : "青铜令",
	"DescLocalizationID" : "ItemDesc_20000037",
	"Name" : "青铜令",
	"NameLocalizationID" : "Item_20000037",
	"MainType" : 3,
	"LotteryID" : 100037,
	"Rarity" : 3,
	"Icon" : "T_Gift_Box1",
	"CanBeUsed" : 1
},
{
	"ID" : 20000038,
	"Desc" : "白银令",
	"DescLocalizationID" : "ItemDesc_20000038",
	"Name" : "白银令",
	"NameLocalizationID" : "Item_20000038",
	"MainType" : 3,
	"LotteryID" : 100038,
	"Rarity" : 3,
	"Icon" : "T_Gift_Box1",
	"CanBeUsed" : 1
},
{
	"ID" : 20000039,
	"Desc" : "黄金令",
	"DescLocalizationID" : "ItemDesc_20000039",
	"Name" : "黄金令",
	"NameLocalizationID" : "Item_20000039",
	"MainType" : 3,
	"LotteryID" : 100039,
	"Rarity" : 3,
	"Icon" : "T_Gift_Box1",
	"CanBeUsed" : 1
},
{
	"ID" : 20000040,
	"Desc" : "直升V2礼包",
	"DescLocalizationID" : "ItemDesc_20000040",
	"Name" : "直升V2礼包",
	"NameLocalizationID" : "Item_20000040",
	"MainType" : 3,
	"LotteryID" : 100040,
	"Rarity" : 3,
	"Icon" : "T_Gift_Box1",
	"CanBeUsed" : 1
},
{
	"ID" : 20000041,
	"Desc" : "直升V6礼包",
	"DescLocalizationID" : "ItemDesc_20000041",
	"Name" : "直升V6礼包",
	"NameLocalizationID" : "Item_20000041",
	"MainType" : 3,
	"LotteryID" : 100041,
	"Rarity" : 3,
	"Icon" : "T_Gift_Box1",
	"CanBeUsed" : 1
},
{
	"ID" : 20000042,
	"Desc" : "直升1000万炮礼包",
	"DescLocalizationID" : "ItemDesc_20000042",
	"Name" : "直升1000万炮礼包",
	"NameLocalizationID" : "Item_20000042",
	"MainType" : 3,
	"LotteryID" : 100042,
	"Rarity" : 3,
	"Icon" : "T_Gift_Box1",
	"CanBeUsed" : 1
},
{
	"ID" : 20000043,
	"Desc" : "直升2000万炮礼包",
	"DescLocalizationID" : "ItemDesc_20000043",
	"Name" : "直升2000万炮礼包",
	"NameLocalizationID" : "Item_20000043",
	"MainType" : 3,
	"LotteryID" : 100043,
	"Rarity" : 3,
	"Icon" : "T_Gift_Box1",
	"CanBeUsed" : 1
},
{
	"ID" : 20000044,
	"Desc" : "升炮材料礼包",
	"DescLocalizationID" : "ItemDesc_20000044",
	"Name" : "升炮材料礼包",
	"NameLocalizationID" : "Item_20000044",
	"MainType" : 3,
	"LotteryID" : 100044,
	"Rarity" : 3,
	"Icon" : "T_Gift_Box1",
	"CanBeUsed" : 1
},
{
	"ID" : 20000045,
	"Desc" : "雪球子弹",
	"DescLocalizationID" : "ItemDesc_20000045",
	"Name" : "雪球子弹",
	"NameLocalizationID" : "Item_20000045",
	"MainType" : 3,
	"LotteryID" : 100045,
	"Rarity" : 3,
	"Icon" : "T_Gift_Box1",
	"CanBeUsed" : 1
},
{
	"ID" : 20000046,
	"Desc" : "圣诞糖果子弹（特价）",
	"DescLocalizationID" : "ItemDesc_20000046",
	"Name" : "圣诞糖果子弹（特价）",
	"NameLocalizationID" : "Item_20000046",
	"MainType" : 3,
	"LotteryID" : 100046,
	"Rarity" : 3,
	"Icon" : "T_Gift_Box1",
	"CanBeUsed" : 1
},
{
	"ID" : 20000047,
	"Desc" : "圣诞糖果子弹",
	"DescLocalizationID" : "ItemDesc_20000047",
	"Name" : "圣诞糖果子弹",
	"NameLocalizationID" : "Item_20000047",
	"MainType" : 3,
	"LotteryID" : 100047,
	"Rarity" : 3,
	"Icon" : "T_Gift_Box1",
	"CanBeUsed" : 1
},
{
	"ID" : 20000048,
	"Desc" : "1元红包",
	"DescLocalizationID" : "ItemDesc_20000048",
	"Name" : "1元红包",
	"NameLocalizationID" : "Item_20000048",
	"MainType" : 3,
	"LotteryID" : 100048,
	"Rarity" : 3,
	"Icon" : "T_Gift_Box1",
	"CanBeUsed" : 1
},
{
	"ID" : 20000049,
	"Desc" : "30元精品礼包",
	"DescLocalizationID" : "ItemDesc_20000049",
	"Name" : "30元精品礼包",
	"NameLocalizationID" : "Item_20000049",
	"MainType" : 3,
	"LotteryID" : 100049,
	"Rarity" : 3,
	"Icon" : "T_Gift_Box1",
	"CanBeUsed" : 1
},
{
	"ID" : 20000050,
	"Desc" : "捕鱼通行证",
	"DescLocalizationID" : "ItemDesc_20000050",
	"Name" : "捕鱼通行证",
	"NameLocalizationID" : "Item_20000050",
	"MainType" : 3,
	"LotteryID" : 100050,
	"Rarity" : 3,
	"Icon" : "T_Gift_Box1",
	"CanBeUsed" : 1
},
{
	"ID" : 20000051,
	"Desc" : "钻石技能礼包",
	"DescLocalizationID" : "ItemDesc_20000051",
	"Name" : "钻石技能礼包",
	"NameLocalizationID" : "Item_20000051",
	"MainType" : 3,
	"LotteryID" : 100051,
	"Rarity" : 3,
	"Icon" : "T_Gift_Box1",
	"CanBeUsed" : 1
},
{
	"ID" : 20000052,
	"Desc" : "168元限时礼包",
	"DescLocalizationID" : "ItemDesc_20000052",
	"Name" : "168元限时礼包",
	"NameLocalizationID" : "Item_20000052",
	"MainType" : 3,
	"LotteryID" : 100052,
	"Rarity" : 3,
	"Icon" : "T_Gift_Box1",
	"CanBeUsed" : 1
},
{
	"ID" : 20000053,
	"Desc" : "38元限时礼包",
	"DescLocalizationID" : "ItemDesc_20000053",
	"Name" : "38元限时礼包",
	"NameLocalizationID" : "Item_20000053",
	"MainType" : 3,
	"LotteryID" : 100053,
	"Rarity" : 3,
	"Icon" : "T_Gift_Box1",
	"CanBeUsed" : 1
},
{
	"ID" : 20000054,
	"Desc" : "268元限时礼包",
	"DescLocalizationID" : "ItemDesc_20000054",
	"Name" : "268元限时礼包",
	"NameLocalizationID" : "Item_20000054",
	"MainType" : 3,
	"LotteryID" : 100054,
	"Rarity" : 3,
	"Icon" : "T_Gift_Box1",
	"CanBeUsed" : 1
},
{
	"ID" : 20000055,
	"Desc" : "298元限时礼包",
	"DescLocalizationID" : "ItemDesc_20000055",
	"Name" : "298元限时礼包",
	"NameLocalizationID" : "Item_20000055",
	"MainType" : 3,
	"LotteryID" : 100055,
	"Rarity" : 3,
	"Icon" : "T_Gift_Box1",
	"CanBeUsed" : 1
},
{
	"ID" : 20000056,
	"Desc" : "48元限时礼包",
	"DescLocalizationID" : "ItemDesc_20000056",
	"Name" : "48元限时礼包",
	"NameLocalizationID" : "Item_20000056",
	"MainType" : 3,
	"LotteryID" : 100056,
	"Rarity" : 3,
	"Icon" : "T_Gift_Box1",
	"CanBeUsed" : 1
},
{
	"ID" : 20000057,
	"Desc" : "348元限时礼包",
	"DescLocalizationID" : "ItemDesc_20000057",
	"Name" : "348元限时礼包",
	"NameLocalizationID" : "Item_20000057",
	"MainType" : 3,
	"LotteryID" : 100057,
	"Rarity" : 3,
	"Icon" : "T_Gift_Box1",
	"CanBeUsed" : 1
},
{
	"ID" : 20000058,
	"Desc" : "398元限时礼包",
	"DescLocalizationID" : "ItemDesc_20000058",
	"Name" : "398元限时礼包",
	"NameLocalizationID" : "Item_20000058",
	"MainType" : 3,
	"LotteryID" : 100058,
	"Rarity" : 3,
	"Icon" : "T_Gift_Box1",
	"CanBeUsed" : 1
},
{
	"ID" : 20000059,
	"Desc" : "140钻石",
	"DescLocalizationID" : "ItemDesc_20000059",
	"Name" : "140钻石",
	"NameLocalizationID" : "Item_20000059",
	"MainType" : 3,
	"LotteryID" : 100059,
	"Rarity" : 3,
	"Icon" : "T_Gift_Box1",
	"CanBeUsed" : 1
},
{
	"ID" : 20000060,
	"Desc" : "350钻石",
	"DescLocalizationID" : "ItemDesc_20000060",
	"Name" : "350钻石",
	"NameLocalizationID" : "Item_20000060",
	"MainType" : 3,
	"LotteryID" : 100060,
	"Rarity" : 3,
	"Icon" : "T_Gift_Box1",
	"CanBeUsed" : 1
},
{
	"ID" : 20000061,
	"Desc" : "700钻石",
	"DescLocalizationID" : "ItemDesc_20000061",
	"Name" : "700钻石",
	"NameLocalizationID" : "Item_20000061",
	"MainType" : 3,
	"LotteryID" : 100061,
	"Rarity" : 3,
	"Icon" : "T_Gift_Box1",
	"CanBeUsed" : 1
},
{
	"ID" : 20000062,
	"Desc" : "1450钻石",
	"DescLocalizationID" : "ItemDesc_20000062",
	"Name" : "1450钻石",
	"NameLocalizationID" : "Item_20000062",
	"MainType" : 3,
	"LotteryID" : 100062,
	"Rarity" : 3,
	"Icon" : "T_Gift_Box1",
	"CanBeUsed" : 1
},
{
	"ID" : 20000063,
	"Desc" : "2150钻石",
	"DescLocalizationID" : "ItemDesc_20000063",
	"Name" : "2150钻石",
	"NameLocalizationID" : "Item_20000063",
	"MainType" : 3,
	"LotteryID" : 100063,
	"Rarity" : 3,
	"Icon" : "T_Gift_Box1",
	"CanBeUsed" : 1
},
{
	"ID" : 20000064,
	"Desc" : "3700钻石",
	"DescLocalizationID" : "ItemDesc_20000064",
	"Name" : "3700钻石",
	"NameLocalizationID" : "Item_20000064",
	"MainType" : 3,
	"LotteryID" : 100064,
	"Rarity" : 3,
	"Icon" : "T_Gift_Box1",
	"CanBeUsed" : 1
},
{
	"ID" : 20000065,
	"Desc" : "5500钻石",
	"DescLocalizationID" : "ItemDesc_20000065",
	"Name" : "5500钻石",
	"NameLocalizationID" : "Item_20000065",
	"MainType" : 3,
	"LotteryID" : 100065,
	"Rarity" : 3,
	"Icon" : "T_Gift_Box1",
	"CanBeUsed" : 1
},
{
	"ID" : 20000066,
	"Desc" : "7300钻石",
	"DescLocalizationID" : "ItemDesc_20000066",
	"Name" : "7300钻石",
	"NameLocalizationID" : "Item_20000066",
	"MainType" : 3,
	"LotteryID" : 100066,
	"Rarity" : 3,
	"Icon" : "T_Gift_Box1",
	"CanBeUsed" : 1
},
{
	"ID" : 20000067,
	"Desc" : "成长基金",
	"DescLocalizationID" : "ItemDesc_20000067",
	"Name" : "成长基金",
	"NameLocalizationID" : "Item_20000067",
	"MainType" : 3,
	"LotteryID" : 100067,
	"Rarity" : 3,
	"Icon" : "T_Gift_Box1",
	"CanBeUsed" : 1
},
{
	"ID" : 20000068,
	"Desc" : "捕鱼通行证2",
	"DescLocalizationID" : "ItemDesc_20000068",
	"Name" : "捕鱼通行证2",
	"NameLocalizationID" : "Item_20000068",
	"MainType" : 3,
	"LotteryID" : 100068,
	"Rarity" : 3,
	"Icon" : "T_Gift_Box1",
	"CanBeUsed" : 1
}
]