[
{
	"ID" : 0, 
	"RecycleTime" : "", 
	"Price" : "", 
	"Channel" : "", 
	"MailID" : 0
},
{
	"ID" : 10101081,
	"RecycleTime" : "2022-03-08 00:00:00",
	"Price" : "1,1000000",
	"MailID" : 45
},
{
	"ID" : 10101064,
	"RecycleTime" : "2020-10-14 12:00:00",
	"Price" : "11202001,1",
	"MailID" : 52
},
{
	"ID" : 11202003,
	"RecycleTime" : "2020-10-14 12:00:00",
	"Price" : "11501000,1",
	"MailID" : 45
},
{
	"ID" : 11202004,
	"RecycleTime" : "2020-10-14 12:00:00",
	"Price" : "11501000,1",
	"MailID" : 45
},
{
	"ID" : 11202005,
	"RecycleTime" : "2020-10-14 12:00:00",
	"Price" : "11501000,1",
	"MailID" : 45
},
{
	"ID" : 11202006,
	"RecycleTime" : "2020-10-14 12:00:00",
	"Price" : "11501000,1",
	"MailID" : 45
},
{
	"ID" : 11401201,
	"RecycleTime" : "2020-10-14 12:00:00",
	"Price" : "11501000,100",
	"MailID" : 45
},
{
	"ID" : 11401202,
	"RecycleTime" : "2020-10-14 12:00:00",
	"Price" : "11501000,100",
	"MailID" : 45
},
{
	"ID" : 11401203,
	"RecycleTime" : "2020-10-14 12:00:00",
	"Price" : "11501000,100",
	"MailID" : 45
},
{
	"ID" : 11401204,
	"RecycleTime" : "2020-10-14 12:00:00",
	"Price" : "11501000,100",
	"MailID" : 45
},
{
	"ID" : 10101083,
	"RecycleTime" : "2022-06-08 00:00:00",
	"Price" : "1,100000",
	"MailID" : 45
},
{
	"ID" : 10101084,
	"RecycleTime" : "2022-06-08 00:00:00",
	"Price" : "1,100000",
	"MailID" : 45
},
{
	"ID" : 12101203,
	"RecycleTime" : "2022-06-08 00:00:00",
	"Price" : "1,100000",
	"MailID" : 45
}
]