[
{
	"ID" : 0, 
	"FishID" : 0, 
	"GoldValue" : 0, 
	"KillTax" : 0, 
	"HunterRefundRate" : 0
},
{
	"ID" : 1,
	"FishID" : 0,
	"GoldValue" : 500000000000,
	"KillTax" : 300,
	"HunterRefundRate" : 0
},
{
	"ID" : 2,
	"FishID" : 0,
	"GoldValue" : 200000000000,
	"KillTax" : 250,
	"HunterRefundRate" : 0
},
{
	"ID" : 3,
	"FishID" : 0,
	"GoldValue" : 100000000000,
	"KillTax" : 200,
	"HunterRefundRate" : 0
},
{
	"ID" : 4,
	"FishID" : 0,
	"GoldValue" : 50000000000,
	"KillTax" : 150,
	"HunterRefundRate" : 0
},
{
	"ID" : 5,
	"FishID" : 0,
	"GoldValue" : 20000000000,
	"KillTax" : 100,
	"HunterRefundRate" : 0
},
{
	"ID" : 6,
	"FishID" : 0,
	"GoldValue" : 10000000000,
	"KillTax" : 100,
	"HunterRefundRate" : 0
},
{
	"ID" : 7,
	"FishID" : 0,
	"GoldValue" : 2000000000,
	"KillTax" : 50,
	"HunterRefundRate" : 0
},
{
	"ID" : 8,
	"FishID" : 0,
	"GoldValue" : 1000000000,
	"KillTax" : 20,
	"HunterRefundRate" : 0
},
{
	"ID" : 9,
	"FishID" : 0,
	"GoldValue" : 0,
	"KillTax" : 0,
	"HunterRefundRate" : 0
},
{
	"ID" : 10,
	"FishID" : 221,
	"GoldValue" : 500000000000,
	"KillTax" : 900,
	"HunterRefundRate" : 100
},
{
	"ID" : 11,
	"FishID" : 221,
	"GoldValue" : 200000000000,
	"KillTax" : 800,
	"HunterRefundRate" : 100
},
{
	"ID" : 12,
	"FishID" : 221,
	"GoldValue" : 100000000000,
	"KillTax" : 700,
	"HunterRefundRate" : 100
},
{
	"ID" : 13,
	"FishID" : 221,
	"GoldValue" : 50000000000,
	"KillTax" : 600,
	"HunterRefundRate" : 100
},
{
	"ID" : 14,
	"FishID" : 221,
	"GoldValue" : 20000000000,
	"KillTax" : 500,
	"HunterRefundRate" : 100
},
{
	"ID" : 15,
	"FishID" : 221,
	"GoldValue" : 10000000000,
	"KillTax" : 400,
	"HunterRefundRate" : 100
},
{
	"ID" : 16,
	"FishID" : 221,
	"GoldValue" : 2000000000,
	"KillTax" : 300,
	"HunterRefundRate" : 100
},
{
	"ID" : 17,
	"FishID" : 221,
	"GoldValue" : 0,
	"KillTax" : 200,
	"HunterRefundRate" : 100
},
{
	"ID" : 18,
	"FishID" : 222,
	"GoldValue" : 500000000000,
	"KillTax" : 900,
	"HunterRefundRate" : 100
},
{
	"ID" : 19,
	"FishID" : 222,
	"GoldValue" : 200000000000,
	"KillTax" : 800,
	"HunterRefundRate" : 100
},
{
	"ID" : 20,
	"FishID" : 222,
	"GoldValue" : 100000000000,
	"KillTax" : 700,
	"HunterRefundRate" : 100
},
{
	"ID" : 21,
	"FishID" : 222,
	"GoldValue" : 50000000000,
	"KillTax" : 600,
	"HunterRefundRate" : 100
},
{
	"ID" : 22,
	"FishID" : 222,
	"GoldValue" : 20000000000,
	"KillTax" : 500,
	"HunterRefundRate" : 100
},
{
	"ID" : 23,
	"FishID" : 222,
	"GoldValue" : 10000000000,
	"KillTax" : 400,
	"HunterRefundRate" : 100
},
{
	"ID" : 24,
	"FishID" : 222,
	"GoldValue" : 2000000000,
	"KillTax" : 300,
	"HunterRefundRate" : 100
},
{
	"ID" : 25,
	"FishID" : 222,
	"GoldValue" : 0,
	"KillTax" : 200,
	"HunterRefundRate" : 100
},
{
	"ID" : 26,
	"FishID" : 311,
	"GoldValue" : 500000000000,
	"KillTax" : 950,
	"HunterRefundRate" : 100
},
{
	"ID" : 27,
	"FishID" : 311,
	"GoldValue" : 200000000000,
	"KillTax" : 850,
	"HunterRefundRate" : 100
},
{
	"ID" : 28,
	"FishID" : 311,
	"GoldValue" : 100000000000,
	"KillTax" : 750,
	"HunterRefundRate" : 100
},
{
	"ID" : 29,
	"FishID" : 311,
	"GoldValue" : 50000000000,
	"KillTax" : 650,
	"HunterRefundRate" : 100
},
{
	"ID" : 30,
	"FishID" : 311,
	"GoldValue" : 20000000000,
	"KillTax" : 550,
	"HunterRefundRate" : 100
},
{
	"ID" : 31,
	"FishID" : 311,
	"GoldValue" : 10000000000,
	"KillTax" : 450,
	"HunterRefundRate" : 100
},
{
	"ID" : 32,
	"FishID" : 311,
	"GoldValue" : 2000000000,
	"KillTax" : 350,
	"HunterRefundRate" : 100
},
{
	"ID" : 33,
	"FishID" : 311,
	"GoldValue" : 0,
	"KillTax" : 250,
	"HunterRefundRate" : 100
},
{
	"ID" : 34,
	"FishID" : 312,
	"GoldValue" : 500000000000,
	"KillTax" : 900,
	"HunterRefundRate" : 100
},
{
	"ID" : 35,
	"FishID" : 312,
	"GoldValue" : 200000000000,
	"KillTax" : 800,
	"HunterRefundRate" : 100
},
{
	"ID" : 36,
	"FishID" : 312,
	"GoldValue" : 100000000000,
	"KillTax" : 700,
	"HunterRefundRate" : 100
},
{
	"ID" : 37,
	"FishID" : 312,
	"GoldValue" : 50000000000,
	"KillTax" : 600,
	"HunterRefundRate" : 100
},
{
	"ID" : 38,
	"FishID" : 312,
	"GoldValue" : 20000000000,
	"KillTax" : 500,
	"HunterRefundRate" : 100
},
{
	"ID" : 39,
	"FishID" : 312,
	"GoldValue" : 10000000000,
	"KillTax" : 400,
	"HunterRefundRate" : 100
},
{
	"ID" : 40,
	"FishID" : 312,
	"GoldValue" : 2000000000,
	"KillTax" : 300,
	"HunterRefundRate" : 100
},
{
	"ID" : 41,
	"FishID" : 312,
	"GoldValue" : 0,
	"KillTax" : 200,
	"HunterRefundRate" : 100
},
{
	"ID" : 42,
	"FishID" : 313,
	"GoldValue" : 500000000000,
	"KillTax" : 1000,
	"HunterRefundRate" : 100
},
{
	"ID" : 43,
	"FishID" : 313,
	"GoldValue" : 200000000000,
	"KillTax" : 900,
	"HunterRefundRate" : 100
},
{
	"ID" : 44,
	"FishID" : 313,
	"GoldValue" : 100000000000,
	"KillTax" : 800,
	"HunterRefundRate" : 100
},
{
	"ID" : 45,
	"FishID" : 313,
	"GoldValue" : 50000000000,
	"KillTax" : 700,
	"HunterRefundRate" : 100
},
{
	"ID" : 46,
	"FishID" : 313,
	"GoldValue" : 20000000000,
	"KillTax" : 600,
	"HunterRefundRate" : 100
},
{
	"ID" : 47,
	"FishID" : 313,
	"GoldValue" : 10000000000,
	"KillTax" : 500,
	"HunterRefundRate" : 100
},
{
	"ID" : 48,
	"FishID" : 313,
	"GoldValue" : 2000000000,
	"KillTax" : 400,
	"HunterRefundRate" : 100
},
{
	"ID" : 49,
	"FishID" : 313,
	"GoldValue" : 0,
	"KillTax" : 300,
	"HunterRefundRate" : 100
},
{
	"ID" : 50,
	"FishID" : 314,
	"GoldValue" : 500000000000,
	"KillTax" : 288,
	"HunterRefundRate" : 100
},
{
	"ID" : 51,
	"FishID" : 314,
	"GoldValue" : 200000000000,
	"KillTax" : 288,
	"HunterRefundRate" : 100
},
{
	"ID" : 52,
	"FishID" : 314,
	"GoldValue" : 100000000000,
	"KillTax" : 288,
	"HunterRefundRate" : 100
},
{
	"ID" : 53,
	"FishID" : 314,
	"GoldValue" : 50000000000,
	"KillTax" : 288,
	"HunterRefundRate" : 100
},
{
	"ID" : 54,
	"FishID" : 314,
	"GoldValue" : 20000000000,
	"KillTax" : 288,
	"HunterRefundRate" : 100
},
{
	"ID" : 55,
	"FishID" : 314,
	"GoldValue" : 10000000000,
	"KillTax" : 288,
	"HunterRefundRate" : 100
},
{
	"ID" : 56,
	"FishID" : 314,
	"GoldValue" : 2000000000,
	"KillTax" : 288,
	"HunterRefundRate" : 100
},
{
	"ID" : 57,
	"FishID" : 314,
	"GoldValue" : 0,
	"KillTax" : 288,
	"HunterRefundRate" : 100
}
]