[
{
	"ID" : 0, 
	"TotalExp" : 0, 
	"RewardLoot" : 0, 
	"GrowthFund" : 0, 
	"GrowthFund2" : 0, 
	"PovertyReward" : "50000,2", 
	"LevelRewardIcon" : "", 
	"TargetLevelRewardIcon" : ""
},
{
	"ID" : 1,
	"TotalExp" : 0,
	"PovertyReward" : "50000,4",
	"LevelRewardIcon" : "T_FIsh_Level_Gift,0.8"
},
{
	"ID" : 2,
	"TotalExp" : 225,
	"RewardLoot" : 10123002,
	"PovertyReward" : "50000,4",
	"LevelRewardIcon" : "T_FIsh_Level_Gift,0.8"
},
{
	"ID" : 3,
	"TotalExp" : 1125,
	"RewardLoot" : 10123003,
	"GrowthFund2" : 10122061,
	"PovertyReward" : "50000,4",
	"LevelRewardIcon" : "T_FIsh_Level_Gift,0.8"
},
{
	"ID" : 4,
	"TotalExp" : 2700,
	"RewardLoot" : 10123004,
	"PovertyReward" : "50000,4",
	"LevelRewardIcon" : "T_FIsh_Level_Gift,0.8"
},
{
	"ID" : 5,
	"TotalExp" : 4950,
	"RewardLoot" : 10123005,
	"GrowthFund" : 10122001,
	"PovertyReward" : "50000,4",
	"LevelRewardIcon" : "T_FIsh_Level_Gift,0.8"
},
{
	"ID" : 6,
	"TotalExp" : 7875,
	"RewardLoot" : 10123006,
	"GrowthFund2" : 10122062,
	"PovertyReward" : "50000,4",
	"LevelRewardIcon" : "T_FIsh_Level_Gift,0.8"
},
{
	"ID" : 7,
	"TotalExp" : 11475,
	"RewardLoot" : 10123007,
	"PovertyReward" : "50000,4",
	"LevelRewardIcon" : "T_FIsh_Level_Gift,0.8"
},
{
	"ID" : 8,
	"TotalExp" : 15750,
	"RewardLoot" : 10123008,
	"GrowthFund" : 10122002,
	"PovertyReward" : "50000,4",
	"LevelRewardIcon" : "T_FIsh_Level_Gift,0.8"
},
{
	"ID" : 9,
	"TotalExp" : 20700,
	"RewardLoot" : 10123009,
	"GrowthFund2" : 10122063,
	"PovertyReward" : "50000,4",
	"LevelRewardIcon" : "T_FIsh_Level_Gift,0.8"
},
{
	"ID" : 10,
	"TotalExp" : 26775,
	"RewardLoot" : 10123010,
	"PovertyReward" : "50000,4",
	"LevelRewardIcon" : "S0_icon,0.6"
},
{
	"ID" : 11,
	"TotalExp" : 33975,
	"RewardLoot" : 10123011,
	"GrowthFund" : 10122003,
	"PovertyReward" : "50000,4",
	"LevelRewardIcon" : "T_FIsh_Level_Gift,0.8"
},
{
	"ID" : 12,
	"TotalExp" : 42300,
	"RewardLoot" : 10123012,
	"GrowthFund2" : 10122064,
	"PovertyReward" : "50000,4",
	"LevelRewardIcon" : "T_FIsh_Level_Gift,0.8"
},
{
	"ID" : 13,
	"TotalExp" : 51750,
	"RewardLoot" : 10123013,
	"PovertyReward" : "50000,4",
	"LevelRewardIcon" : "T_FIsh_Level_Gift,0.8"
},
{
	"ID" : 14,
	"TotalExp" : 62325,
	"RewardLoot" : 10123014,
	"GrowthFund" : 10122004,
	"PovertyReward" : "50000,4",
	"LevelRewardIcon" : "T_FIsh_Level_Gift,0.8"
},
{
	"ID" : 15,
	"TotalExp" : 74025,
	"RewardLoot" : 10123015,
	"PovertyReward" : "50000,4",
	"LevelRewardIcon" : "T7_icon_1,0.5"
},
{
	"ID" : 16,
	"TotalExp" : 86850,
	"RewardLoot" : 10123016,
	"GrowthFund2" : 10122065,
	"LevelRewardIcon" : "T_FIsh_Level_Gift,0.8"
},
{
	"ID" : 17,
	"TotalExp" : 100800,
	"RewardLoot" : 10123017,
	"GrowthFund" : 10122005,
	"LevelRewardIcon" : "T_FIsh_Level_Gift,0.8"
},
{
	"ID" : 18,
	"TotalExp" : 115875,
	"RewardLoot" : 10123018,
	"LevelRewardIcon" : "T_FIsh_Level_Gift,0.8"
},
{
	"ID" : 19,
	"TotalExp" : 132075,
	"RewardLoot" : 10123019,
	"LevelRewardIcon" : "T_FIsh_Level_Gift,0.8"
},
{
	"ID" : 20,
	"TotalExp" : 150075,
	"RewardLoot" : 10123020,
	"GrowthFund" : 10122006,
	"GrowthFund2" : 10122066,
	"LevelRewardIcon" : "T7_icon_1,0.5"
},
{
	"ID" : 21,
	"TotalExp" : 169875,
	"RewardLoot" : 10123021,
	"LevelRewardIcon" : "T_FIsh_Level_Gift,0.8"
},
{
	"ID" : 22,
	"TotalExp" : 191475,
	"RewardLoot" : 10123022,
	"LevelRewardIcon" : "T_FIsh_Level_Gift,0.8"
},
{
	"ID" : 23,
	"TotalExp" : 214875,
	"RewardLoot" : 10123023,
	"GrowthFund" : 10122007,
	"LevelRewardIcon" : "T_FIsh_Level_Gift,0.8"
},
{
	"ID" : 24,
	"TotalExp" : 240075,
	"RewardLoot" : 10123024,
	"LevelRewardIcon" : "T_FIsh_Level_Gift,0.8"
},
{
	"ID" : 25,
	"TotalExp" : 267075,
	"RewardLoot" : 10123025,
	"GrowthFund2" : 10122067,
	"LevelRewardIcon" : "T7_icon_1,0.5"
},
{
	"ID" : 26,
	"TotalExp" : 295875,
	"RewardLoot" : 10123026,
	"GrowthFund" : 10122008,
	"LevelRewardIcon" : "T_FIsh_Level_Gift,0.8"
},
{
	"ID" : 27,
	"TotalExp" : 326475,
	"RewardLoot" : 10123027,
	"LevelRewardIcon" : "T_FIsh_Level_Gift,0.8"
},
{
	"ID" : 28,
	"TotalExp" : 358875,
	"RewardLoot" : 10123028,
	"LevelRewardIcon" : "T_FIsh_Level_Gift,0.8"
},
{
	"ID" : 29,
	"TotalExp" : 393075,
	"RewardLoot" : 10123029,
	"LevelRewardIcon" : "T_FIsh_Level_Gift,0.8"
},
{
	"ID" : 30,
	"TotalExp" : 430200,
	"RewardLoot" : 10123030,
	"GrowthFund" : 10122009,
	"GrowthFund2" : 10122068,
	"LevelRewardIcon" : "T7_icon_1,0.5"
},
{
	"ID" : 31,
	"TotalExp" : 470250,
	"RewardLoot" : 10123031,
	"LevelRewardIcon" : "T_FIsh_Level_Gift,0.8"
},
{
	"ID" : 32,
	"TotalExp" : 513225,
	"RewardLoot" : 10123032,
	"LevelRewardIcon" : "T_FIsh_Level_Gift,0.8"
},
{
	"ID" : 33,
	"TotalExp" : 559125,
	"RewardLoot" : 10123033,
	"LevelRewardIcon" : "T_FIsh_Level_Gift,0.8"
},
{
	"ID" : 34,
	"TotalExp" : 607950,
	"RewardLoot" : 10123034,
	"LevelRewardIcon" : "T_FIsh_Level_Gift,0.8"
},
{
	"ID" : 35,
	"TotalExp" : 659700,
	"RewardLoot" : 10123035,
	"GrowthFund2" : 10122069,
	"LevelRewardIcon" : "T_FIsh_Level_Gift,0.8"
},
{
	"ID" : 36,
	"TotalExp" : 714375,
	"RewardLoot" : 10123036,
	"LevelRewardIcon" : "T9_icon_1,0.5"
},
{
	"ID" : 37,
	"TotalExp" : 771975,
	"RewardLoot" : 10123037,
	"LevelRewardIcon" : "T9_icon_1,0.5"
},
{
	"ID" : 38,
	"TotalExp" : 832500,
	"RewardLoot" : 10123038,
	"LevelRewardIcon" : "T9_icon_1,0.5"
},
{
	"ID" : 39,
	"TotalExp" : 895950,
	"RewardLoot" : 10123039,
	"LevelRewardIcon" : "T9_icon_1,0.5"
},
{
	"ID" : 40,
	"TotalExp" : 964125,
	"RewardLoot" : 10123040,
	"GrowthFund2" : 10122070,
	"LevelRewardIcon" : "T9_icon_1,0.5"
},
{
	"ID" : 41,
	"TotalExp" : 1037025,
	"RewardLoot" : 10123041,
	"LevelRewardIcon" : "T9_icon_1,0.5"
},
{
	"ID" : 42,
	"TotalExp" : 1114650,
	"RewardLoot" : 10123042,
	"LevelRewardIcon" : "T8_icon_1,0.5"
},
{
	"ID" : 43,
	"TotalExp" : 1197000,
	"RewardLoot" : 10123043,
	"LevelRewardIcon" : "T8_icon_1,0.5"
},
{
	"ID" : 44,
	"TotalExp" : 1284075,
	"RewardLoot" : 10123044,
	"LevelRewardIcon" : "T8_icon_1,0.5"
},
{
	"ID" : 45,
	"TotalExp" : 1375875,
	"RewardLoot" : 10123045,
	"GrowthFund2" : 10122071,
	"LevelRewardIcon" : "T8_icon_1,0.5"
},
{
	"ID" : 46,
	"TotalExp" : 1472400,
	"RewardLoot" : 10123046,
	"LevelRewardIcon" : "T8_icon_1,0.5"
},
{
	"ID" : 47,
	"TotalExp" : 1573650,
	"RewardLoot" : 10123047,
	"LevelRewardIcon" : "T8_icon_1,0.5"
},
{
	"ID" : 48,
	"TotalExp" : 1679625,
	"RewardLoot" : 10123048,
	"LevelRewardIcon" : "T4_icon_1,0.5"
},
{
	"ID" : 49,
	"TotalExp" : 1790325,
	"RewardLoot" : 10123049,
	"LevelRewardIcon" : "T4_icon_1,0.5"
},
{
	"ID" : 50,
	"TotalExp" : 1908675,
	"RewardLoot" : 10123050,
	"GrowthFund2" : 10122072,
	"LevelRewardIcon" : "T4_icon_1,0.5"
},
{
	"ID" : 51,
	"TotalExp" : 2034675,
	"RewardLoot" : 10123051,
	"LevelRewardIcon" : "T4_icon_1,0.5"
},
{
	"ID" : 52,
	"TotalExp" : 2168325,
	"RewardLoot" : 10123052,
	"LevelRewardIcon" : "T4_icon_1,0.5"
},
{
	"ID" : 53,
	"TotalExp" : 2309625,
	"RewardLoot" : 10123053,
	"LevelRewardIcon" : "T4_icon_1,0.5"
},
{
	"ID" : 54,
	"TotalExp" : 2458575,
	"RewardLoot" : 10123054,
	"LevelRewardIcon" : "S5_icon,0.6"
},
{
	"ID" : 55,
	"TotalExp" : 2615175,
	"RewardLoot" : 10123055,
	"LevelRewardIcon" : "S5_icon,0.6"
},
{
	"ID" : 56,
	"TotalExp" : 2779425,
	"RewardLoot" : 10123056,
	"LevelRewardIcon" : "S5_icon,0.6"
},
{
	"ID" : 57,
	"TotalExp" : 2951325,
	"RewardLoot" : 10123057,
	"LevelRewardIcon" : "S5_icon,0.6"
},
{
	"ID" : 58,
	"TotalExp" : 3130875,
	"RewardLoot" : 10123058,
	"LevelRewardIcon" : "S5_icon,0.6"
},
{
	"ID" : 59,
	"TotalExp" : 3318075,
	"RewardLoot" : 10123059,
	"LevelRewardIcon" : "S5_icon,0.6"
},
{
	"ID" : 60,
	"TotalExp" : 3517650,
	"RewardLoot" : 10123060,
	"LevelRewardIcon" : "S5_icon,0.6"
},
{
	"ID" : 61,
	"TotalExp" : 3729600,
	"RewardLoot" : 10123061,
	"LevelRewardIcon" : "S5_icon,0.6"
},
{
	"ID" : 62,
	"TotalExp" : 3953925,
	"RewardLoot" : 10123062,
	"LevelRewardIcon" : "S5_icon,0.6"
},
{
	"ID" : 63,
	"TotalExp" : 4190625,
	"RewardLoot" : 10123063,
	"LevelRewardIcon" : "S6_icon,0.6"
},
{
	"ID" : 64,
	"TotalExp" : 4439700,
	"RewardLoot" : 10123064,
	"LevelRewardIcon" : "S6_icon,0.6"
},
{
	"ID" : 65,
	"TotalExp" : 4701150,
	"RewardLoot" : 10123065,
	"LevelRewardIcon" : "S6_icon,0.6"
},
{
	"ID" : 66,
	"TotalExp" : 4974975,
	"RewardLoot" : 10123066,
	"LevelRewardIcon" : "S6_icon,0.6"
},
{
	"ID" : 67,
	"TotalExp" : 5261175,
	"RewardLoot" : 10123067,
	"LevelRewardIcon" : "S6_icon,0.6"
},
{
	"ID" : 68,
	"TotalExp" : 5559750,
	"RewardLoot" : 10123068,
	"LevelRewardIcon" : "S6_icon,0.6"
},
{
	"ID" : 69,
	"TotalExp" : 5870700,
	"RewardLoot" : 10123069,
	"LevelRewardIcon" : "S6_icon,0.6"
},
{
	"ID" : 70,
	"TotalExp" : 6201675,
	"RewardLoot" : 10123070,
	"LevelRewardIcon" : "S6_icon,0.6"
},
{
	"ID" : 71,
	"TotalExp" : 6552675,
	"RewardLoot" : 10123071,
	"LevelRewardIcon" : "S6_icon,0.6"
},
{
	"ID" : 72,
	"TotalExp" : 6923700,
	"RewardLoot" : 10123072,
	"LevelRewardIcon" : "S6_icon,0.6"
},
{
	"ID" : 73,
	"TotalExp" : 7314750,
	"RewardLoot" : 10123073,
	"LevelRewardIcon" : "T3_icon_1,0.5"
},
{
	"ID" : 74,
	"TotalExp" : 7725825,
	"RewardLoot" : 10123074,
	"LevelRewardIcon" : "T3_icon_1,0.5"
},
{
	"ID" : 75,
	"TotalExp" : 8156925,
	"RewardLoot" : 10123075,
	"LevelRewardIcon" : "T3_icon_1,0.5"
},
{
	"ID" : 76,
	"TotalExp" : 8608050,
	"RewardLoot" : 10123076,
	"LevelRewardIcon" : "T3_icon_1,0.5"
},
{
	"ID" : 77,
	"TotalExp" : 9079200,
	"RewardLoot" : 10123077,
	"LevelRewardIcon" : "T3_icon_1,0.5"
},
{
	"ID" : 78,
	"TotalExp" : 9570375,
	"RewardLoot" : 10123078,
	"LevelRewardIcon" : "T3_icon_1,0.5"
},
{
	"ID" : 79,
	"TotalExp" : 10081575,
	"RewardLoot" : 10123079,
	"LevelRewardIcon" : "T3_icon_1,0.5"
},
{
	"ID" : 80,
	"TotalExp" : 10625175,
	"RewardLoot" : 10123080,
	"LevelRewardIcon" : "S2_icon,0.6"
},
{
	"ID" : 81,
	"TotalExp" : 11201175,
	"RewardLoot" : 10123081,
	"LevelRewardIcon" : "S2_icon,0.6"
},
{
	"ID" : 82,
	"TotalExp" : 11809575,
	"RewardLoot" : 10123082,
	"LevelRewardIcon" : "S2_icon,0.6"
},
{
	"ID" : 83,
	"TotalExp" : 12450375,
	"RewardLoot" : 10123083,
	"LevelRewardIcon" : "S2_icon,0.6"
},
{
	"ID" : 84,
	"TotalExp" : 13123575,
	"RewardLoot" : 10123084,
	"LevelRewardIcon" : "S2_icon,0.6"
},
{
	"ID" : 85,
	"TotalExp" : 13829175,
	"RewardLoot" : 10123085,
	"LevelRewardIcon" : "S2_icon,0.6"
},
{
	"ID" : 86,
	"TotalExp" : 14567175,
	"RewardLoot" : 10123086,
	"LevelRewardIcon" : "S2_icon,0.6"
},
{
	"ID" : 87,
	"TotalExp" : 15337575,
	"RewardLoot" : 10123087,
	"LevelRewardIcon" : "S2_icon,0.6"
},
{
	"ID" : 88,
	"TotalExp" : 16140375,
	"RewardLoot" : 10123088,
	"LevelRewardIcon" : "S2_icon,0.6"
},
{
	"ID" : 89,
	"TotalExp" : 16975575,
	"RewardLoot" : 10123089,
	"LevelRewardIcon" : "S2_icon,0.6"
},
{
	"ID" : 90,
	"TotalExp" : 17863200,
	"RewardLoot" : 10123090,
	"LevelRewardIcon" : "S4_icon,0.6"
},
{
	"ID" : 91,
	"TotalExp" : 18803250,
	"RewardLoot" : 10123091,
	"LevelRewardIcon" : "S4_icon,0.6"
},
{
	"ID" : 92,
	"TotalExp" : 19795725,
	"RewardLoot" : 10123092,
	"LevelRewardIcon" : "S4_icon,0.6"
},
{
	"ID" : 93,
	"TotalExp" : 20840625,
	"RewardLoot" : 10123093,
	"LevelRewardIcon" : "S4_icon,0.6"
},
{
	"ID" : 94,
	"TotalExp" : 21937950,
	"RewardLoot" : 10123094,
	"LevelRewardIcon" : "S4_icon,0.6"
},
{
	"ID" : 95,
	"TotalExp" : 23087700,
	"RewardLoot" : 10123095,
	"LevelRewardIcon" : "S4_icon,0.6"
},
{
	"ID" : 96,
	"TotalExp" : 24289875,
	"RewardLoot" : 10123096,
	"LevelRewardIcon" : "S4_icon,0.6"
},
{
	"ID" : 97,
	"TotalExp" : 25544475,
	"RewardLoot" : 10123097,
	"LevelRewardIcon" : "S4_icon,0.6"
},
{
	"ID" : 98,
	"TotalExp" : 26851500,
	"RewardLoot" : 10123098,
	"LevelRewardIcon" : "S4_icon,0.6"
},
{
	"ID" : 99,
	"TotalExp" : 28210950,
	"RewardLoot" : 10123099,
	"LevelRewardIcon" : "S4_icon,0.6"
},
{
	"ID" : 100,
	"TotalExp" : 29655225,
	"RewardLoot" : 10123100,
	"LevelRewardIcon" : "S4_icon,0.6"
}
]