[
{
	"Type" : 0, 
	"Title" : "", 
	"TitleLocalization" : "", 
	"Content" : "", 
	"ContentLocalization" : ""
},
{
	"Type" : 1,
	"Title" : "系统邮件",
	"TitleLocalization" : "Mail_Title_1",
	"Content" : "这是来自系统的一份邮件，您的一些奖励不小心掉在了大海里，一群小鱼帮您送了回来。赶紧去渔场里面感谢他们吧~",
	"ContentLocalization" : "Mail_Content_1"
},
{
	"Type" : 2,
	"Title" : "月卡会员奖励",
	"TitleLocalization" : "Mail_Title_2",
	"Content" : "您好，会员。/n 您已经成为了我们的会员，有效期是30天，别忘了在这期间内，每天上线领取您的专属奖励哦~",
	"ContentLocalization" : "Mail_Content_2"
},
{
	"Type" : 3,
	"Title" : "半年卡会员奖励",
	"TitleLocalization" : "Mail_Title_3",
	"Content" : "您好，会员。/n 您已经成为了我们的会员，有效期是180天，别忘了在这期间内，每天上线领取您的专属奖励哦~",
	"ContentLocalization" : "Mail_Content_3"
},
{
	"Type" : 4,
	"Title" : "终身卡会员奖励",
	"TitleLocalization" : "Mail_Title_4",
	"Content" : "您好，会员。/n 您已经成为了我们的永久会员，别忘了每天上线领取您的专属奖励哦~",
	"ContentLocalization" : "Mail_Content_4"
},
{
	"Type" : 5,
	"Title" : "VIP奖励",
	"TitleLocalization" : "Mail_Title_5",
	"Content" : "您好，您当前的VIP等级达到1级，请领取您的专属奖励，别让他们被一群鲨鱼抢走了。",
	"ContentLocalization" : "Mail_Content_5"
},
{
	"Type" : 6,
	"Title" : "版本更新奖励",
	"TitleLocalization" : "Mail_Title_6",
	"Content" : "为了更好的游戏体验，我们更新了游戏版本。/n 感谢您一直以来的大力支持，一群小鱼儿说要给你一些奖励以表感谢，赶紧领取，别让大鲨鱼们抢走啦~",
	"ContentLocalization" : "Mail_Content_6"
},
{
	"Type" : 7,
	"Title" : "游戏充值",
	"TitleLocalization" : "Mail_Title_7",
	"Content" : "您好，您在游戏的充值已成功到账，请收下渔场里小鱼们的感谢，赶紧去渔场和他们玩吧~",
	"ContentLocalization" : "Mail_Content_7"
},
{
	"Type" : 8,
	"Title" : "每日折扣奖励",
	"TitleLocalization" : "Mail_Title_8",
	"Content" : "您好，您购买的每日折扣礼包已经到账，请收下渔场里小鱼们的感谢，赶紧去渔场和他们玩吧~",
	"ContentLocalization" : "Mail_Content_8"
},
{
	"Type" : 9,
	"Title" : "天降福袋奖励",
	"TitleLocalization" : "Mail_Title_9",
	"Content" : "您好，您购买的天降福袋礼包已经到账，请收下渔场里小鱼们的感谢，赶紧去渔场和他们玩吧~",
	"ContentLocalization" : "Mail_Content_9"
},
{
	"Type" : 12,
	"Title" : "欢迎您的到来，老铁！",
	"TitleLocalization" : "Mail_Title_12",
	"Content" : "欢迎来到百万街机捕鱼！我们给您准备了一份特别的礼物，请收下，马上开始捕鱼之旅吧！",
	"ContentLocalization" : "Mail_Content_12"
},
{
	"Type" : 13,
	"Title" : "首充奖励",
	"TitleLocalization" : "Mail_Title_13",
	"Content" : "您好，尊贵的VIP。这里有一份来自渔场小鱼儿们的感谢，请您收下。",
	"ContentLocalization" : "Mail_Content_13"
},
{
	"Type" : 14,
	"Title" : "VIP奖励",
	"TitleLocalization" : "Mail_Title_14",
	"Content" : "您好，您当前的VIP等级达到2级，请领取您的专属奖励，别让他们被一群鲨鱼抢走了。",
	"ContentLocalization" : "Mail_Content_14"
},
{
	"Type" : 15,
	"Title" : "VIP奖励",
	"TitleLocalization" : "Mail_Title_15",
	"Content" : "您好，您当前的VIP等级达到3级，请领取您的专属奖励，别让他们被一群鲨鱼抢走了。",
	"ContentLocalization" : "Mail_Content_15"
},
{
	"Type" : 16,
	"Title" : "VIP奖励",
	"TitleLocalization" : "Mail_Title_16",
	"Content" : "您好，您当前的VIP等级达到4级，请领取您的专属奖励，别让他们被一群鲨鱼抢走了。",
	"ContentLocalization" : "Mail_Content_16"
},
{
	"Type" : 17,
	"Title" : "VIP奖励",
	"TitleLocalization" : "Mail_Title_17",
	"Content" : "您好，您当前的VIP等级达到5级，请领取您的专属奖励，别让他们被一群鲨鱼抢走了。",
	"ContentLocalization" : "Mail_Content_17"
},
{
	"Type" : 18,
	"Title" : "VIP奖励",
	"TitleLocalization" : "Mail_Title_18",
	"Content" : "您好，您当前的VIP等级达到6级，请领取您的专属奖励，别让他们被一群鲨鱼抢走了。",
	"ContentLocalization" : "Mail_Content_18"
},
{
	"Type" : 19,
	"Title" : "VIP奖励",
	"TitleLocalization" : "Mail_Title_19",
	"Content" : "您好，您当前的VIP等级达到7级，请领取您的专属奖励，别让他们被一群鲨鱼抢走了。",
	"ContentLocalization" : "Mail_Content_19"
},
{
	"Type" : 20,
	"Title" : "VIP奖励",
	"TitleLocalization" : "Mail_Title_20",
	"Content" : "您好，您当前的VIP等级达到8级，请领取您的专属奖励，别让他们被一群鲨鱼抢走了。",
	"ContentLocalization" : "Mail_Content_20"
},
{
	"Type" : 21,
	"Title" : "VIP奖励",
	"TitleLocalization" : "Mail_Title_21",
	"Content" : "您好，您当前的VIP等级达到9级，请领取您的专属奖励，别让他们被一群鲨鱼抢走了。",
	"ContentLocalization" : "Mail_Content_21"
},
{
	"Type" : 22,
	"Title" : "VIP奖励",
	"TitleLocalization" : "Mail_Title_22",
	"Content" : "您好，您当前的VIP等级达到10级，请领取您的专属奖励，别让他们被一群鲨鱼抢走了。",
	"ContentLocalization" : "Mail_Content_22"
},
{
	"Type" : 28,
	"Title" : "充值返利奖励",
	"TitleLocalization" : "Mail_Title_28",
	"Content" : "您好，您在游戏的充值已成功到账，请收下渔场里小鱼们的感谢，赶紧去渔场和他们玩吧~",
	"ContentLocalization" : "Mail_Content_28"
},
{
	"Type" : 29,
	"Title" : "兑换成功奖励",
	"TitleLocalization" : "Mail_Title_29",
	"Content" : "您好，以下是您兑换商品的具体内容。/n 卡号：%s  /n 卡密： %s  /n 过期时间： %s /n千万别声张~一群大鲨鱼正愁没东西抢呢~",
	"ContentLocalization" : "Mail_Content_29"
},
{
	"Type" : 30,
	"Title" : "进入日榜排行的奖励邮件",
	"TitleLocalization" : "Mail_Title_30",
	"Content" : "恭喜您在今日排行中排名第%s名，请尽快领取您的奖励。",
	"ContentLocalization" : "Mail_Content_30"
},
{
	"Type" : 31,
	"Title" : "未进入日榜排行的奖励邮件",
	"TitleLocalization" : "Mail_Title_31",
	"Content" : "很遗憾，您在今日排行中未能有排名，再接再厉，请尽快领取您的奖励，加油！",
	"ContentLocalization" : "Mail_Content_31"
},
{
	"Type" : 32,
	"Title" : "进入周榜排行的奖励邮件",
	"TitleLocalization" : "Mail_Title_32",
	"Content" : "恭喜您在上周排行中排名第%s名，请尽快领取您的奖励。",
	"ContentLocalization" : "Mail_Content_32"
},
{
	"Type" : 33,
	"Title" : "未进入周榜排行的奖励邮件",
	"TitleLocalization" : "Mail_Title_33",
	"Content" : "很遗憾，您在上周排行中未能有排名，再接再厉，请尽快领取您的奖励，加油！",
	"ContentLocalization" : "Mail_Content_33"
},
{
	"Type" : 34,
	"Title" : "兑换失败说明",
	"TitleLocalization" : "Mail_Title_34",
	"Content" : "您好，您的兑换失败了，请尽快领取附件中的兑换券，再次进行尝试。",
	"ContentLocalization" : "Mail_Content_34"
},
{
	"Type" : 35,
	"Title" : "VIP特权礼包购买成功",
	"TitleLocalization" : "Mail_Title_35",
	"Content" : "您好，您成功购买了VIP%s的特权礼包，请到背包中确认。",
	"ContentLocalization" : "Mail_Content_35"
},
{
	"Type" : 36,
	"Title" : "身份证绑定成功",
	"TitleLocalization" : "Mail_Title_36",
	"Content" : "恭喜您，您的身份已经确认，请领取您的专属礼物。",
	"ContentLocalization" : "Mail_Content_36"
},
{
	"Type" : 37,
	"Title" : "电话号码绑定成功",
	"TitleLocalization" : "Mail_Title_37",
	"Content" : "恭喜您，您的电话号码已经和账号绑定成功，请领取您的专属礼物。",
	"ContentLocalization" : "Mail_Content_37"
},
{
	"Type" : 38,
	"Title" : "话费充值兑换邮件",
	"TitleLocalization" : "Mail_Title_38",
	"Content" : "您好，您兑换了话费，请注意查收充值成功的短信。",
	"ContentLocalization" : "Mail_Content_38"
},
{
	"Type" : 39,
	"Title" : "兑换成功邮件",
	"TitleLocalization" : "Mail_Title_39",
	"Content" : "您好，您已成功兑换了物品，请注意查收。",
	"ContentLocalization" : "Mail_Content_39"
},
{
	"Type" : 40,
	"Title" : "嘉年华奖励邮件",
	"TitleLocalization" : "Mail_Title_40",
	"Content" : "感谢您参与新手七天嘉年华的活动，根据您参与的进度，请领取附件中的宝箱。据说一个名叫“孤傲金龙”的家伙正虎视眈眈地看着宝箱，想要抢走它们，请尽快领取哦~",
	"ContentLocalization" : "Mail_Content_40"
},
{
	"Type" : 41,
	"Title" : "运营补偿",
	"TitleLocalization" : "Mail_Title_41",
	"Content" : "亲爱的玩家，为了感谢您对游戏的热爱，现将您的VIP等级提升至2级。别忘了领取VIP的邮件，并且您还能体验到VIP相关的内容。冲向渔场吧，那群小鱼正等着您呢！",
	"ContentLocalization" : "Mail_Content_41"
},
{
	"Type" : 42,
	"Title" : "月卡补偿",
	"TitleLocalization" : "Mail_Title_42",
	"Content" : "月卡补偿",
	"ContentLocalization" : "Mail_Content_42"
},
{
	"Type" : 43,
	"Title" : "半年卡补偿",
	"TitleLocalization" : "Mail_Title_43",
	"Content" : "半年卡补偿",
	"ContentLocalization" : "Mail_Content_43"
},
{
	"Type" : 44,
	"Title" : "Bossslot奖池补偿",
	"TitleLocalization" : "Mail_Title_44",
	"Content" : "Bossslot奖池补偿",
	"ContentLocalization" : "Mail_Content_44"
},
{
	"Type" : 45,
	"Title" : "道具回收补偿",
	"TitleLocalization" : "Mail_Title_45",
	"Content" : "亲爱的捕鱼大师：您背包中的%s道具已被回收，对此我们进行了相应的补偿，请尽快领取附件中的奖励。",
	"ContentLocalization" : "Mail_Content_45"
},
{
	"Type" : 46,
	"Title" : "孙权召唤boss击杀排行榜奖励邮件",
	"TitleLocalization" : "Mail_Title_46",
	"Content" : "亲爱的捕鱼大师：恭喜您在今日排行中排名第%s名，请尽快领取您的奖励。",
	"ContentLocalization" : "Mail_Content_46"
},
{
	"Type" : 47,
	"Title" : "孙权召唤boss倍率排行榜奖励邮件",
	"TitleLocalization" : "Mail_Title_47",
	"Content" : "亲爱的捕鱼大师：恭喜您在上周排行中排名第%s名，请尽快领取您的奖励。",
	"ContentLocalization" : "Mail_Content_47"
},
{
	"Type" : 48,
	"Title" : "曹操召唤boss击杀排行榜奖励邮件",
	"TitleLocalization" : "Mail_Title_48",
	"Content" : "亲爱的捕鱼大师：恭喜您在今日排行中排名第%s名，请尽快领取您的奖励。",
	"ContentLocalization" : "Mail_Content_48"
},
{
	"Type" : 49,
	"Title" : "曹操召唤boss倍率排行榜奖励邮件",
	"TitleLocalization" : "Mail_Title_49",
	"Content" : "亲爱的捕鱼大师：恭喜您在上周排行中排名第%s名，请尽快领取您的奖励。",
	"ContentLocalization" : "Mail_Content_49"
},
{
	"Type" : 50,
	"Title" : "吕布召唤boss击杀排行榜奖励邮件",
	"TitleLocalization" : "Mail_Title_50",
	"Content" : "亲爱的捕鱼大师：恭喜您在今日排行中排名第%s名，请尽快领取您的奖励。",
	"ContentLocalization" : "Mail_Content_50"
},
{
	"Type" : 51,
	"Title" : "吕布召唤boss倍率排行榜奖励邮件",
	"TitleLocalization" : "Mail_Title_51",
	"Content" : "亲爱的捕鱼大师：恭喜您在上周排行中排名第%s名，请尽快领取您的奖励。",
	"ContentLocalization" : "Mail_Content_51"
},
{
	"Type" : 52,
	"Title" : "道具回收补偿",
	"TitleLocalization" : "Mail_Title_52",
	"Content" : "亲爱的捕鱼大师：您背包中道具已被回收，对此我们进行了相应的补偿，请尽快领取附件中的奖励。",
	"ContentLocalization" : "Mail_Content_52"
},
{
	"Type" : 53,
	"Title" : "VIP奖励",
	"TitleLocalization" : "Mail_Title_53",
	"Content" : "您好，您当前的VIP等级达到9级，请领取您的专属奖励，别让他们被一群鲨鱼抢走了。",
	"ContentLocalization" : "Mail_Content_53"
},
{
	"Type" : 54,
	"Title" : "VIP奖励",
	"TitleLocalization" : "Mail_Title_54",
	"Content" : "您好，您当前的VIP等级达到10级，请领取您的专属奖励，别让他们被一群鲨鱼抢走了。",
	"ContentLocalization" : "Mail_Content_54"
},
{
	"Type" : 55,
	"Title" : "核弹场排名奖励邮件",
	"TitleLocalization" : "Mail_Title_55",
	"Content" : "亲爱的捕鱼大师：恭喜您在今日排行中排名第%s名，请尽快领取您的奖励。",
	"ContentLocalization" : "Mail_Content_55"
},
{
	"Type" : 56,
	"Title" : "羁绊奖励",
	"TitleLocalization" : "Mail_Title_56",
	"Content" : "一方诸侯",
	"ContentLocalization" : "Mail_Content_56"
},
{
	"Type" : 57,
	"Title" : "羁绊奖励",
	"TitleLocalization" : "Mail_Title_57",
	"Content" : "一方诸侯",
	"ContentLocalization" : "Mail_Content_57"
},
{
	"Type" : 58,
	"Title" : "羁绊奖励",
	"TitleLocalization" : "Mail_Title_58",
	"Content" : "蜀国猛将",
	"ContentLocalization" : "Mail_Content_58"
},
{
	"Type" : 59,
	"Title" : "孟获召唤boss击杀排行榜奖励邮件",
	"TitleLocalization" : "Mail_Title_50",
	"Content" : "亲爱的捕鱼大师：恭喜您在今日排行中排名第%s名，请尽快领取您的奖励。",
	"ContentLocalization" : "Mail_Content_59"
},
{
	"Type" : 60,
	"Title" : "孟获召唤boss倍率排行榜奖励邮件",
	"TitleLocalization" : "Mail_Title_51",
	"Content" : "亲爱的捕鱼大师：恭喜您在上周排行中排名第%s名，请尽快领取您的奖励。",
	"ContentLocalization" : "Mail_Content_60"
},
{
	"Type" : 1001,
	"Title" : "金币收入排行奖励",
	"TitleLocalization" : "Mail_Title_1001",
	"Content" : "亲爱的捕鱼大师：恭喜您在上周金币收入排行中排名第%s名，请尽快领取您的奖励。",
	"ContentLocalization" : "Mail_Content_1001"
},
{
	"Type" : 1002,
	"Title" : "金币消耗排行奖励",
	"TitleLocalization" : "Mail_Title_1002",
	"Content" : "亲爱的捕鱼大师：恭喜您在上周金币消耗排行中排名第%s名，请尽快领取您的奖励。",
	"ContentLocalization" : "Mail_Content_1002"
},
{
	"Type" : 1003,
	"Title" : "核弹收入排行奖励",
	"TitleLocalization" : "Mail_Title_1003",
	"Content" : "亲爱的捕鱼大师：恭喜您在上周核弹收入排行中排名第%s名，请尽快领取您的奖励。",
	"ContentLocalization" : "Mail_Content_1003"
},
{
	"Type" : 1004,
	"Title" : "核弹消耗排行奖励",
	"TitleLocalization" : "Mail_Title_1004",
	"Content" : "亲爱的捕鱼大师：恭喜您在上周核弹消耗排行中排名第%s名，请尽快领取您的奖励。",
	"ContentLocalization" : "Mail_Content_1004"
},
{
	"Type" : 1005,
	"Title" : "魔晶收入排行奖励",
	"TitleLocalization" : "Mail_Title_1005",
	"Content" : "亲爱的捕鱼大师：恭喜您在上周魔晶收入排行中排名第%s名，请尽快领取您的奖励。",
	"ContentLocalization" : "Mail_Content_1005"
},
{
	"Type" : 1006,
	"Title" : "魔晶消耗排行奖励",
	"TitleLocalization" : "Mail_Title_1006",
	"Content" : "亲爱的捕鱼大师：恭喜您在上周魔晶消耗排行中排名第%s名，请尽快领取您的奖励。",
	"ContentLocalization" : "Mail_Content_1006"
},
{
	"Type" : 1007,
	"Title" : "VIP排行奖励",
	"TitleLocalization" : "Mail_Title_1007",
	"Content" : "亲爱的捕鱼大师：恭喜您在上周VIP排行中排名第%s名，请尽快领取您的奖励。",
	"ContentLocalization" : "Mail_Content_1007"
},
{
	"Type" : 1008,
	"Title" : "南部粽的排行榜奖励",
	"TitleLocalization" : "Mail_Title_1008",
	"Content" : "亲爱的捕鱼大师：恭喜您在粽子大战争的活动中取得胜利，排名第%s名。",
	"ContentLocalization" : "Mail_Content_1008"
},
{
	"Type" : 1009,
	"Title" : "北部粽的排行榜奖励",
	"TitleLocalization" : "Mail_Title_1009",
	"Content" : "亲爱的捕鱼大师：恭喜您在粽子大战争的活动中取得胜利，排名第%s名。",
	"ContentLocalization" : "Mail_Content_1009"
},
{
	"Type" : 1050,
	"Title" : "收礼方取消订单返还送礼方道具邮件",
	"TitleLocalization" : "Mail_Title_1050",
	"Content" : "收礼方取消订单返还送礼方道具邮件",
	"ContentLocalization" : "Mail_Content_1050"
},
{
	"Type" : 1051,
	"Title" : "收礼方订单过期返还送礼方道具邮件",
	"TitleLocalization" : "Mail_Title_1051",
	"Content" : "收礼方订单过期返还送礼方道具邮件",
	"ContentLocalization" : "Mail_Content_1051"
},
{
	"Type" : 1052,
	"Title" : "送礼方取消订单道具返还邮件",
	"TitleLocalization" : "Mail_Title_1052",
	"Content" : "送礼方取消订单道具返还邮件",
	"ContentLocalization" : "Mail_Content_1052"
},
{
	"Type" : 1053,
	"Title" : "送礼方订单过期道具返还邮件",
	"TitleLocalization" : "Mail_Title_1053",
	"Content" : "送礼方订单过期道具返还邮件",
	"ContentLocalization" : "Mail_Content_1053"
},
{
	"Type" : 1054,
	"Title" : "完成赠礼后收礼方领取赠礼邮件",
	"TitleLocalization" : "Mail_Title_1054",
	"Content" : "完成赠礼后收礼方领取赠礼邮件",
	"ContentLocalization" : "Mail_Content_1054"
},
{
	"Type" : 1055,
	"Title" : "GM后台强制中断送礼返还邮件",
	"TitleLocalization" : "Mail_Title_1055",
	"Content" : "GM后台强制中断送礼返还邮件",
	"ContentLocalization" : "Mail_Content_1055"
}
]