[
{
	"ID" : 0, 
	"VipRange" : "", 
	"ItemId" : 0, 
	"ItemNum" : 0, 
	"Diamond" : 0, 
	"Gold" : 0, 
	"Discount" : 0, 
	"Weight" : 0, 
	"DiscountStr" : ""
},
{
	"ID" : 1,
	"VipRange" : "0,2",
	"ItemId" : 11401001,
	"ItemNum" : 2,
	"Diamond" : 5,
	"Discount" : 5,
	"Weight" : 400,
	"DiscountStr" : "DiscountStr_1"
},
{
	"ID" : 2,
	"VipRange" : "0,2",
	"ItemId" : 11401002,
	"ItemNum" : 2,
	"Diamond" : 5,
	"Discount" : 5,
	"Weight" : 400,
	"DiscountStr" : "DiscountStr_1"
},
{
	"ID" : 3,
	"VipRange" : "0,2",
	"ItemId" : 11401003,
	"ItemNum" : 2,
	"Diamond" : 10,
	"Discount" : 5,
	"Weight" : 400,
	"DiscountStr" : "DiscountStr_1"
},
{
	"ID" : 4,
	"VipRange" : "0,2",
	"ItemId" : 11401101,
	"ItemNum" : 1,
	"Diamond" : 25,
	"Discount" : 5,
	"Weight" : 400,
	"DiscountStr" : "DiscountStr_1"
},
{
	"ID" : 5,
	"VipRange" : "0,2",
	"ItemId" : 11401102,
	"ItemNum" : 1,
	"Diamond" : 25,
	"Discount" : 5,
	"Weight" : 400,
	"DiscountStr" : "DiscountStr_1"
},
{
	"ID" : 6,
	"VipRange" : "0,2",
	"ItemId" : 11101000,
	"ItemNum" : 1000,
	"Diamond" : 5,
	"Discount" : 5,
	"Weight" : 400,
	"DiscountStr" : "DiscountStr_1"
},
{
	"ID" : 7,
	"VipRange" : "0,2",
	"ItemId" : 11501000,
	"ItemNum" : 10,
	"Diamond" : 5,
	"Discount" : 5,
	"Weight" : 400,
	"DiscountStr" : "DiscountStr_1"
},
{
	"ID" : 8,
	"VipRange" : "0,2",
	"ItemId" : 11501041,
	"ItemNum" : 1,
	"Diamond" : 10,
	"Discount" : 5,
	"Weight" : 400,
	"DiscountStr" : "DiscountStr_1"
},
{
	"ID" : 9,
	"VipRange" : "0,2",
	"ItemId" : 11601001,
	"ItemNum" : 50,
	"Diamond" : 12,
	"Discount" : 5,
	"Weight" : 400,
	"DiscountStr" : "DiscountStr_1"
},
{
	"ID" : 10,
	"VipRange" : "0,2",
	"ItemId" : 10101080,
	"ItemNum" : 50,
	"Diamond" : 7,
	"Discount" : 5,
	"Weight" : 400,
	"DiscountStr" : "DiscountStr_1"
},
{
	"ID" : 11,
	"VipRange" : "0,2",
	"ItemId" : 11601003,
	"ItemNum" : 1,
	"Diamond" : 5,
	"Discount" : 5,
	"Weight" : 400,
	"DiscountStr" : "DiscountStr_1"
},
{
	"ID" : 12,
	"VipRange" : "0,2",
	"ItemId" : 11601007,
	"ItemNum" : 10,
	"Diamond" : 5,
	"Discount" : 5,
	"Weight" : 400,
	"DiscountStr" : "DiscountStr_1"
},
{
	"ID" : 13,
	"VipRange" : "0,2",
	"ItemId" : 11601101,
	"ItemNum" : 5,
	"Diamond" : 7,
	"Discount" : 5,
	"Weight" : 400,
	"DiscountStr" : "DiscountStr_1"
},
{
	"ID" : 14,
	"VipRange" : "0,2",
	"ItemId" : 11601102,
	"ItemNum" : 1,
	"Diamond" : 8,
	"Discount" : 5,
	"Weight" : 400,
	"DiscountStr" : "DiscountStr_1"
},
{
	"ID" : 15,
	"VipRange" : "0,2",
	"ItemId" : 11301001,
	"ItemNum" : 12,
	"Diamond" : 6,
	"Discount" : 5,
	"Weight" : 400,
	"DiscountStr" : "DiscountStr_1"
},
{
	"ID" : 16,
	"VipRange" : "0,2",
	"ItemId" : 11301013,
	"ItemNum" : 12,
	"Diamond" : 6,
	"Discount" : 5,
	"Weight" : 400,
	"DiscountStr" : "DiscountStr_1"
},
{
	"ID" : 17,
	"VipRange" : "0,2",
	"ItemId" : 11301002,
	"ItemNum" : 6,
	"Diamond" : 15,
	"Discount" : 5,
	"Weight" : 400,
	"DiscountStr" : "DiscountStr_1"
},
{
	"ID" : 18,
	"VipRange" : "0,2",
	"ItemId" : 11301003,
	"ItemNum" : 6,
	"Diamond" : 15,
	"Discount" : 5,
	"Weight" : 400,
	"DiscountStr" : "DiscountStr_1"
},
{
	"ID" : 19,
	"VipRange" : "0,2",
	"ItemId" : 11301004,
	"ItemNum" : 6,
	"Diamond" : 15,
	"Discount" : 5,
	"Weight" : 400,
	"DiscountStr" : "DiscountStr_1"
},
{
	"ID" : 20,
	"VipRange" : "0,2",
	"ItemId" : 11301005,
	"ItemNum" : 6,
	"Diamond" : 15,
	"Discount" : 5,
	"Weight" : 400,
	"DiscountStr" : "DiscountStr_1"
},
{
	"ID" : 21,
	"VipRange" : "0,2",
	"ItemId" : 11301006,
	"ItemNum" : 6,
	"Diamond" : 15,
	"Discount" : 5,
	"Weight" : 400,
	"DiscountStr" : "DiscountStr_1"
},
{
	"ID" : 22,
	"VipRange" : "0,2",
	"ItemId" : 11301008,
	"ItemNum" : 2,
	"Diamond" : 10,
	"Discount" : 5,
	"Weight" : 400,
	"DiscountStr" : "DiscountStr_1"
},
{
	"ID" : 23,
	"VipRange" : "0,2",
	"ItemId" : 11301012,
	"ItemNum" : 2,
	"Diamond" : 10,
	"Discount" : 5,
	"Weight" : 400,
	"DiscountStr" : "DiscountStr_1"
},
{
	"ID" : 24,
	"VipRange" : "0,2",
	"ItemId" : 11401001,
	"ItemNum" : 2,
	"Diamond" : 6,
	"Discount" : 6,
	"Weight" : 800,
	"DiscountStr" : "DiscountStr_2"
},
{
	"ID" : 25,
	"VipRange" : "0,2",
	"ItemId" : 11401002,
	"ItemNum" : 2,
	"Diamond" : 6,
	"Discount" : 6,
	"Weight" : 800,
	"DiscountStr" : "DiscountStr_2"
},
{
	"ID" : 26,
	"VipRange" : "0,2",
	"ItemId" : 11401003,
	"ItemNum" : 2,
	"Diamond" : 12,
	"Discount" : 6,
	"Weight" : 800,
	"DiscountStr" : "DiscountStr_2"
},
{
	"ID" : 27,
	"VipRange" : "0,2",
	"ItemId" : 11401101,
	"ItemNum" : 1,
	"Diamond" : 30,
	"Discount" : 6,
	"Weight" : 800,
	"DiscountStr" : "DiscountStr_2"
},
{
	"ID" : 28,
	"VipRange" : "0,2",
	"ItemId" : 11401102,
	"ItemNum" : 1,
	"Diamond" : 30,
	"Discount" : 6,
	"Weight" : 800,
	"DiscountStr" : "DiscountStr_2"
},
{
	"ID" : 29,
	"VipRange" : "0,2",
	"ItemId" : 11101000,
	"ItemNum" : 2000,
	"Diamond" : 12,
	"Discount" : 6,
	"Weight" : 800,
	"DiscountStr" : "DiscountStr_2"
},
{
	"ID" : 30,
	"VipRange" : "0,2",
	"ItemId" : 11501000,
	"ItemNum" : 20,
	"Diamond" : 12,
	"Discount" : 6,
	"Weight" : 800,
	"DiscountStr" : "DiscountStr_2"
},
{
	"ID" : 31,
	"VipRange" : "0,2",
	"ItemId" : 11501041,
	"ItemNum" : 2,
	"Diamond" : 24,
	"Discount" : 6,
	"Weight" : 800,
	"DiscountStr" : "DiscountStr_2"
},
{
	"ID" : 32,
	"VipRange" : "0,2",
	"ItemId" : 11601001,
	"ItemNum" : 50,
	"Diamond" : 14,
	"Discount" : 6,
	"Weight" : 800,
	"DiscountStr" : "DiscountStr_2"
},
{
	"ID" : 33,
	"VipRange" : "0,2",
	"ItemId" : 10101080,
	"ItemNum" : 50,
	"Diamond" : 8,
	"Discount" : 6,
	"Weight" : 800,
	"DiscountStr" : "DiscountStr_2"
},
{
	"ID" : 34,
	"VipRange" : "0,2",
	"ItemId" : 11601003,
	"ItemNum" : 2,
	"Diamond" : 12,
	"Discount" : 6,
	"Weight" : 800,
	"DiscountStr" : "DiscountStr_2"
},
{
	"ID" : 35,
	"VipRange" : "0,2",
	"ItemId" : 11601007,
	"ItemNum" : 20,
	"Diamond" : 12,
	"Discount" : 6,
	"Weight" : 800,
	"DiscountStr" : "DiscountStr_2"
},
{
	"ID" : 36,
	"VipRange" : "0,2",
	"ItemId" : 11601101,
	"ItemNum" : 5,
	"Diamond" : 8,
	"Discount" : 6,
	"Weight" : 800,
	"DiscountStr" : "DiscountStr_2"
},
{
	"ID" : 37,
	"VipRange" : "0,2",
	"ItemId" : 11601102,
	"ItemNum" : 2,
	"Diamond" : 18,
	"Discount" : 6,
	"Weight" : 800,
	"DiscountStr" : "DiscountStr_2"
},
{
	"ID" : 38,
	"VipRange" : "0,2",
	"ItemId" : 11301001,
	"ItemNum" : 18,
	"Diamond" : 11,
	"Discount" : 6,
	"Weight" : 800,
	"DiscountStr" : "DiscountStr_2"
},
{
	"ID" : 39,
	"VipRange" : "0,2",
	"ItemId" : 11301013,
	"ItemNum" : 18,
	"Diamond" : 11,
	"Discount" : 6,
	"Weight" : 800,
	"DiscountStr" : "DiscountStr_2"
},
{
	"ID" : 40,
	"VipRange" : "0,2",
	"ItemId" : 11301002,
	"ItemNum" : 12,
	"Diamond" : 36,
	"Discount" : 6,
	"Weight" : 800,
	"DiscountStr" : "DiscountStr_2"
},
{
	"ID" : 41,
	"VipRange" : "0,2",
	"ItemId" : 11301003,
	"ItemNum" : 12,
	"Diamond" : 36,
	"Discount" : 6,
	"Weight" : 800,
	"DiscountStr" : "DiscountStr_2"
},
{
	"ID" : 42,
	"VipRange" : "0,2",
	"ItemId" : 11301004,
	"ItemNum" : 12,
	"Diamond" : 36,
	"Discount" : 6,
	"Weight" : 800,
	"DiscountStr" : "DiscountStr_2"
},
{
	"ID" : 43,
	"VipRange" : "0,2",
	"ItemId" : 11301005,
	"ItemNum" : 12,
	"Diamond" : 36,
	"Discount" : 6,
	"Weight" : 800,
	"DiscountStr" : "DiscountStr_2"
},
{
	"ID" : 44,
	"VipRange" : "0,2",
	"ItemId" : 11301006,
	"ItemNum" : 12,
	"Diamond" : 36,
	"Discount" : 6,
	"Weight" : 800,
	"DiscountStr" : "DiscountStr_2"
},
{
	"ID" : 45,
	"VipRange" : "0,2",
	"ItemId" : 11301008,
	"ItemNum" : 5,
	"Diamond" : 30,
	"Discount" : 6,
	"Weight" : 800,
	"DiscountStr" : "DiscountStr_2"
},
{
	"ID" : 46,
	"VipRange" : "0,2",
	"ItemId" : 11301012,
	"ItemNum" : 5,
	"Diamond" : 30,
	"Discount" : 6,
	"Weight" : 800,
	"DiscountStr" : "DiscountStr_2"
},
{
	"ID" : 47,
	"VipRange" : "0,2",
	"ItemId" : 11401001,
	"ItemNum" : 4,
	"Diamond" : 14,
	"Discount" : 7,
	"Weight" : 1200,
	"DiscountStr" : "DiscountStr_3"
},
{
	"ID" : 48,
	"VipRange" : "0,2",
	"ItemId" : 11401002,
	"ItemNum" : 4,
	"Diamond" : 14,
	"Discount" : 7,
	"Weight" : 1200,
	"DiscountStr" : "DiscountStr_3"
},
{
	"ID" : 49,
	"VipRange" : "0,2",
	"ItemId" : 11401003,
	"ItemNum" : 4,
	"Diamond" : 28,
	"Discount" : 7,
	"Weight" : 1200,
	"DiscountStr" : "DiscountStr_3"
},
{
	"ID" : 50,
	"VipRange" : "0,2",
	"ItemId" : 11401101,
	"ItemNum" : 1,
	"Diamond" : 35,
	"Discount" : 7,
	"Weight" : 1200,
	"DiscountStr" : "DiscountStr_3"
},
{
	"ID" : 51,
	"VipRange" : "0,2",
	"ItemId" : 11401102,
	"ItemNum" : 1,
	"Diamond" : 35,
	"Discount" : 7,
	"Weight" : 1200,
	"DiscountStr" : "DiscountStr_3"
},
{
	"ID" : 52,
	"VipRange" : "0,2",
	"ItemId" : 11101000,
	"ItemNum" : 3000,
	"Diamond" : 21,
	"Discount" : 7,
	"Weight" : 1200,
	"DiscountStr" : "DiscountStr_3"
},
{
	"ID" : 53,
	"VipRange" : "0,2",
	"ItemId" : 11501000,
	"ItemNum" : 30,
	"Diamond" : 21,
	"Discount" : 7,
	"Weight" : 1200,
	"DiscountStr" : "DiscountStr_3"
},
{
	"ID" : 54,
	"VipRange" : "0,2",
	"ItemId" : 11501041,
	"ItemNum" : 2,
	"Diamond" : 28,
	"Discount" : 7,
	"Weight" : 1200,
	"DiscountStr" : "DiscountStr_3"
},
{
	"ID" : 55,
	"VipRange" : "0,2",
	"ItemId" : 11601001,
	"ItemNum" : 50,
	"Diamond" : 16,
	"Discount" : 7,
	"Weight" : 1200,
	"DiscountStr" : "DiscountStr_3"
},
{
	"ID" : 56,
	"VipRange" : "0,2",
	"ItemId" : 10101080,
	"ItemNum" : 100,
	"Diamond" : 18,
	"Discount" : 7,
	"Weight" : 1200,
	"DiscountStr" : "DiscountStr_3"
},
{
	"ID" : 57,
	"VipRange" : "0,2",
	"ItemId" : 11601003,
	"ItemNum" : 2,
	"Diamond" : 14,
	"Discount" : 7,
	"Weight" : 1200,
	"DiscountStr" : "DiscountStr_3"
},
{
	"ID" : 58,
	"VipRange" : "0,2",
	"ItemId" : 11601007,
	"ItemNum" : 20,
	"Diamond" : 14,
	"Discount" : 7,
	"Weight" : 1200,
	"DiscountStr" : "DiscountStr_3"
},
{
	"ID" : 59,
	"VipRange" : "0,2",
	"ItemId" : 11601101,
	"ItemNum" : 10,
	"Diamond" : 18,
	"Discount" : 7,
	"Weight" : 1200,
	"DiscountStr" : "DiscountStr_3"
},
{
	"ID" : 60,
	"VipRange" : "0,2",
	"ItemId" : 11601102,
	"ItemNum" : 2,
	"Diamond" : 21,
	"Discount" : 7,
	"Weight" : 1200,
	"DiscountStr" : "DiscountStr_3"
},
{
	"ID" : 61,
	"VipRange" : "0,2",
	"ItemId" : 11301001,
	"ItemNum" : 24,
	"Diamond" : 17,
	"Discount" : 7,
	"Weight" : 1200,
	"DiscountStr" : "DiscountStr_3"
},
{
	"ID" : 62,
	"VipRange" : "0,2",
	"ItemId" : 11301013,
	"ItemNum" : 24,
	"Diamond" : 17,
	"Discount" : 7,
	"Weight" : 1200,
	"DiscountStr" : "DiscountStr_3"
},
{
	"ID" : 63,
	"VipRange" : "0,2",
	"ItemId" : 11301002,
	"ItemNum" : 18,
	"Diamond" : 63,
	"Discount" : 7,
	"Weight" : 1200,
	"DiscountStr" : "DiscountStr_3"
},
{
	"ID" : 64,
	"VipRange" : "0,2",
	"ItemId" : 11301003,
	"ItemNum" : 18,
	"Diamond" : 63,
	"Discount" : 7,
	"Weight" : 1200,
	"DiscountStr" : "DiscountStr_3"
},
{
	"ID" : 65,
	"VipRange" : "0,2",
	"ItemId" : 11301004,
	"ItemNum" : 18,
	"Diamond" : 63,
	"Discount" : 7,
	"Weight" : 1200,
	"DiscountStr" : "DiscountStr_3"
},
{
	"ID" : 66,
	"VipRange" : "0,2",
	"ItemId" : 11301005,
	"ItemNum" : 18,
	"Diamond" : 63,
	"Discount" : 7,
	"Weight" : 1200,
	"DiscountStr" : "DiscountStr_3"
},
{
	"ID" : 67,
	"VipRange" : "0,2",
	"ItemId" : 11301006,
	"ItemNum" : 18,
	"Diamond" : 63,
	"Discount" : 7,
	"Weight" : 1200,
	"DiscountStr" : "DiscountStr_3"
},
{
	"ID" : 68,
	"VipRange" : "0,2",
	"ItemId" : 11301008,
	"ItemNum" : 7,
	"Diamond" : 49,
	"Discount" : 7,
	"Weight" : 1200,
	"DiscountStr" : "DiscountStr_3"
},
{
	"ID" : 69,
	"VipRange" : "0,2",
	"ItemId" : 11301012,
	"ItemNum" : 7,
	"Diamond" : 49,
	"Discount" : 7,
	"Weight" : 1200,
	"DiscountStr" : "DiscountStr_3"
},
{
	"ID" : 70,
	"VipRange" : "0,2",
	"ItemId" : 11401001,
	"ItemNum" : 5,
	"Diamond" : 20,
	"Discount" : 8,
	"Weight" : 1600,
	"DiscountStr" : "DiscountStr_4"
},
{
	"ID" : 71,
	"VipRange" : "0,2",
	"ItemId" : 11401002,
	"ItemNum" : 5,
	"Diamond" : 20,
	"Discount" : 8,
	"Weight" : 1600,
	"DiscountStr" : "DiscountStr_4"
},
{
	"ID" : 72,
	"VipRange" : "0,2",
	"ItemId" : 11401003,
	"ItemNum" : 5,
	"Diamond" : 40,
	"Discount" : 8,
	"Weight" : 1600,
	"DiscountStr" : "DiscountStr_4"
},
{
	"ID" : 73,
	"VipRange" : "0,2",
	"ItemId" : 11401101,
	"ItemNum" : 1,
	"Diamond" : 40,
	"Discount" : 8,
	"Weight" : 1600,
	"DiscountStr" : "DiscountStr_4"
},
{
	"ID" : 74,
	"VipRange" : "0,2",
	"ItemId" : 11401102,
	"ItemNum" : 1,
	"Diamond" : 40,
	"Discount" : 8,
	"Weight" : 1600,
	"DiscountStr" : "DiscountStr_4"
},
{
	"ID" : 75,
	"VipRange" : "0,2",
	"ItemId" : 11101000,
	"ItemNum" : 4000,
	"Diamond" : 32,
	"Discount" : 8,
	"Weight" : 1600,
	"DiscountStr" : "DiscountStr_4"
},
{
	"ID" : 76,
	"VipRange" : "0,2",
	"ItemId" : 11501000,
	"ItemNum" : 40,
	"Diamond" : 32,
	"Discount" : 8,
	"Weight" : 1600,
	"DiscountStr" : "DiscountStr_4"
},
{
	"ID" : 77,
	"VipRange" : "0,2",
	"ItemId" : 11501041,
	"ItemNum" : 2,
	"Diamond" : 32,
	"Discount" : 8,
	"Weight" : 1600,
	"DiscountStr" : "DiscountStr_4"
},
{
	"ID" : 78,
	"VipRange" : "0,2",
	"ItemId" : 11601001,
	"ItemNum" : 50,
	"Diamond" : 18,
	"Discount" : 8,
	"Weight" : 1600,
	"DiscountStr" : "DiscountStr_4"
},
{
	"ID" : 79,
	"VipRange" : "0,2",
	"ItemId" : 10101080,
	"ItemNum" : 100,
	"Diamond" : 20,
	"Discount" : 8,
	"Weight" : 1600,
	"DiscountStr" : "DiscountStr_4"
},
{
	"ID" : 80,
	"VipRange" : "0,2",
	"ItemId" : 11601003,
	"ItemNum" : 4,
	"Diamond" : 32,
	"Discount" : 8,
	"Weight" : 1600,
	"DiscountStr" : "DiscountStr_4"
},
{
	"ID" : 81,
	"VipRange" : "0,2",
	"ItemId" : 11601007,
	"ItemNum" : 30,
	"Diamond" : 24,
	"Discount" : 8,
	"Weight" : 1600,
	"DiscountStr" : "DiscountStr_4"
},
{
	"ID" : 82,
	"VipRange" : "0,2",
	"ItemId" : 11601101,
	"ItemNum" : 20,
	"Diamond" : 40,
	"Discount" : 8,
	"Weight" : 1600,
	"DiscountStr" : "DiscountStr_4"
},
{
	"ID" : 83,
	"VipRange" : "0,2",
	"ItemId" : 11601102,
	"ItemNum" : 4,
	"Diamond" : 48,
	"Discount" : 8,
	"Weight" : 1600,
	"DiscountStr" : "DiscountStr_4"
},
{
	"ID" : 84,
	"VipRange" : "0,2",
	"ItemId" : 11301001,
	"ItemNum" : 60,
	"Diamond" : 48,
	"Discount" : 8,
	"Weight" : 1600,
	"DiscountStr" : "DiscountStr_4"
},
{
	"ID" : 85,
	"VipRange" : "0,2",
	"ItemId" : 11301013,
	"ItemNum" : 60,
	"Diamond" : 48,
	"Discount" : 8,
	"Weight" : 1600,
	"DiscountStr" : "DiscountStr_4"
},
{
	"ID" : 86,
	"VipRange" : "0,2",
	"ItemId" : 11301002,
	"ItemNum" : 24,
	"Diamond" : 96,
	"Discount" : 8,
	"Weight" : 1600,
	"DiscountStr" : "DiscountStr_4"
},
{
	"ID" : 87,
	"VipRange" : "0,2",
	"ItemId" : 11301003,
	"ItemNum" : 24,
	"Diamond" : 96,
	"Discount" : 8,
	"Weight" : 1600,
	"DiscountStr" : "DiscountStr_4"
},
{
	"ID" : 88,
	"VipRange" : "0,2",
	"ItemId" : 11301004,
	"ItemNum" : 24,
	"Diamond" : 96,
	"Discount" : 8,
	"Weight" : 1600,
	"DiscountStr" : "DiscountStr_4"
},
{
	"ID" : 89,
	"VipRange" : "0,2",
	"ItemId" : 11301005,
	"ItemNum" : 24,
	"Diamond" : 96,
	"Discount" : 8,
	"Weight" : 1600,
	"DiscountStr" : "DiscountStr_4"
},
{
	"ID" : 90,
	"VipRange" : "0,2",
	"ItemId" : 11301006,
	"ItemNum" : 24,
	"Diamond" : 96,
	"Discount" : 8,
	"Weight" : 1600,
	"DiscountStr" : "DiscountStr_4"
},
{
	"ID" : 91,
	"VipRange" : "0,2",
	"ItemId" : 11301008,
	"ItemNum" : 12,
	"Diamond" : 96,
	"Discount" : 8,
	"Weight" : 1600,
	"DiscountStr" : "DiscountStr_4"
},
{
	"ID" : 92,
	"VipRange" : "0,2",
	"ItemId" : 11301012,
	"ItemNum" : 12,
	"Diamond" : 96,
	"Discount" : 8,
	"Weight" : 1600,
	"DiscountStr" : "DiscountStr_4"
},
{
	"ID" : 93,
	"VipRange" : "3,5",
	"ItemId" : 11401001,
	"ItemNum" : 4,
	"Diamond" : 10,
	"Discount" : 5,
	"Weight" : 413,
	"DiscountStr" : "DiscountStr_1"
},
{
	"ID" : 94,
	"VipRange" : "3,5",
	"ItemId" : 11401002,
	"ItemNum" : 4,
	"Diamond" : 10,
	"Discount" : 5,
	"Weight" : 413,
	"DiscountStr" : "DiscountStr_1"
},
{
	"ID" : 95,
	"VipRange" : "3,5",
	"ItemId" : 11401003,
	"ItemNum" : 4,
	"Diamond" : 20,
	"Discount" : 5,
	"Weight" : 413,
	"DiscountStr" : "DiscountStr_1"
},
{
	"ID" : 96,
	"VipRange" : "3,5",
	"ItemId" : 11401101,
	"ItemNum" : 2,
	"Diamond" : 50,
	"Discount" : 5,
	"Weight" : 413,
	"DiscountStr" : "DiscountStr_1"
},
{
	"ID" : 97,
	"VipRange" : "3,5",
	"ItemId" : 11401102,
	"ItemNum" : 2,
	"Diamond" : 50,
	"Discount" : 5,
	"Weight" : 413,
	"DiscountStr" : "DiscountStr_1"
},
{
	"ID" : 98,
	"VipRange" : "3,5",
	"ItemId" : 11101000,
	"ItemNum" : 2000,
	"Diamond" : 10,
	"Discount" : 5,
	"Weight" : 413,
	"DiscountStr" : "DiscountStr_1"
},
{
	"ID" : 99,
	"VipRange" : "3,5",
	"ItemId" : 11501000,
	"ItemNum" : 20,
	"Diamond" : 10,
	"Discount" : 5,
	"Weight" : 413,
	"DiscountStr" : "DiscountStr_1"
},
{
	"ID" : 100,
	"VipRange" : "3,5",
	"ItemId" : 11501041,
	"ItemNum" : 2,
	"Diamond" : 20,
	"Discount" : 5,
	"Weight" : 413,
	"DiscountStr" : "DiscountStr_1"
},
{
	"ID" : 101,
	"VipRange" : "3,5",
	"ItemId" : 11601001,
	"ItemNum" : 100,
	"Diamond" : 23,
	"Discount" : 5,
	"Weight" : 413,
	"DiscountStr" : "DiscountStr_1"
},
{
	"ID" : 102,
	"VipRange" : "3,5",
	"ItemId" : 10101080,
	"ItemNum" : 100,
	"Diamond" : 13,
	"Discount" : 5,
	"Weight" : 413,
	"DiscountStr" : "DiscountStr_1"
},
{
	"ID" : 103,
	"VipRange" : "3,5",
	"ItemId" : 11601003,
	"ItemNum" : 2,
	"Diamond" : 10,
	"Discount" : 5,
	"Weight" : 413,
	"DiscountStr" : "DiscountStr_1"
},
{
	"ID" : 104,
	"VipRange" : "3,5",
	"ItemId" : 11601007,
	"ItemNum" : 20,
	"Diamond" : 10,
	"Discount" : 5,
	"Weight" : 413,
	"DiscountStr" : "DiscountStr_1"
},
{
	"ID" : 105,
	"VipRange" : "3,5",
	"ItemId" : 11601101,
	"ItemNum" : 10,
	"Diamond" : 13,
	"Discount" : 5,
	"Weight" : 413,
	"DiscountStr" : "DiscountStr_1"
},
{
	"ID" : 106,
	"VipRange" : "3,5",
	"ItemId" : 11601102,
	"ItemNum" : 2,
	"Diamond" : 15,
	"Discount" : 5,
	"Weight" : 413,
	"DiscountStr" : "DiscountStr_1"
},
{
	"ID" : 107,
	"VipRange" : "3,5",
	"ItemId" : 11301001,
	"ItemNum" : 24,
	"Diamond" : 12,
	"Discount" : 5,
	"Weight" : 413,
	"DiscountStr" : "DiscountStr_1"
},
{
	"ID" : 108,
	"VipRange" : "3,5",
	"ItemId" : 11301013,
	"ItemNum" : 24,
	"Diamond" : 12,
	"Discount" : 5,
	"Weight" : 413,
	"DiscountStr" : "DiscountStr_1"
},
{
	"ID" : 109,
	"VipRange" : "3,5",
	"ItemId" : 11301002,
	"ItemNum" : 12,
	"Diamond" : 30,
	"Discount" : 5,
	"Weight" : 413,
	"DiscountStr" : "DiscountStr_1"
},
{
	"ID" : 110,
	"VipRange" : "3,5",
	"ItemId" : 11301003,
	"ItemNum" : 12,
	"Diamond" : 30,
	"Discount" : 5,
	"Weight" : 413,
	"DiscountStr" : "DiscountStr_1"
},
{
	"ID" : 111,
	"VipRange" : "3,5",
	"ItemId" : 11301004,
	"ItemNum" : 12,
	"Diamond" : 30,
	"Discount" : 5,
	"Weight" : 413,
	"DiscountStr" : "DiscountStr_1"
},
{
	"ID" : 112,
	"VipRange" : "3,5",
	"ItemId" : 11301005,
	"ItemNum" : 12,
	"Diamond" : 30,
	"Discount" : 5,
	"Weight" : 413,
	"DiscountStr" : "DiscountStr_1"
},
{
	"ID" : 113,
	"VipRange" : "3,5",
	"ItemId" : 11301006,
	"ItemNum" : 12,
	"Diamond" : 30,
	"Discount" : 5,
	"Weight" : 413,
	"DiscountStr" : "DiscountStr_1"
},
{
	"ID" : 114,
	"VipRange" : "3,5",
	"ItemId" : 11301007,
	"ItemNum" : 2,
	"Diamond" : 10,
	"Discount" : 5,
	"Weight" : 413,
	"DiscountStr" : "DiscountStr_1"
},
{
	"ID" : 115,
	"VipRange" : "3,5",
	"ItemId" : 11301008,
	"ItemNum" : 2,
	"Diamond" : 10,
	"Discount" : 5,
	"Weight" : 413,
	"DiscountStr" : "DiscountStr_1"
},
{
	"ID" : 116,
	"VipRange" : "3,5",
	"ItemId" : 11301012,
	"ItemNum" : 2,
	"Diamond" : 10,
	"Discount" : 5,
	"Weight" : 413,
	"DiscountStr" : "DiscountStr_1"
},
{
	"ID" : 117,
	"VipRange" : "3,5",
	"ItemId" : 11401001,
	"ItemNum" : 4,
	"Diamond" : 12,
	"Discount" : 6,
	"Weight" : 792,
	"DiscountStr" : "DiscountStr_2"
},
{
	"ID" : 118,
	"VipRange" : "3,5",
	"ItemId" : 11401002,
	"ItemNum" : 4,
	"Diamond" : 12,
	"Discount" : 6,
	"Weight" : 792,
	"DiscountStr" : "DiscountStr_2"
},
{
	"ID" : 119,
	"VipRange" : "3,5",
	"ItemId" : 11401003,
	"ItemNum" : 4,
	"Diamond" : 24,
	"Discount" : 6,
	"Weight" : 792,
	"DiscountStr" : "DiscountStr_2"
},
{
	"ID" : 120,
	"VipRange" : "3,5",
	"ItemId" : 11401101,
	"ItemNum" : 2,
	"Diamond" : 60,
	"Discount" : 6,
	"Weight" : 792,
	"DiscountStr" : "DiscountStr_2"
},
{
	"ID" : 121,
	"VipRange" : "3,5",
	"ItemId" : 11401102,
	"ItemNum" : 2,
	"Diamond" : 60,
	"Discount" : 6,
	"Weight" : 792,
	"DiscountStr" : "DiscountStr_2"
},
{
	"ID" : 122,
	"VipRange" : "3,5",
	"ItemId" : 11101000,
	"ItemNum" : 4000,
	"Diamond" : 24,
	"Discount" : 6,
	"Weight" : 792,
	"DiscountStr" : "DiscountStr_2"
},
{
	"ID" : 123,
	"VipRange" : "3,5",
	"ItemId" : 11501000,
	"ItemNum" : 40,
	"Diamond" : 24,
	"Discount" : 6,
	"Weight" : 792,
	"DiscountStr" : "DiscountStr_2"
},
{
	"ID" : 124,
	"VipRange" : "3,5",
	"ItemId" : 11501041,
	"ItemNum" : 4,
	"Diamond" : 48,
	"Discount" : 6,
	"Weight" : 792,
	"DiscountStr" : "DiscountStr_2"
},
{
	"ID" : 125,
	"VipRange" : "3,5",
	"ItemId" : 11601001,
	"ItemNum" : 100,
	"Diamond" : 27,
	"Discount" : 6,
	"Weight" : 792,
	"DiscountStr" : "DiscountStr_2"
},
{
	"ID" : 126,
	"VipRange" : "3,5",
	"ItemId" : 10101080,
	"ItemNum" : 100,
	"Diamond" : 15,
	"Discount" : 6,
	"Weight" : 792,
	"DiscountStr" : "DiscountStr_2"
},
{
	"ID" : 127,
	"VipRange" : "3,5",
	"ItemId" : 11601003,
	"ItemNum" : 4,
	"Diamond" : 24,
	"Discount" : 6,
	"Weight" : 792,
	"DiscountStr" : "DiscountStr_2"
},
{
	"ID" : 128,
	"VipRange" : "3,5",
	"ItemId" : 11601007,
	"ItemNum" : 40,
	"Diamond" : 24,
	"Discount" : 6,
	"Weight" : 792,
	"DiscountStr" : "DiscountStr_2"
},
{
	"ID" : 129,
	"VipRange" : "3,5",
	"ItemId" : 11601101,
	"ItemNum" : 10,
	"Diamond" : 15,
	"Discount" : 6,
	"Weight" : 792,
	"DiscountStr" : "DiscountStr_2"
},
{
	"ID" : 130,
	"VipRange" : "3,5",
	"ItemId" : 11601102,
	"ItemNum" : 4,
	"Diamond" : 36,
	"Discount" : 6,
	"Weight" : 792,
	"DiscountStr" : "DiscountStr_2"
},
{
	"ID" : 131,
	"VipRange" : "3,5",
	"ItemId" : 11601103,
	"ItemNum" : 1,
	"Diamond" : 18,
	"Discount" : 6,
	"Weight" : 792,
	"DiscountStr" : "DiscountStr_2"
},
{
	"ID" : 132,
	"VipRange" : "3,5",
	"ItemId" : 11301001,
	"ItemNum" : 36,
	"Diamond" : 22,
	"Discount" : 6,
	"Weight" : 792,
	"DiscountStr" : "DiscountStr_2"
},
{
	"ID" : 133,
	"VipRange" : "3,5",
	"ItemId" : 11301013,
	"ItemNum" : 36,
	"Diamond" : 22,
	"Discount" : 6,
	"Weight" : 792,
	"DiscountStr" : "DiscountStr_2"
},
{
	"ID" : 134,
	"VipRange" : "3,5",
	"ItemId" : 11301002,
	"ItemNum" : 24,
	"Diamond" : 72,
	"Discount" : 6,
	"Weight" : 792,
	"DiscountStr" : "DiscountStr_2"
},
{
	"ID" : 135,
	"VipRange" : "3,5",
	"ItemId" : 11301003,
	"ItemNum" : 24,
	"Diamond" : 72,
	"Discount" : 6,
	"Weight" : 792,
	"DiscountStr" : "DiscountStr_2"
},
{
	"ID" : 136,
	"VipRange" : "3,5",
	"ItemId" : 11301004,
	"ItemNum" : 24,
	"Diamond" : 72,
	"Discount" : 6,
	"Weight" : 792,
	"DiscountStr" : "DiscountStr_2"
},
{
	"ID" : 137,
	"VipRange" : "3,5",
	"ItemId" : 11301005,
	"ItemNum" : 24,
	"Diamond" : 72,
	"Discount" : 6,
	"Weight" : 792,
	"DiscountStr" : "DiscountStr_2"
},
{
	"ID" : 138,
	"VipRange" : "3,5",
	"ItemId" : 11301006,
	"ItemNum" : 24,
	"Diamond" : 72,
	"Discount" : 6,
	"Weight" : 792,
	"DiscountStr" : "DiscountStr_2"
},
{
	"ID" : 139,
	"VipRange" : "3,5",
	"ItemId" : 11301007,
	"ItemNum" : 5,
	"Diamond" : 30,
	"Discount" : 6,
	"Weight" : 792,
	"DiscountStr" : "DiscountStr_2"
},
{
	"ID" : 140,
	"VipRange" : "3,5",
	"ItemId" : 11301008,
	"ItemNum" : 5,
	"Diamond" : 30,
	"Discount" : 6,
	"Weight" : 792,
	"DiscountStr" : "DiscountStr_2"
},
{
	"ID" : 141,
	"VipRange" : "3,5",
	"ItemId" : 11301012,
	"ItemNum" : 5,
	"Diamond" : 30,
	"Discount" : 6,
	"Weight" : 792,
	"DiscountStr" : "DiscountStr_2"
},
{
	"ID" : 142,
	"VipRange" : "3,5",
	"ItemId" : 11401001,
	"ItemNum" : 8,
	"Diamond" : 28,
	"Discount" : 7,
	"Weight" : 1188,
	"DiscountStr" : "DiscountStr_3"
},
{
	"ID" : 143,
	"VipRange" : "3,5",
	"ItemId" : 11401002,
	"ItemNum" : 8,
	"Diamond" : 28,
	"Discount" : 7,
	"Weight" : 1188,
	"DiscountStr" : "DiscountStr_3"
},
{
	"ID" : 144,
	"VipRange" : "3,5",
	"ItemId" : 11401003,
	"ItemNum" : 8,
	"Diamond" : 56,
	"Discount" : 7,
	"Weight" : 1188,
	"DiscountStr" : "DiscountStr_3"
},
{
	"ID" : 145,
	"VipRange" : "3,5",
	"ItemId" : 11401101,
	"ItemNum" : 2,
	"Diamond" : 70,
	"Discount" : 7,
	"Weight" : 1188,
	"DiscountStr" : "DiscountStr_3"
},
{
	"ID" : 146,
	"VipRange" : "3,5",
	"ItemId" : 11401102,
	"ItemNum" : 2,
	"Diamond" : 70,
	"Discount" : 7,
	"Weight" : 1188,
	"DiscountStr" : "DiscountStr_3"
},
{
	"ID" : 147,
	"VipRange" : "3,5",
	"ItemId" : 11101000,
	"ItemNum" : 6000,
	"Diamond" : 42,
	"Discount" : 7,
	"Weight" : 1188,
	"DiscountStr" : "DiscountStr_3"
},
{
	"ID" : 148,
	"VipRange" : "3,5",
	"ItemId" : 11501000,
	"ItemNum" : 60,
	"Diamond" : 42,
	"Discount" : 7,
	"Weight" : 1188,
	"DiscountStr" : "DiscountStr_3"
},
{
	"ID" : 149,
	"VipRange" : "3,5",
	"ItemId" : 11501041,
	"ItemNum" : 4,
	"Diamond" : 56,
	"Discount" : 7,
	"Weight" : 1188,
	"DiscountStr" : "DiscountStr_3"
},
{
	"ID" : 150,
	"VipRange" : "3,5",
	"ItemId" : 11601001,
	"ItemNum" : 100,
	"Diamond" : 32,
	"Discount" : 7,
	"Weight" : 1188,
	"DiscountStr" : "DiscountStr_3"
},
{
	"ID" : 151,
	"VipRange" : "3,5",
	"ItemId" : 10101080,
	"ItemNum" : 200,
	"Diamond" : 35,
	"Discount" : 7,
	"Weight" : 1188,
	"DiscountStr" : "DiscountStr_3"
},
{
	"ID" : 152,
	"VipRange" : "3,5",
	"ItemId" : 11601003,
	"ItemNum" : 4,
	"Diamond" : 28,
	"Discount" : 7,
	"Weight" : 1188,
	"DiscountStr" : "DiscountStr_3"
},
{
	"ID" : 153,
	"VipRange" : "3,5",
	"ItemId" : 11601007,
	"ItemNum" : 40,
	"Diamond" : 28,
	"Discount" : 7,
	"Weight" : 1188,
	"DiscountStr" : "DiscountStr_3"
},
{
	"ID" : 154,
	"VipRange" : "3,5",
	"ItemId" : 11601101,
	"ItemNum" : 20,
	"Diamond" : 35,
	"Discount" : 7,
	"Weight" : 1188,
	"DiscountStr" : "DiscountStr_3"
},
{
	"ID" : 155,
	"VipRange" : "3,5",
	"ItemId" : 11601102,
	"ItemNum" : 4,
	"Diamond" : 42,
	"Discount" : 7,
	"Weight" : 1188,
	"DiscountStr" : "DiscountStr_3"
},
{
	"ID" : 156,
	"VipRange" : "3,5",
	"ItemId" : 11601103,
	"ItemNum" : 1,
	"Diamond" : 21,
	"Discount" : 7,
	"Weight" : 1188,
	"DiscountStr" : "DiscountStr_3"
},
{
	"ID" : 157,
	"VipRange" : "3,5",
	"ItemId" : 11301001,
	"ItemNum" : 48,
	"Diamond" : 34,
	"Discount" : 7,
	"Weight" : 1188,
	"DiscountStr" : "DiscountStr_3"
},
{
	"ID" : 158,
	"VipRange" : "3,5",
	"ItemId" : 11301013,
	"ItemNum" : 48,
	"Diamond" : 34,
	"Discount" : 7,
	"Weight" : 1188,
	"DiscountStr" : "DiscountStr_3"
},
{
	"ID" : 159,
	"VipRange" : "3,5",
	"ItemId" : 11301002,
	"ItemNum" : 36,
	"Diamond" : 126,
	"Discount" : 7,
	"Weight" : 1188,
	"DiscountStr" : "DiscountStr_3"
},
{
	"ID" : 160,
	"VipRange" : "3,5",
	"ItemId" : 11301003,
	"ItemNum" : 36,
	"Diamond" : 126,
	"Discount" : 7,
	"Weight" : 1188,
	"DiscountStr" : "DiscountStr_3"
},
{
	"ID" : 161,
	"VipRange" : "3,5",
	"ItemId" : 11301004,
	"ItemNum" : 36,
	"Diamond" : 126,
	"Discount" : 7,
	"Weight" : 1188,
	"DiscountStr" : "DiscountStr_3"
},
{
	"ID" : 162,
	"VipRange" : "3,5",
	"ItemId" : 11301005,
	"ItemNum" : 36,
	"Diamond" : 126,
	"Discount" : 7,
	"Weight" : 1188,
	"DiscountStr" : "DiscountStr_3"
},
{
	"ID" : 163,
	"VipRange" : "3,5",
	"ItemId" : 11301006,
	"ItemNum" : 36,
	"Diamond" : 126,
	"Discount" : 7,
	"Weight" : 1188,
	"DiscountStr" : "DiscountStr_3"
},
{
	"ID" : 164,
	"VipRange" : "3,5",
	"ItemId" : 11301007,
	"ItemNum" : 7,
	"Diamond" : 49,
	"Discount" : 7,
	"Weight" : 1188,
	"DiscountStr" : "DiscountStr_3"
},
{
	"ID" : 165,
	"VipRange" : "3,5",
	"ItemId" : 11301008,
	"ItemNum" : 7,
	"Diamond" : 49,
	"Discount" : 7,
	"Weight" : 1188,
	"DiscountStr" : "DiscountStr_3"
},
{
	"ID" : 166,
	"VipRange" : "3,5",
	"ItemId" : 11301012,
	"ItemNum" : 7,
	"Diamond" : 49,
	"Discount" : 7,
	"Weight" : 1188,
	"DiscountStr" : "DiscountStr_3"
},
{
	"ID" : 167,
	"VipRange" : "3,5",
	"ItemId" : 11401001,
	"ItemNum" : 10,
	"Diamond" : 40,
	"Discount" : 8,
	"Weight" : 1584,
	"DiscountStr" : "DiscountStr_4"
},
{
	"ID" : 168,
	"VipRange" : "3,5",
	"ItemId" : 11401002,
	"ItemNum" : 10,
	"Diamond" : 40,
	"Discount" : 8,
	"Weight" : 1584,
	"DiscountStr" : "DiscountStr_4"
},
{
	"ID" : 169,
	"VipRange" : "3,5",
	"ItemId" : 11401003,
	"ItemNum" : 10,
	"Diamond" : 80,
	"Discount" : 8,
	"Weight" : 1584,
	"DiscountStr" : "DiscountStr_4"
},
{
	"ID" : 170,
	"VipRange" : "3,5",
	"ItemId" : 11401101,
	"ItemNum" : 2,
	"Diamond" : 80,
	"Discount" : 8,
	"Weight" : 1584,
	"DiscountStr" : "DiscountStr_4"
},
{
	"ID" : 171,
	"VipRange" : "3,5",
	"ItemId" : 11401102,
	"ItemNum" : 2,
	"Diamond" : 80,
	"Discount" : 8,
	"Weight" : 1584,
	"DiscountStr" : "DiscountStr_4"
},
{
	"ID" : 172,
	"VipRange" : "3,5",
	"ItemId" : 11101000,
	"ItemNum" : 8000,
	"Diamond" : 64,
	"Discount" : 8,
	"Weight" : 1584,
	"DiscountStr" : "DiscountStr_4"
},
{
	"ID" : 173,
	"VipRange" : "3,5",
	"ItemId" : 11501000,
	"ItemNum" : 80,
	"Diamond" : 64,
	"Discount" : 8,
	"Weight" : 1584,
	"DiscountStr" : "DiscountStr_4"
},
{
	"ID" : 174,
	"VipRange" : "3,5",
	"ItemId" : 11501041,
	"ItemNum" : 4,
	"Diamond" : 64,
	"Discount" : 8,
	"Weight" : 1584,
	"DiscountStr" : "DiscountStr_4"
},
{
	"ID" : 175,
	"VipRange" : "3,5",
	"ItemId" : 11601001,
	"ItemNum" : 100,
	"Diamond" : 36,
	"Discount" : 8,
	"Weight" : 1584,
	"DiscountStr" : "DiscountStr_4"
},
{
	"ID" : 176,
	"VipRange" : "3,5",
	"ItemId" : 10101080,
	"ItemNum" : 200,
	"Diamond" : 40,
	"Discount" : 8,
	"Weight" : 1584,
	"DiscountStr" : "DiscountStr_4"
},
{
	"ID" : 177,
	"VipRange" : "3,5",
	"ItemId" : 11601003,
	"ItemNum" : 8,
	"Diamond" : 64,
	"Discount" : 8,
	"Weight" : 1584,
	"DiscountStr" : "DiscountStr_4"
},
{
	"ID" : 178,
	"VipRange" : "3,5",
	"ItemId" : 11601007,
	"ItemNum" : 60,
	"Diamond" : 48,
	"Discount" : 8,
	"Weight" : 1584,
	"DiscountStr" : "DiscountStr_4"
},
{
	"ID" : 179,
	"VipRange" : "3,5",
	"ItemId" : 11601101,
	"ItemNum" : 40,
	"Diamond" : 80,
	"Discount" : 8,
	"Weight" : 1584,
	"DiscountStr" : "DiscountStr_4"
},
{
	"ID" : 180,
	"VipRange" : "3,5",
	"ItemId" : 11601102,
	"ItemNum" : 8,
	"Diamond" : 96,
	"Discount" : 8,
	"Weight" : 1584,
	"DiscountStr" : "DiscountStr_4"
},
{
	"ID" : 181,
	"VipRange" : "3,5",
	"ItemId" : 11601103,
	"ItemNum" : 1,
	"Diamond" : 24,
	"Discount" : 8,
	"Weight" : 1584,
	"DiscountStr" : "DiscountStr_4"
},
{
	"ID" : 182,
	"VipRange" : "3,5",
	"ItemId" : 11301001,
	"ItemNum" : 120,
	"Diamond" : 96,
	"Discount" : 8,
	"Weight" : 1584,
	"DiscountStr" : "DiscountStr_4"
},
{
	"ID" : 183,
	"VipRange" : "3,5",
	"ItemId" : 11301013,
	"ItemNum" : 120,
	"Diamond" : 96,
	"Discount" : 8,
	"Weight" : 1584,
	"DiscountStr" : "DiscountStr_4"
},
{
	"ID" : 184,
	"VipRange" : "3,5",
	"ItemId" : 11301002,
	"ItemNum" : 48,
	"Diamond" : 192,
	"Discount" : 8,
	"Weight" : 1584,
	"DiscountStr" : "DiscountStr_4"
},
{
	"ID" : 185,
	"VipRange" : "3,5",
	"ItemId" : 11301003,
	"ItemNum" : 48,
	"Diamond" : 192,
	"Discount" : 8,
	"Weight" : 1584,
	"DiscountStr" : "DiscountStr_4"
},
{
	"ID" : 186,
	"VipRange" : "3,5",
	"ItemId" : 11301004,
	"ItemNum" : 48,
	"Diamond" : 192,
	"Discount" : 8,
	"Weight" : 1584,
	"DiscountStr" : "DiscountStr_4"
},
{
	"ID" : 187,
	"VipRange" : "3,5",
	"ItemId" : 11301005,
	"ItemNum" : 48,
	"Diamond" : 192,
	"Discount" : 8,
	"Weight" : 1584,
	"DiscountStr" : "DiscountStr_4"
},
{
	"ID" : 188,
	"VipRange" : "3,5",
	"ItemId" : 11301006,
	"ItemNum" : 48,
	"Diamond" : 192,
	"Discount" : 8,
	"Weight" : 1584,
	"DiscountStr" : "DiscountStr_4"
},
{
	"ID" : 189,
	"VipRange" : "3,5",
	"ItemId" : 11301007,
	"ItemNum" : 12,
	"Diamond" : 96,
	"Discount" : 8,
	"Weight" : 1584,
	"DiscountStr" : "DiscountStr_4"
},
{
	"ID" : 190,
	"VipRange" : "3,5",
	"ItemId" : 11301008,
	"ItemNum" : 12,
	"Diamond" : 96,
	"Discount" : 8,
	"Weight" : 1584,
	"DiscountStr" : "DiscountStr_4"
},
{
	"ID" : 191,
	"VipRange" : "3,5",
	"ItemId" : 11301012,
	"ItemNum" : 12,
	"Diamond" : 96,
	"Discount" : 8,
	"Weight" : 1584,
	"DiscountStr" : "DiscountStr_4"
},
{
	"ID" : 192,
	"VipRange" : "6,8",
	"ItemId" : 11401001,
	"ItemNum" : 8,
	"Diamond" : 20,
	"Discount" : 5,
	"Weight" : 414,
	"DiscountStr" : "DiscountStr_1"
},
{
	"ID" : 193,
	"VipRange" : "6,8",
	"ItemId" : 11401002,
	"ItemNum" : 8,
	"Diamond" : 20,
	"Discount" : 5,
	"Weight" : 414,
	"DiscountStr" : "DiscountStr_1"
},
{
	"ID" : 194,
	"VipRange" : "6,8",
	"ItemId" : 11401003,
	"ItemNum" : 8,
	"Diamond" : 40,
	"Discount" : 5,
	"Weight" : 414,
	"DiscountStr" : "DiscountStr_1"
},
{
	"ID" : 195,
	"VipRange" : "6,8",
	"ItemId" : 11401101,
	"ItemNum" : 4,
	"Diamond" : 100,
	"Discount" : 5,
	"Weight" : 414,
	"DiscountStr" : "DiscountStr_1"
},
{
	"ID" : 196,
	"VipRange" : "6,8",
	"ItemId" : 11401102,
	"ItemNum" : 4,
	"Diamond" : 100,
	"Discount" : 5,
	"Weight" : 414,
	"DiscountStr" : "DiscountStr_1"
},
{
	"ID" : 197,
	"VipRange" : "6,8",
	"ItemId" : 11101000,
	"ItemNum" : 4000,
	"Diamond" : 20,
	"Discount" : 5,
	"Weight" : 414,
	"DiscountStr" : "DiscountStr_1"
},
{
	"ID" : 198,
	"VipRange" : "6,8",
	"ItemId" : 11501000,
	"ItemNum" : 40,
	"Diamond" : 20,
	"Discount" : 5,
	"Weight" : 414,
	"DiscountStr" : "DiscountStr_1"
},
{
	"ID" : 199,
	"VipRange" : "6,8",
	"ItemId" : 11501041,
	"ItemNum" : 4,
	"Diamond" : 40,
	"Discount" : 5,
	"Weight" : 414,
	"DiscountStr" : "DiscountStr_1"
},
{
	"ID" : 200,
	"VipRange" : "6,8",
	"ItemId" : 11601001,
	"ItemNum" : 200,
	"Diamond" : 45,
	"Discount" : 5,
	"Weight" : 414,
	"DiscountStr" : "DiscountStr_1"
},
{
	"ID" : 201,
	"VipRange" : "6,8",
	"ItemId" : 10101080,
	"ItemNum" : 200,
	"Diamond" : 25,
	"Discount" : 5,
	"Weight" : 414,
	"DiscountStr" : "DiscountStr_1"
},
{
	"ID" : 202,
	"VipRange" : "6,8",
	"ItemId" : 11601003,
	"ItemNum" : 4,
	"Diamond" : 20,
	"Discount" : 5,
	"Weight" : 414,
	"DiscountStr" : "DiscountStr_1"
},
{
	"ID" : 203,
	"VipRange" : "6,8",
	"ItemId" : 11601007,
	"ItemNum" : 40,
	"Diamond" : 20,
	"Discount" : 5,
	"Weight" : 414,
	"DiscountStr" : "DiscountStr_1"
},
{
	"ID" : 204,
	"VipRange" : "6,8",
	"ItemId" : 11601101,
	"ItemNum" : 20,
	"Diamond" : 25,
	"Discount" : 5,
	"Weight" : 414,
	"DiscountStr" : "DiscountStr_1"
},
{
	"ID" : 205,
	"VipRange" : "6,8",
	"ItemId" : 11601102,
	"ItemNum" : 4,
	"Diamond" : 30,
	"Discount" : 5,
	"Weight" : 414,
	"DiscountStr" : "DiscountStr_1"
},
{
	"ID" : 206,
	"VipRange" : "6,8",
	"ItemId" : 11601103,
	"ItemNum" : 2,
	"Diamond" : 30,
	"Discount" : 5,
	"Weight" : 414,
	"DiscountStr" : "DiscountStr_1"
},
{
	"ID" : 207,
	"VipRange" : "6,8",
	"ItemId" : 11301001,
	"ItemNum" : 24,
	"Diamond" : 12,
	"Discount" : 5,
	"Weight" : 414,
	"DiscountStr" : "DiscountStr_1"
},
{
	"ID" : 208,
	"VipRange" : "6,8",
	"ItemId" : 11301013,
	"ItemNum" : 24,
	"Diamond" : 12,
	"Discount" : 5,
	"Weight" : 414,
	"DiscountStr" : "DiscountStr_1"
},
{
	"ID" : 209,
	"VipRange" : "6,8",
	"ItemId" : 11301002,
	"ItemNum" : 18,
	"Diamond" : 45,
	"Discount" : 5,
	"Weight" : 414,
	"DiscountStr" : "DiscountStr_1"
},
{
	"ID" : 210,
	"VipRange" : "6,8",
	"ItemId" : 11301003,
	"ItemNum" : 18,
	"Diamond" : 45,
	"Discount" : 5,
	"Weight" : 414,
	"DiscountStr" : "DiscountStr_1"
},
{
	"ID" : 211,
	"VipRange" : "6,8",
	"ItemId" : 11301004,
	"ItemNum" : 18,
	"Diamond" : 45,
	"Discount" : 5,
	"Weight" : 414,
	"DiscountStr" : "DiscountStr_1"
},
{
	"ID" : 212,
	"VipRange" : "6,8",
	"ItemId" : 11301005,
	"ItemNum" : 18,
	"Diamond" : 45,
	"Discount" : 5,
	"Weight" : 414,
	"DiscountStr" : "DiscountStr_1"
},
{
	"ID" : 213,
	"VipRange" : "6,8",
	"ItemId" : 11301006,
	"ItemNum" : 18,
	"Diamond" : 45,
	"Discount" : 5,
	"Weight" : 414,
	"DiscountStr" : "DiscountStr_1"
},
{
	"ID" : 214,
	"VipRange" : "6,8",
	"ItemId" : 11301007,
	"ItemNum" : 8,
	"Diamond" : 40,
	"Discount" : 5,
	"Weight" : 414,
	"DiscountStr" : "DiscountStr_1"
},
{
	"ID" : 215,
	"VipRange" : "6,8",
	"ItemId" : 11301008,
	"ItemNum" : 8,
	"Diamond" : 40,
	"Discount" : 5,
	"Weight" : 414,
	"DiscountStr" : "DiscountStr_1"
},
{
	"ID" : 216,
	"VipRange" : "6,8",
	"ItemId" : 11301009,
	"ItemNum" : 1,
	"Diamond" : 25,
	"Discount" : 5,
	"Weight" : 414,
	"DiscountStr" : "DiscountStr_1"
},
{
	"ID" : 217,
	"VipRange" : "6,8",
	"ItemId" : 11301010,
	"ItemNum" : 1,
	"Diamond" : 25,
	"Discount" : 5,
	"Weight" : 414,
	"DiscountStr" : "DiscountStr_1"
},
{
	"ID" : 218,
	"VipRange" : "6,8",
	"ItemId" : 11301011,
	"ItemNum" : 1,
	"Diamond" : 25,
	"Discount" : 5,
	"Weight" : 414,
	"DiscountStr" : "DiscountStr_1"
},
{
	"ID" : 219,
	"VipRange" : "6,8",
	"ItemId" : 11301012,
	"ItemNum" : 8,
	"Diamond" : 40,
	"Discount" : 5,
	"Weight" : 414,
	"DiscountStr" : "DiscountStr_1"
},
{
	"ID" : 220,
	"VipRange" : "6,8",
	"ItemId" : 11401001,
	"ItemNum" : 8,
	"Diamond" : 24,
	"Discount" : 6,
	"Weight" : 800,
	"DiscountStr" : "DiscountStr_2"
},
{
	"ID" : 221,
	"VipRange" : "6,8",
	"ItemId" : 11401002,
	"ItemNum" : 8,
	"Diamond" : 24,
	"Discount" : 6,
	"Weight" : 800,
	"DiscountStr" : "DiscountStr_2"
},
{
	"ID" : 222,
	"VipRange" : "6,8",
	"ItemId" : 11401003,
	"ItemNum" : 8,
	"Diamond" : 48,
	"Discount" : 6,
	"Weight" : 800,
	"DiscountStr" : "DiscountStr_2"
},
{
	"ID" : 223,
	"VipRange" : "6,8",
	"ItemId" : 11401101,
	"ItemNum" : 4,
	"Diamond" : 120,
	"Discount" : 6,
	"Weight" : 800,
	"DiscountStr" : "DiscountStr_2"
},
{
	"ID" : 224,
	"VipRange" : "6,8",
	"ItemId" : 11401102,
	"ItemNum" : 4,
	"Diamond" : 120,
	"Discount" : 6,
	"Weight" : 800,
	"DiscountStr" : "DiscountStr_2"
},
{
	"ID" : 225,
	"VipRange" : "6,8",
	"ItemId" : 11101000,
	"ItemNum" : 8000,
	"Diamond" : 48,
	"Discount" : 6,
	"Weight" : 800,
	"DiscountStr" : "DiscountStr_2"
},
{
	"ID" : 226,
	"VipRange" : "6,8",
	"ItemId" : 11501000,
	"ItemNum" : 80,
	"Diamond" : 48,
	"Discount" : 6,
	"Weight" : 800,
	"DiscountStr" : "DiscountStr_2"
},
{
	"ID" : 227,
	"VipRange" : "6,8",
	"ItemId" : 11501041,
	"ItemNum" : 8,
	"Diamond" : 96,
	"Discount" : 6,
	"Weight" : 800,
	"DiscountStr" : "DiscountStr_2"
},
{
	"ID" : 228,
	"VipRange" : "6,8",
	"ItemId" : 11601001,
	"ItemNum" : 200,
	"Diamond" : 54,
	"Discount" : 6,
	"Weight" : 800,
	"DiscountStr" : "DiscountStr_2"
},
{
	"ID" : 229,
	"VipRange" : "6,8",
	"ItemId" : 10101080,
	"ItemNum" : 200,
	"Diamond" : 30,
	"Discount" : 6,
	"Weight" : 800,
	"DiscountStr" : "DiscountStr_2"
},
{
	"ID" : 230,
	"VipRange" : "6,8",
	"ItemId" : 11601003,
	"ItemNum" : 8,
	"Diamond" : 48,
	"Discount" : 6,
	"Weight" : 800,
	"DiscountStr" : "DiscountStr_2"
},
{
	"ID" : 231,
	"VipRange" : "6,8",
	"ItemId" : 11601007,
	"ItemNum" : 80,
	"Diamond" : 48,
	"Discount" : 6,
	"Weight" : 800,
	"DiscountStr" : "DiscountStr_2"
},
{
	"ID" : 232,
	"VipRange" : "6,8",
	"ItemId" : 11601101,
	"ItemNum" : 20,
	"Diamond" : 30,
	"Discount" : 6,
	"Weight" : 800,
	"DiscountStr" : "DiscountStr_2"
},
{
	"ID" : 233,
	"VipRange" : "6,8",
	"ItemId" : 11601102,
	"ItemNum" : 8,
	"Diamond" : 72,
	"Discount" : 6,
	"Weight" : 800,
	"DiscountStr" : "DiscountStr_2"
},
{
	"ID" : 234,
	"VipRange" : "6,8",
	"ItemId" : 11601103,
	"ItemNum" : 4,
	"Diamond" : 72,
	"Discount" : 6,
	"Weight" : 800,
	"DiscountStr" : "DiscountStr_2"
},
{
	"ID" : 235,
	"VipRange" : "6,8",
	"ItemId" : 11601104,
	"ItemNum" : 1,
	"Diamond" : 54,
	"Discount" : 6,
	"Weight" : 800,
	"DiscountStr" : "DiscountStr_2"
},
{
	"ID" : 236,
	"VipRange" : "6,8",
	"ItemId" : 11301001,
	"ItemNum" : 36,
	"Diamond" : 22,
	"Discount" : 6,
	"Weight" : 800,
	"DiscountStr" : "DiscountStr_2"
},
{
	"ID" : 237,
	"VipRange" : "6,8",
	"ItemId" : 11301013,
	"ItemNum" : 36,
	"Diamond" : 22,
	"Discount" : 6,
	"Weight" : 800,
	"DiscountStr" : "DiscountStr_2"
},
{
	"ID" : 238,
	"VipRange" : "6,8",
	"ItemId" : 11301002,
	"ItemNum" : 36,
	"Diamond" : 108,
	"Discount" : 6,
	"Weight" : 800,
	"DiscountStr" : "DiscountStr_2"
},
{
	"ID" : 239,
	"VipRange" : "6,8",
	"ItemId" : 11301003,
	"ItemNum" : 36,
	"Diamond" : 108,
	"Discount" : 6,
	"Weight" : 800,
	"DiscountStr" : "DiscountStr_2"
},
{
	"ID" : 240,
	"VipRange" : "6,8",
	"ItemId" : 11301004,
	"ItemNum" : 36,
	"Diamond" : 108,
	"Discount" : 6,
	"Weight" : 800,
	"DiscountStr" : "DiscountStr_2"
},
{
	"ID" : 241,
	"VipRange" : "6,8",
	"ItemId" : 11301005,
	"ItemNum" : 36,
	"Diamond" : 108,
	"Discount" : 6,
	"Weight" : 800,
	"DiscountStr" : "DiscountStr_2"
},
{
	"ID" : 242,
	"VipRange" : "6,8",
	"ItemId" : 11301006,
	"ItemNum" : 36,
	"Diamond" : 108,
	"Discount" : 6,
	"Weight" : 800,
	"DiscountStr" : "DiscountStr_2"
},
{
	"ID" : 243,
	"VipRange" : "6,8",
	"ItemId" : 11301007,
	"ItemNum" : 16,
	"Diamond" : 96,
	"Discount" : 6,
	"Weight" : 800,
	"DiscountStr" : "DiscountStr_2"
},
{
	"ID" : 244,
	"VipRange" : "6,8",
	"ItemId" : 11301008,
	"ItemNum" : 16,
	"Diamond" : 96,
	"Discount" : 6,
	"Weight" : 800,
	"DiscountStr" : "DiscountStr_2"
},
{
	"ID" : 245,
	"VipRange" : "6,8",
	"ItemId" : 11301009,
	"ItemNum" : 2,
	"Diamond" : 60,
	"Discount" : 6,
	"Weight" : 800,
	"DiscountStr" : "DiscountStr_2"
},
{
	"ID" : 246,
	"VipRange" : "6,8",
	"ItemId" : 11301010,
	"ItemNum" : 2,
	"Diamond" : 60,
	"Discount" : 6,
	"Weight" : 800,
	"DiscountStr" : "DiscountStr_2"
},
{
	"ID" : 247,
	"VipRange" : "6,8",
	"ItemId" : 11301011,
	"ItemNum" : 2,
	"Diamond" : 60,
	"Discount" : 6,
	"Weight" : 800,
	"DiscountStr" : "DiscountStr_2"
},
{
	"ID" : 248,
	"VipRange" : "6,8",
	"ItemId" : 11301012,
	"ItemNum" : 16,
	"Diamond" : 96,
	"Discount" : 6,
	"Weight" : 800,
	"DiscountStr" : "DiscountStr_2"
},
{
	"ID" : 249,
	"VipRange" : "6,8",
	"ItemId" : 11401001,
	"ItemNum" : 16,
	"Diamond" : 56,
	"Discount" : 7,
	"Weight" : 1200,
	"DiscountStr" : "DiscountStr_3"
},
{
	"ID" : 250,
	"VipRange" : "6,8",
	"ItemId" : 11401002,
	"ItemNum" : 16,
	"Diamond" : 56,
	"Discount" : 7,
	"Weight" : 1200,
	"DiscountStr" : "DiscountStr_3"
},
{
	"ID" : 251,
	"VipRange" : "6,8",
	"ItemId" : 11401003,
	"ItemNum" : 16,
	"Diamond" : 112,
	"Discount" : 7,
	"Weight" : 1200,
	"DiscountStr" : "DiscountStr_3"
},
{
	"ID" : 252,
	"VipRange" : "6,8",
	"ItemId" : 11401101,
	"ItemNum" : 4,
	"Diamond" : 140,
	"Discount" : 7,
	"Weight" : 1200,
	"DiscountStr" : "DiscountStr_3"
},
{
	"ID" : 253,
	"VipRange" : "6,8",
	"ItemId" : 11401102,
	"ItemNum" : 4,
	"Diamond" : 140,
	"Discount" : 7,
	"Weight" : 1200,
	"DiscountStr" : "DiscountStr_3"
},
{
	"ID" : 254,
	"VipRange" : "6,8",
	"ItemId" : 11101000,
	"ItemNum" : 12000,
	"Diamond" : 84,
	"Discount" : 7,
	"Weight" : 1200,
	"DiscountStr" : "DiscountStr_3"
},
{
	"ID" : 255,
	"VipRange" : "6,8",
	"ItemId" : 11501000,
	"ItemNum" : 120,
	"Diamond" : 84,
	"Discount" : 7,
	"Weight" : 1200,
	"DiscountStr" : "DiscountStr_3"
},
{
	"ID" : 256,
	"VipRange" : "6,8",
	"ItemId" : 11501041,
	"ItemNum" : 8,
	"Diamond" : 112,
	"Discount" : 7,
	"Weight" : 1200,
	"DiscountStr" : "DiscountStr_3"
},
{
	"ID" : 257,
	"VipRange" : "6,8",
	"ItemId" : 11601001,
	"ItemNum" : 200,
	"Diamond" : 63,
	"Discount" : 7,
	"Weight" : 1200,
	"DiscountStr" : "DiscountStr_3"
},
{
	"ID" : 258,
	"VipRange" : "6,8",
	"ItemId" : 10101080,
	"ItemNum" : 400,
	"Diamond" : 70,
	"Discount" : 7,
	"Weight" : 1200,
	"DiscountStr" : "DiscountStr_3"
},
{
	"ID" : 259,
	"VipRange" : "6,8",
	"ItemId" : 11601003,
	"ItemNum" : 8,
	"Diamond" : 56,
	"Discount" : 7,
	"Weight" : 1200,
	"DiscountStr" : "DiscountStr_3"
},
{
	"ID" : 260,
	"VipRange" : "6,8",
	"ItemId" : 11601007,
	"ItemNum" : 80,
	"Diamond" : 56,
	"Discount" : 7,
	"Weight" : 1200,
	"DiscountStr" : "DiscountStr_3"
},
{
	"ID" : 261,
	"VipRange" : "6,8",
	"ItemId" : 11601101,
	"ItemNum" : 40,
	"Diamond" : 70,
	"Discount" : 7,
	"Weight" : 1200,
	"DiscountStr" : "DiscountStr_3"
},
{
	"ID" : 262,
	"VipRange" : "6,8",
	"ItemId" : 11601102,
	"ItemNum" : 8,
	"Diamond" : 84,
	"Discount" : 7,
	"Weight" : 1200,
	"DiscountStr" : "DiscountStr_3"
},
{
	"ID" : 263,
	"VipRange" : "6,8",
	"ItemId" : 11601103,
	"ItemNum" : 4,
	"Diamond" : 84,
	"Discount" : 7,
	"Weight" : 1200,
	"DiscountStr" : "DiscountStr_3"
},
{
	"ID" : 264,
	"VipRange" : "6,8",
	"ItemId" : 11601104,
	"ItemNum" : 2,
	"Diamond" : 126,
	"Discount" : 7,
	"Weight" : 1200,
	"DiscountStr" : "DiscountStr_3"
},
{
	"ID" : 265,
	"VipRange" : "6,8",
	"ItemId" : 11301001,
	"ItemNum" : 48,
	"Diamond" : 34,
	"Discount" : 7,
	"Weight" : 1200,
	"DiscountStr" : "DiscountStr_3"
},
{
	"ID" : 266,
	"VipRange" : "6,8",
	"ItemId" : 11301013,
	"ItemNum" : 48,
	"Diamond" : 34,
	"Discount" : 7,
	"Weight" : 1200,
	"DiscountStr" : "DiscountStr_3"
},
{
	"ID" : 267,
	"VipRange" : "6,8",
	"ItemId" : 11301002,
	"ItemNum" : 54,
	"Diamond" : 189,
	"Discount" : 7,
	"Weight" : 1200,
	"DiscountStr" : "DiscountStr_3"
},
{
	"ID" : 268,
	"VipRange" : "6,8",
	"ItemId" : 11301003,
	"ItemNum" : 54,
	"Diamond" : 189,
	"Discount" : 7,
	"Weight" : 1200,
	"DiscountStr" : "DiscountStr_3"
},
{
	"ID" : 269,
	"VipRange" : "6,8",
	"ItemId" : 11301004,
	"ItemNum" : 54,
	"Diamond" : 189,
	"Discount" : 7,
	"Weight" : 1200,
	"DiscountStr" : "DiscountStr_3"
},
{
	"ID" : 270,
	"VipRange" : "6,8",
	"ItemId" : 11301005,
	"ItemNum" : 54,
	"Diamond" : 189,
	"Discount" : 7,
	"Weight" : 1200,
	"DiscountStr" : "DiscountStr_3"
},
{
	"ID" : 271,
	"VipRange" : "6,8",
	"ItemId" : 11301006,
	"ItemNum" : 54,
	"Diamond" : 189,
	"Discount" : 7,
	"Weight" : 1200,
	"DiscountStr" : "DiscountStr_3"
},
{
	"ID" : 272,
	"VipRange" : "6,8",
	"ItemId" : 11301007,
	"ItemNum" : 22,
	"Diamond" : 154,
	"Discount" : 7,
	"Weight" : 1200,
	"DiscountStr" : "DiscountStr_3"
},
{
	"ID" : 273,
	"VipRange" : "6,8",
	"ItemId" : 11301008,
	"ItemNum" : 22,
	"Diamond" : 154,
	"Discount" : 7,
	"Weight" : 1200,
	"DiscountStr" : "DiscountStr_3"
},
{
	"ID" : 274,
	"VipRange" : "6,8",
	"ItemId" : 11301009,
	"ItemNum" : 3,
	"Diamond" : 105,
	"Discount" : 7,
	"Weight" : 1200,
	"DiscountStr" : "DiscountStr_3"
},
{
	"ID" : 275,
	"VipRange" : "6,8",
	"ItemId" : 11301010,
	"ItemNum" : 3,
	"Diamond" : 105,
	"Discount" : 7,
	"Weight" : 1200,
	"DiscountStr" : "DiscountStr_3"
},
{
	"ID" : 276,
	"VipRange" : "6,8",
	"ItemId" : 11301011,
	"ItemNum" : 3,
	"Diamond" : 105,
	"Discount" : 7,
	"Weight" : 1200,
	"DiscountStr" : "DiscountStr_3"
},
{
	"ID" : 277,
	"VipRange" : "6,8",
	"ItemId" : 11301012,
	"ItemNum" : 22,
	"Diamond" : 154,
	"Discount" : 7,
	"Weight" : 1200,
	"DiscountStr" : "DiscountStr_3"
},
{
	"ID" : 278,
	"VipRange" : "6,8",
	"ItemId" : 11401001,
	"ItemNum" : 20,
	"Diamond" : 80,
	"Discount" : 8,
	"Weight" : 1547,
	"DiscountStr" : "DiscountStr_4"
},
{
	"ID" : 279,
	"VipRange" : "6,8",
	"ItemId" : 11401002,
	"ItemNum" : 20,
	"Diamond" : 80,
	"Discount" : 8,
	"Weight" : 1547,
	"DiscountStr" : "DiscountStr_4"
},
{
	"ID" : 280,
	"VipRange" : "6,8",
	"ItemId" : 11401003,
	"ItemNum" : 20,
	"Diamond" : 160,
	"Discount" : 8,
	"Weight" : 1547,
	"DiscountStr" : "DiscountStr_4"
},
{
	"ID" : 281,
	"VipRange" : "6,8",
	"ItemId" : 11401101,
	"ItemNum" : 4,
	"Diamond" : 160,
	"Discount" : 8,
	"Weight" : 1547,
	"DiscountStr" : "DiscountStr_4"
},
{
	"ID" : 282,
	"VipRange" : "6,8",
	"ItemId" : 11401102,
	"ItemNum" : 4,
	"Diamond" : 160,
	"Discount" : 8,
	"Weight" : 1547,
	"DiscountStr" : "DiscountStr_4"
},
{
	"ID" : 283,
	"VipRange" : "6,8",
	"ItemId" : 11101000,
	"ItemNum" : 16000,
	"Diamond" : 128,
	"Discount" : 8,
	"Weight" : 1547,
	"DiscountStr" : "DiscountStr_4"
},
{
	"ID" : 284,
	"VipRange" : "6,8",
	"ItemId" : 11501000,
	"ItemNum" : 160,
	"Diamond" : 128,
	"Discount" : 8,
	"Weight" : 1547,
	"DiscountStr" : "DiscountStr_4"
},
{
	"ID" : 285,
	"VipRange" : "6,8",
	"ItemId" : 11501041,
	"ItemNum" : 8,
	"Diamond" : 128,
	"Discount" : 8,
	"Weight" : 1547,
	"DiscountStr" : "DiscountStr_4"
},
{
	"ID" : 286,
	"VipRange" : "6,8",
	"ItemId" : 11601001,
	"ItemNum" : 200,
	"Diamond" : 72,
	"Discount" : 8,
	"Weight" : 1547,
	"DiscountStr" : "DiscountStr_4"
},
{
	"ID" : 287,
	"VipRange" : "6,8",
	"ItemId" : 10101080,
	"ItemNum" : 400,
	"Diamond" : 80,
	"Discount" : 8,
	"Weight" : 1547,
	"DiscountStr" : "DiscountStr_4"
},
{
	"ID" : 288,
	"VipRange" : "6,8",
	"ItemId" : 11601003,
	"ItemNum" : 16,
	"Diamond" : 128,
	"Discount" : 8,
	"Weight" : 1547,
	"DiscountStr" : "DiscountStr_4"
},
{
	"ID" : 289,
	"VipRange" : "6,8",
	"ItemId" : 11601007,
	"ItemNum" : 120,
	"Diamond" : 96,
	"Discount" : 8,
	"Weight" : 1547,
	"DiscountStr" : "DiscountStr_4"
},
{
	"ID" : 290,
	"VipRange" : "6,8",
	"ItemId" : 11601101,
	"ItemNum" : 80,
	"Diamond" : 160,
	"Discount" : 8,
	"Weight" : 1547,
	"DiscountStr" : "DiscountStr_4"
},
{
	"ID" : 291,
	"VipRange" : "6,8",
	"ItemId" : 11601102,
	"ItemNum" : 16,
	"Diamond" : 192,
	"Discount" : 8,
	"Weight" : 1547,
	"DiscountStr" : "DiscountStr_4"
},
{
	"ID" : 292,
	"VipRange" : "6,8",
	"ItemId" : 11601103,
	"ItemNum" : 7,
	"Diamond" : 168,
	"Discount" : 8,
	"Weight" : 1547,
	"DiscountStr" : "DiscountStr_4"
},
{
	"ID" : 293,
	"VipRange" : "6,8",
	"ItemId" : 11601104,
	"ItemNum" : 2,
	"Diamond" : 144,
	"Discount" : 8,
	"Weight" : 1547,
	"DiscountStr" : "DiscountStr_4"
},
{
	"ID" : 294,
	"VipRange" : "6,8",
	"ItemId" : 11601105,
	"ItemNum" : 1,
	"Diamond" : 192,
	"Discount" : 8,
	"Weight" : 1547,
	"DiscountStr" : "DiscountStr_4"
},
{
	"ID" : 295,
	"VipRange" : "6,8",
	"ItemId" : 11301001,
	"ItemNum" : 120,
	"Diamond" : 96,
	"Discount" : 8,
	"Weight" : 1547,
	"DiscountStr" : "DiscountStr_4"
},
{
	"ID" : 296,
	"VipRange" : "6,8",
	"ItemId" : 11301013,
	"ItemNum" : 120,
	"Diamond" : 96,
	"Discount" : 8,
	"Weight" : 1547,
	"DiscountStr" : "DiscountStr_4"
},
{
	"ID" : 297,
	"VipRange" : "6,8",
	"ItemId" : 11301002,
	"ItemNum" : 72,
	"Diamond" : 288,
	"Discount" : 8,
	"Weight" : 1547,
	"DiscountStr" : "DiscountStr_4"
},
{
	"ID" : 298,
	"VipRange" : "6,8",
	"ItemId" : 11301003,
	"ItemNum" : 72,
	"Diamond" : 288,
	"Discount" : 8,
	"Weight" : 1547,
	"DiscountStr" : "DiscountStr_4"
},
{
	"ID" : 299,
	"VipRange" : "6,8",
	"ItemId" : 11301004,
	"ItemNum" : 72,
	"Diamond" : 288,
	"Discount" : 8,
	"Weight" : 1547,
	"DiscountStr" : "DiscountStr_4"
},
{
	"ID" : 300,
	"VipRange" : "6,8",
	"ItemId" : 11301005,
	"ItemNum" : 72,
	"Diamond" : 288,
	"Discount" : 8,
	"Weight" : 1547,
	"DiscountStr" : "DiscountStr_4"
},
{
	"ID" : 301,
	"VipRange" : "6,8",
	"ItemId" : 11301006,
	"ItemNum" : 72,
	"Diamond" : 288,
	"Discount" : 8,
	"Weight" : 1547,
	"DiscountStr" : "DiscountStr_4"
},
{
	"ID" : 302,
	"VipRange" : "6,8",
	"ItemId" : 11301007,
	"ItemNum" : 36,
	"Diamond" : 288,
	"Discount" : 8,
	"Weight" : 1547,
	"DiscountStr" : "DiscountStr_4"
},
{
	"ID" : 303,
	"VipRange" : "6,8",
	"ItemId" : 11301008,
	"ItemNum" : 36,
	"Diamond" : 288,
	"Discount" : 8,
	"Weight" : 1547,
	"DiscountStr" : "DiscountStr_4"
},
{
	"ID" : 304,
	"VipRange" : "6,8",
	"ItemId" : 11301009,
	"ItemNum" : 4,
	"Diamond" : 160,
	"Discount" : 8,
	"Weight" : 1547,
	"DiscountStr" : "DiscountStr_4"
},
{
	"ID" : 305,
	"VipRange" : "6,8",
	"ItemId" : 11301010,
	"ItemNum" : 4,
	"Diamond" : 160,
	"Discount" : 8,
	"Weight" : 1547,
	"DiscountStr" : "DiscountStr_4"
},
{
	"ID" : 306,
	"VipRange" : "6,8",
	"ItemId" : 11301011,
	"ItemNum" : 4,
	"Diamond" : 160,
	"Discount" : 8,
	"Weight" : 1547,
	"DiscountStr" : "DiscountStr_4"
},
{
	"ID" : 307,
	"VipRange" : "6,8",
	"ItemId" : 11301012,
	"ItemNum" : 36,
	"Diamond" : 288,
	"Discount" : 8,
	"Weight" : 1547,
	"DiscountStr" : "DiscountStr_4"
},
{
	"ID" : 308,
	"VipRange" : "9,12",
	"ItemId" : 11401001,
	"ItemNum" : 12,
	"Diamond" : 30,
	"Discount" : 5,
	"Weight" : 503,
	"DiscountStr" : "DiscountStr_1"
},
{
	"ID" : 309,
	"VipRange" : "9,12",
	"ItemId" : 11401002,
	"ItemNum" : 12,
	"Diamond" : 30,
	"Discount" : 5,
	"Weight" : 503,
	"DiscountStr" : "DiscountStr_1"
},
{
	"ID" : 310,
	"VipRange" : "9,12",
	"ItemId" : 11401003,
	"ItemNum" : 12,
	"Diamond" : 60,
	"Discount" : 5,
	"Weight" : 503,
	"DiscountStr" : "DiscountStr_1"
},
{
	"ID" : 311,
	"VipRange" : "9,12",
	"ItemId" : 11401101,
	"ItemNum" : 10,
	"Diamond" : 250,
	"Discount" : 5,
	"Weight" : 503,
	"DiscountStr" : "DiscountStr_1"
},
{
	"ID" : 312,
	"VipRange" : "9,12",
	"ItemId" : 11401102,
	"ItemNum" : 10,
	"Diamond" : 250,
	"Discount" : 5,
	"Weight" : 503,
	"DiscountStr" : "DiscountStr_1"
},
{
	"ID" : 313,
	"VipRange" : "9,12",
	"ItemId" : 11101000,
	"ItemNum" : 10000,
	"Diamond" : 50,
	"Discount" : 5,
	"Weight" : 503,
	"DiscountStr" : "DiscountStr_1"
},
{
	"ID" : 314,
	"VipRange" : "9,12",
	"ItemId" : 11501000,
	"ItemNum" : 100,
	"Diamond" : 50,
	"Discount" : 5,
	"Weight" : 503,
	"DiscountStr" : "DiscountStr_1"
},
{
	"ID" : 315,
	"VipRange" : "9,12",
	"ItemId" : 11501041,
	"ItemNum" : 10,
	"Diamond" : 100,
	"Discount" : 5,
	"Weight" : 503,
	"DiscountStr" : "DiscountStr_1"
},
{
	"ID" : 316,
	"VipRange" : "9,12",
	"ItemId" : 11601001,
	"ItemNum" : 500,
	"Diamond" : 113,
	"Discount" : 5,
	"Weight" : 503,
	"DiscountStr" : "DiscountStr_1"
},
{
	"ID" : 317,
	"VipRange" : "9,12",
	"ItemId" : 10101080,
	"ItemNum" : 500,
	"Diamond" : 63,
	"Discount" : 5,
	"Weight" : 503,
	"DiscountStr" : "DiscountStr_1"
},
{
	"ID" : 318,
	"VipRange" : "9,12",
	"ItemId" : 11601003,
	"ItemNum" : 10,
	"Diamond" : 50,
	"Discount" : 5,
	"Weight" : 503,
	"DiscountStr" : "DiscountStr_1"
},
{
	"ID" : 319,
	"VipRange" : "9,12",
	"ItemId" : 11601007,
	"ItemNum" : 100,
	"Diamond" : 50,
	"Discount" : 5,
	"Weight" : 503,
	"DiscountStr" : "DiscountStr_1"
},
{
	"ID" : 320,
	"VipRange" : "9,12",
	"ItemId" : 11601101,
	"ItemNum" : 50,
	"Diamond" : 63,
	"Discount" : 5,
	"Weight" : 503,
	"DiscountStr" : "DiscountStr_1"
},
{
	"ID" : 321,
	"VipRange" : "9,12",
	"ItemId" : 11601102,
	"ItemNum" : 10,
	"Diamond" : 75,
	"Discount" : 5,
	"Weight" : 503,
	"DiscountStr" : "DiscountStr_1"
},
{
	"ID" : 322,
	"VipRange" : "9,12",
	"ItemId" : 11601103,
	"ItemNum" : 5,
	"Diamond" : 75,
	"Discount" : 5,
	"Weight" : 503,
	"DiscountStr" : "DiscountStr_1"
},
{
	"ID" : 323,
	"VipRange" : "9,12",
	"ItemId" : 11601104,
	"ItemNum" : 1,
	"Diamond" : 45,
	"Discount" : 5,
	"Weight" : 503,
	"DiscountStr" : "DiscountStr_1"
},
{
	"ID" : 324,
	"VipRange" : "9,12",
	"ItemId" : 11301001,
	"ItemNum" : 48,
	"Diamond" : 24,
	"Discount" : 5,
	"Weight" : 503,
	"DiscountStr" : "DiscountStr_1"
},
{
	"ID" : 325,
	"VipRange" : "9,12",
	"ItemId" : 11301013,
	"ItemNum" : 48,
	"Diamond" : 24,
	"Discount" : 5,
	"Weight" : 503,
	"DiscountStr" : "DiscountStr_1"
},
{
	"ID" : 326,
	"VipRange" : "9,12",
	"ItemId" : 11301002,
	"ItemNum" : 30,
	"Diamond" : 75,
	"Discount" : 5,
	"Weight" : 503,
	"DiscountStr" : "DiscountStr_1"
},
{
	"ID" : 327,
	"VipRange" : "9,12",
	"ItemId" : 11301003,
	"ItemNum" : 30,
	"Diamond" : 75,
	"Discount" : 5,
	"Weight" : 503,
	"DiscountStr" : "DiscountStr_1"
},
{
	"ID" : 328,
	"VipRange" : "9,12",
	"ItemId" : 11301004,
	"ItemNum" : 30,
	"Diamond" : 75,
	"Discount" : 5,
	"Weight" : 503,
	"DiscountStr" : "DiscountStr_1"
},
{
	"ID" : 329,
	"VipRange" : "9,12",
	"ItemId" : 11301005,
	"ItemNum" : 30,
	"Diamond" : 75,
	"Discount" : 5,
	"Weight" : 503,
	"DiscountStr" : "DiscountStr_1"
},
{
	"ID" : 330,
	"VipRange" : "9,12",
	"ItemId" : 11301006,
	"ItemNum" : 30,
	"Diamond" : 75,
	"Discount" : 5,
	"Weight" : 503,
	"DiscountStr" : "DiscountStr_1"
},
{
	"ID" : 331,
	"VipRange" : "9,12",
	"ItemId" : 11301007,
	"ItemNum" : 13,
	"Diamond" : 65,
	"Discount" : 5,
	"Weight" : 503,
	"DiscountStr" : "DiscountStr_1"
},
{
	"ID" : 332,
	"VipRange" : "9,12",
	"ItemId" : 11301008,
	"ItemNum" : 13,
	"Diamond" : 65,
	"Discount" : 5,
	"Weight" : 503,
	"DiscountStr" : "DiscountStr_1"
},
{
	"ID" : 333,
	"VipRange" : "9,12",
	"ItemId" : 11301009,
	"ItemNum" : 3,
	"Diamond" : 75,
	"Discount" : 5,
	"Weight" : 503,
	"DiscountStr" : "DiscountStr_1"
},
{
	"ID" : 334,
	"VipRange" : "9,12",
	"ItemId" : 11301010,
	"ItemNum" : 3,
	"Diamond" : 75,
	"Discount" : 5,
	"Weight" : 503,
	"DiscountStr" : "DiscountStr_1"
},
{
	"ID" : 335,
	"VipRange" : "9,12",
	"ItemId" : 11301011,
	"ItemNum" : 3,
	"Diamond" : 75,
	"Discount" : 5,
	"Weight" : 503,
	"DiscountStr" : "DiscountStr_1"
},
{
	"ID" : 336,
	"VipRange" : "9,12",
	"ItemId" : 11301012,
	"ItemNum" : 13,
	"Diamond" : 65,
	"Discount" : 5,
	"Weight" : 503,
	"DiscountStr" : "DiscountStr_1"
},
{
	"ID" : 337,
	"VipRange" : "9,12",
	"ItemId" : 11401001,
	"ItemNum" : 12,
	"Diamond" : 36,
	"Discount" : 6,
	"Weight" : 1007,
	"DiscountStr" : "DiscountStr_2"
},
{
	"ID" : 338,
	"VipRange" : "9,12",
	"ItemId" : 11401002,
	"ItemNum" : 12,
	"Diamond" : 36,
	"Discount" : 6,
	"Weight" : 1007,
	"DiscountStr" : "DiscountStr_2"
},
{
	"ID" : 339,
	"VipRange" : "9,12",
	"ItemId" : 11401003,
	"ItemNum" : 12,
	"Diamond" : 72,
	"Discount" : 6,
	"Weight" : 1007,
	"DiscountStr" : "DiscountStr_2"
},
{
	"ID" : 340,
	"VipRange" : "9,12",
	"ItemId" : 11401101,
	"ItemNum" : 10,
	"Diamond" : 300,
	"Discount" : 6,
	"Weight" : 1007,
	"DiscountStr" : "DiscountStr_2"
},
{
	"ID" : 341,
	"VipRange" : "9,12",
	"ItemId" : 11401102,
	"ItemNum" : 10,
	"Diamond" : 300,
	"Discount" : 6,
	"Weight" : 1007,
	"DiscountStr" : "DiscountStr_2"
},
{
	"ID" : 342,
	"VipRange" : "9,12",
	"ItemId" : 11101000,
	"ItemNum" : 20000,
	"Diamond" : 120,
	"Discount" : 6,
	"Weight" : 1007,
	"DiscountStr" : "DiscountStr_2"
},
{
	"ID" : 343,
	"VipRange" : "9,12",
	"ItemId" : 11501000,
	"ItemNum" : 200,
	"Diamond" : 120,
	"Discount" : 6,
	"Weight" : 1007,
	"DiscountStr" : "DiscountStr_2"
},
{
	"ID" : 344,
	"VipRange" : "9,12",
	"ItemId" : 11501041,
	"ItemNum" : 20,
	"Diamond" : 240,
	"Discount" : 6,
	"Weight" : 1007,
	"DiscountStr" : "DiscountStr_2"
},
{
	"ID" : 345,
	"VipRange" : "9,12",
	"ItemId" : 11601001,
	"ItemNum" : 500,
	"Diamond" : 135,
	"Discount" : 6,
	"Weight" : 1007,
	"DiscountStr" : "DiscountStr_2"
},
{
	"ID" : 346,
	"VipRange" : "9,12",
	"ItemId" : 10101080,
	"ItemNum" : 500,
	"Diamond" : 75,
	"Discount" : 6,
	"Weight" : 1007,
	"DiscountStr" : "DiscountStr_2"
},
{
	"ID" : 347,
	"VipRange" : "9,12",
	"ItemId" : 11601003,
	"ItemNum" : 20,
	"Diamond" : 120,
	"Discount" : 6,
	"Weight" : 1007,
	"DiscountStr" : "DiscountStr_2"
},
{
	"ID" : 348,
	"VipRange" : "9,12",
	"ItemId" : 11601007,
	"ItemNum" : 200,
	"Diamond" : 120,
	"Discount" : 6,
	"Weight" : 1007,
	"DiscountStr" : "DiscountStr_2"
},
{
	"ID" : 349,
	"VipRange" : "9,12",
	"ItemId" : 11601101,
	"ItemNum" : 50,
	"Diamond" : 75,
	"Discount" : 6,
	"Weight" : 1007,
	"DiscountStr" : "DiscountStr_2"
},
{
	"ID" : 350,
	"VipRange" : "9,12",
	"ItemId" : 11601102,
	"ItemNum" : 20,
	"Diamond" : 180,
	"Discount" : 6,
	"Weight" : 1007,
	"DiscountStr" : "DiscountStr_2"
},
{
	"ID" : 351,
	"VipRange" : "9,12",
	"ItemId" : 11601103,
	"ItemNum" : 10,
	"Diamond" : 180,
	"Discount" : 6,
	"Weight" : 1007,
	"DiscountStr" : "DiscountStr_2"
},
{
	"ID" : 352,
	"VipRange" : "9,12",
	"ItemId" : 11601104,
	"ItemNum" : 2,
	"Diamond" : 108,
	"Discount" : 6,
	"Weight" : 1007,
	"DiscountStr" : "DiscountStr_2"
},
{
	"ID" : 353,
	"VipRange" : "9,12",
	"ItemId" : 11301001,
	"ItemNum" : 72,
	"Diamond" : 44,
	"Discount" : 6,
	"Weight" : 1007,
	"DiscountStr" : "DiscountStr_2"
},
{
	"ID" : 354,
	"VipRange" : "9,12",
	"ItemId" : 11301013,
	"ItemNum" : 72,
	"Diamond" : 44,
	"Discount" : 6,
	"Weight" : 1007,
	"DiscountStr" : "DiscountStr_2"
},
{
	"ID" : 355,
	"VipRange" : "9,12",
	"ItemId" : 11301002,
	"ItemNum" : 60,
	"Diamond" : 180,
	"Discount" : 6,
	"Weight" : 1007,
	"DiscountStr" : "DiscountStr_2"
},
{
	"ID" : 356,
	"VipRange" : "9,12",
	"ItemId" : 11301003,
	"ItemNum" : 60,
	"Diamond" : 180,
	"Discount" : 6,
	"Weight" : 1007,
	"DiscountStr" : "DiscountStr_2"
},
{
	"ID" : 357,
	"VipRange" : "9,12",
	"ItemId" : 11301004,
	"ItemNum" : 60,
	"Diamond" : 180,
	"Discount" : 6,
	"Weight" : 1007,
	"DiscountStr" : "DiscountStr_2"
},
{
	"ID" : 358,
	"VipRange" : "9,12",
	"ItemId" : 11301005,
	"ItemNum" : 60,
	"Diamond" : 180,
	"Discount" : 6,
	"Weight" : 1007,
	"DiscountStr" : "DiscountStr_2"
},
{
	"ID" : 359,
	"VipRange" : "9,12",
	"ItemId" : 11301006,
	"ItemNum" : 60,
	"Diamond" : 180,
	"Discount" : 6,
	"Weight" : 1007,
	"DiscountStr" : "DiscountStr_2"
},
{
	"ID" : 360,
	"VipRange" : "9,12",
	"ItemId" : 11301007,
	"ItemNum" : 27,
	"Diamond" : 162,
	"Discount" : 6,
	"Weight" : 1007,
	"DiscountStr" : "DiscountStr_2"
},
{
	"ID" : 361,
	"VipRange" : "9,12",
	"ItemId" : 11301008,
	"ItemNum" : 27,
	"Diamond" : 162,
	"Discount" : 6,
	"Weight" : 1007,
	"DiscountStr" : "DiscountStr_2"
},
{
	"ID" : 362,
	"VipRange" : "9,12",
	"ItemId" : 11301009,
	"ItemNum" : 4,
	"Diamond" : 120,
	"Discount" : 6,
	"Weight" : 1007,
	"DiscountStr" : "DiscountStr_2"
},
{
	"ID" : 363,
	"VipRange" : "9,12",
	"ItemId" : 11301010,
	"ItemNum" : 4,
	"Diamond" : 120,
	"Discount" : 6,
	"Weight" : 1007,
	"DiscountStr" : "DiscountStr_2"
},
{
	"ID" : 364,
	"VipRange" : "9,12",
	"ItemId" : 11301011,
	"ItemNum" : 4,
	"Diamond" : 120,
	"Discount" : 6,
	"Weight" : 1007,
	"DiscountStr" : "DiscountStr_2"
},
{
	"ID" : 365,
	"VipRange" : "9,12",
	"ItemId" : 11301012,
	"ItemNum" : 27,
	"Diamond" : 162,
	"Discount" : 6,
	"Weight" : 1007,
	"DiscountStr" : "DiscountStr_2"
},
{
	"ID" : 366,
	"VipRange" : "9,12",
	"ItemId" : 11401001,
	"ItemNum" : 24,
	"Diamond" : 84,
	"Discount" : 7,
	"Weight" : 1460,
	"DiscountStr" : "DiscountStr_3"
},
{
	"ID" : 367,
	"VipRange" : "9,12",
	"ItemId" : 11401002,
	"ItemNum" : 24,
	"Diamond" : 84,
	"Discount" : 7,
	"Weight" : 1460,
	"DiscountStr" : "DiscountStr_3"
},
{
	"ID" : 368,
	"VipRange" : "9,12",
	"ItemId" : 11401003,
	"ItemNum" : 24,
	"Diamond" : 168,
	"Discount" : 7,
	"Weight" : 1460,
	"DiscountStr" : "DiscountStr_3"
},
{
	"ID" : 369,
	"VipRange" : "9,12",
	"ItemId" : 11401101,
	"ItemNum" : 10,
	"Diamond" : 350,
	"Discount" : 7,
	"Weight" : 1460,
	"DiscountStr" : "DiscountStr_3"
},
{
	"ID" : 370,
	"VipRange" : "9,12",
	"ItemId" : 11401102,
	"ItemNum" : 10,
	"Diamond" : 350,
	"Discount" : 7,
	"Weight" : 1460,
	"DiscountStr" : "DiscountStr_3"
},
{
	"ID" : 371,
	"VipRange" : "9,12",
	"ItemId" : 11101000,
	"ItemNum" : 30000,
	"Diamond" : 210,
	"Discount" : 7,
	"Weight" : 1460,
	"DiscountStr" : "DiscountStr_3"
},
{
	"ID" : 372,
	"VipRange" : "9,12",
	"ItemId" : 11501000,
	"ItemNum" : 300,
	"Diamond" : 210,
	"Discount" : 7,
	"Weight" : 1460,
	"DiscountStr" : "DiscountStr_3"
},
{
	"ID" : 373,
	"VipRange" : "9,12",
	"ItemId" : 11501041,
	"ItemNum" : 20,
	"Diamond" : 280,
	"Discount" : 7,
	"Weight" : 1460,
	"DiscountStr" : "DiscountStr_3"
},
{
	"ID" : 374,
	"VipRange" : "9,12",
	"ItemId" : 11601001,
	"ItemNum" : 500,
	"Diamond" : 158,
	"Discount" : 7,
	"Weight" : 1460,
	"DiscountStr" : "DiscountStr_3"
},
{
	"ID" : 375,
	"VipRange" : "9,12",
	"ItemId" : 10101080,
	"ItemNum" : 1000,
	"Diamond" : 175,
	"Discount" : 7,
	"Weight" : 1460,
	"DiscountStr" : "DiscountStr_3"
},
{
	"ID" : 376,
	"VipRange" : "9,12",
	"ItemId" : 11601003,
	"ItemNum" : 20,
	"Diamond" : 140,
	"Discount" : 7,
	"Weight" : 1460,
	"DiscountStr" : "DiscountStr_3"
},
{
	"ID" : 377,
	"VipRange" : "9,12",
	"ItemId" : 11601007,
	"ItemNum" : 200,
	"Diamond" : 140,
	"Discount" : 7,
	"Weight" : 1460,
	"DiscountStr" : "DiscountStr_3"
},
{
	"ID" : 378,
	"VipRange" : "9,12",
	"ItemId" : 11601101,
	"ItemNum" : 100,
	"Diamond" : 175,
	"Discount" : 7,
	"Weight" : 1460,
	"DiscountStr" : "DiscountStr_3"
},
{
	"ID" : 379,
	"VipRange" : "9,12",
	"ItemId" : 11601102,
	"ItemNum" : 20,
	"Diamond" : 210,
	"Discount" : 7,
	"Weight" : 1460,
	"DiscountStr" : "DiscountStr_3"
},
{
	"ID" : 380,
	"VipRange" : "9,12",
	"ItemId" : 11601103,
	"ItemNum" : 12,
	"Diamond" : 252,
	"Discount" : 7,
	"Weight" : 1460,
	"DiscountStr" : "DiscountStr_3"
},
{
	"ID" : 381,
	"VipRange" : "9,12",
	"ItemId" : 11601104,
	"ItemNum" : 4,
	"Diamond" : 252,
	"Discount" : 7,
	"Weight" : 1460,
	"DiscountStr" : "DiscountStr_3"
},
{
	"ID" : 382,
	"VipRange" : "9,12",
	"ItemId" : 11601105,
	"ItemNum" : 1,
	"Diamond" : 168,
	"Discount" : 7,
	"Weight" : 1460,
	"DiscountStr" : "DiscountStr_3"
},
{
	"ID" : 383,
	"VipRange" : "9,12",
	"ItemId" : 11301001,
	"ItemNum" : 96,
	"Diamond" : 68,
	"Discount" : 7,
	"Weight" : 1460,
	"DiscountStr" : "DiscountStr_3"
},
{
	"ID" : 384,
	"VipRange" : "9,12",
	"ItemId" : 11301013,
	"ItemNum" : 96,
	"Diamond" : 68,
	"Discount" : 7,
	"Weight" : 1460,
	"DiscountStr" : "DiscountStr_3"
},
{
	"ID" : 385,
	"VipRange" : "9,12",
	"ItemId" : 11301002,
	"ItemNum" : 90,
	"Diamond" : 315,
	"Discount" : 7,
	"Weight" : 1460,
	"DiscountStr" : "DiscountStr_3"
},
{
	"ID" : 386,
	"VipRange" : "9,12",
	"ItemId" : 11301003,
	"ItemNum" : 90,
	"Diamond" : 315,
	"Discount" : 7,
	"Weight" : 1460,
	"DiscountStr" : "DiscountStr_3"
},
{
	"ID" : 387,
	"VipRange" : "9,12",
	"ItemId" : 11301004,
	"ItemNum" : 90,
	"Diamond" : 315,
	"Discount" : 7,
	"Weight" : 1460,
	"DiscountStr" : "DiscountStr_3"
},
{
	"ID" : 388,
	"VipRange" : "9,12",
	"ItemId" : 11301005,
	"ItemNum" : 90,
	"Diamond" : 315,
	"Discount" : 7,
	"Weight" : 1460,
	"DiscountStr" : "DiscountStr_3"
},
{
	"ID" : 389,
	"VipRange" : "9,12",
	"ItemId" : 11301006,
	"ItemNum" : 90,
	"Diamond" : 315,
	"Discount" : 7,
	"Weight" : 1460,
	"DiscountStr" : "DiscountStr_3"
},
{
	"ID" : 390,
	"VipRange" : "9,12",
	"ItemId" : 11301007,
	"ItemNum" : 37,
	"Diamond" : 259,
	"Discount" : 7,
	"Weight" : 1460,
	"DiscountStr" : "DiscountStr_3"
},
{
	"ID" : 391,
	"VipRange" : "9,12",
	"ItemId" : 11301008,
	"ItemNum" : 37,
	"Diamond" : 259,
	"Discount" : 7,
	"Weight" : 1460,
	"DiscountStr" : "DiscountStr_3"
},
{
	"ID" : 392,
	"VipRange" : "9,12",
	"ItemId" : 11301009,
	"ItemNum" : 7,
	"Diamond" : 245,
	"Discount" : 7,
	"Weight" : 1460,
	"DiscountStr" : "DiscountStr_3"
},
{
	"ID" : 393,
	"VipRange" : "9,12",
	"ItemId" : 11301010,
	"ItemNum" : 7,
	"Diamond" : 245,
	"Discount" : 7,
	"Weight" : 1460,
	"DiscountStr" : "DiscountStr_3"
},
{
	"ID" : 394,
	"VipRange" : "9,12",
	"ItemId" : 11301011,
	"ItemNum" : 7,
	"Diamond" : 245,
	"Discount" : 7,
	"Weight" : 1460,
	"DiscountStr" : "DiscountStr_3"
},
{
	"ID" : 395,
	"VipRange" : "9,12",
	"ItemId" : 11301012,
	"ItemNum" : 37,
	"Diamond" : 259,
	"Discount" : 7,
	"Weight" : 1460,
	"DiscountStr" : "DiscountStr_3"
},
{
	"ID" : 396,
	"VipRange" : "9,12",
	"ItemId" : 11401001,
	"ItemNum" : 30,
	"Diamond" : 120,
	"Discount" : 8,
	"Weight" : 1007,
	"DiscountStr" : "DiscountStr_4"
},
{
	"ID" : 397,
	"VipRange" : "9,12",
	"ItemId" : 11401002,
	"ItemNum" : 30,
	"Diamond" : 120,
	"Discount" : 8,
	"Weight" : 1007,
	"DiscountStr" : "DiscountStr_4"
},
{
	"ID" : 398,
	"VipRange" : "9,12",
	"ItemId" : 11401003,
	"ItemNum" : 30,
	"Diamond" : 240,
	"Discount" : 8,
	"Weight" : 1007,
	"DiscountStr" : "DiscountStr_4"
},
{
	"ID" : 399,
	"VipRange" : "9,12",
	"ItemId" : 11401101,
	"ItemNum" : 10,
	"Diamond" : 400,
	"Discount" : 8,
	"Weight" : 1007,
	"DiscountStr" : "DiscountStr_4"
},
{
	"ID" : 400,
	"VipRange" : "9,12",
	"ItemId" : 11401102,
	"ItemNum" : 10,
	"Diamond" : 400,
	"Discount" : 8,
	"Weight" : 1007,
	"DiscountStr" : "DiscountStr_4"
},
{
	"ID" : 401,
	"VipRange" : "9,12",
	"ItemId" : 11101000,
	"ItemNum" : 40000,
	"Diamond" : 320,
	"Discount" : 8,
	"Weight" : 1007,
	"DiscountStr" : "DiscountStr_4"
},
{
	"ID" : 402,
	"VipRange" : "9,12",
	"ItemId" : 11501000,
	"ItemNum" : 400,
	"Diamond" : 320,
	"Discount" : 8,
	"Weight" : 1007,
	"DiscountStr" : "DiscountStr_4"
},
{
	"ID" : 403,
	"VipRange" : "9,12",
	"ItemId" : 11501041,
	"ItemNum" : 20,
	"Diamond" : 320,
	"Discount" : 8,
	"Weight" : 1007,
	"DiscountStr" : "DiscountStr_4"
},
{
	"ID" : 404,
	"VipRange" : "9,12",
	"ItemId" : 11601001,
	"ItemNum" : 500,
	"Diamond" : 180,
	"Discount" : 8,
	"Weight" : 1007,
	"DiscountStr" : "DiscountStr_4"
},
{
	"ID" : 405,
	"VipRange" : "9,12",
	"ItemId" : 10101080,
	"ItemNum" : 1000,
	"Diamond" : 200,
	"Discount" : 8,
	"Weight" : 1007,
	"DiscountStr" : "DiscountStr_4"
},
{
	"ID" : 406,
	"VipRange" : "9,12",
	"ItemId" : 11601003,
	"ItemNum" : 40,
	"Diamond" : 320,
	"Discount" : 8,
	"Weight" : 1007,
	"DiscountStr" : "DiscountStr_4"
},
{
	"ID" : 407,
	"VipRange" : "9,12",
	"ItemId" : 11601007,
	"ItemNum" : 300,
	"Diamond" : 240,
	"Discount" : 8,
	"Weight" : 1007,
	"DiscountStr" : "DiscountStr_4"
},
{
	"ID" : 408,
	"VipRange" : "9,12",
	"ItemId" : 11601101,
	"ItemNum" : 200,
	"Diamond" : 400,
	"Discount" : 8,
	"Weight" : 1007,
	"DiscountStr" : "DiscountStr_4"
},
{
	"ID" : 409,
	"VipRange" : "9,12",
	"ItemId" : 11601102,
	"ItemNum" : 40,
	"Diamond" : 480,
	"Discount" : 8,
	"Weight" : 1007,
	"DiscountStr" : "DiscountStr_4"
},
{
	"ID" : 410,
	"VipRange" : "9,12",
	"ItemId" : 11601103,
	"ItemNum" : 18,
	"Diamond" : 432,
	"Discount" : 8,
	"Weight" : 1007,
	"DiscountStr" : "DiscountStr_4"
},
{
	"ID" : 411,
	"VipRange" : "9,12",
	"ItemId" : 11601104,
	"ItemNum" : 5,
	"Diamond" : 360,
	"Discount" : 8,
	"Weight" : 1007,
	"DiscountStr" : "DiscountStr_4"
},
{
	"ID" : 412,
	"VipRange" : "9,12",
	"ItemId" : 11601105,
	"ItemNum" : 2,
	"Diamond" : 384,
	"Discount" : 8,
	"Weight" : 1007,
	"DiscountStr" : "DiscountStr_4"
},
{
	"ID" : 413,
	"VipRange" : "9,12",
	"ItemId" : 11301001,
	"ItemNum" : 240,
	"Diamond" : 192,
	"Discount" : 8,
	"Weight" : 1007,
	"DiscountStr" : "DiscountStr_4"
},
{
	"ID" : 414,
	"VipRange" : "9,12",
	"ItemId" : 11301013,
	"ItemNum" : 240,
	"Diamond" : 192,
	"Discount" : 8,
	"Weight" : 1007,
	"DiscountStr" : "DiscountStr_4"
},
{
	"ID" : 415,
	"VipRange" : "9,12",
	"ItemId" : 11301002,
	"ItemNum" : 120,
	"Diamond" : 480,
	"Discount" : 8,
	"Weight" : 1007,
	"DiscountStr" : "DiscountStr_4"
},
{
	"ID" : 416,
	"VipRange" : "9,12",
	"ItemId" : 11301003,
	"ItemNum" : 120,
	"Diamond" : 480,
	"Discount" : 8,
	"Weight" : 1007,
	"DiscountStr" : "DiscountStr_4"
},
{
	"ID" : 417,
	"VipRange" : "9,12",
	"ItemId" : 11301004,
	"ItemNum" : 120,
	"Diamond" : 480,
	"Discount" : 8,
	"Weight" : 1007,
	"DiscountStr" : "DiscountStr_4"
},
{
	"ID" : 418,
	"VipRange" : "9,12",
	"ItemId" : 11301005,
	"ItemNum" : 120,
	"Diamond" : 480,
	"Discount" : 8,
	"Weight" : 1007,
	"DiscountStr" : "DiscountStr_4"
},
{
	"ID" : 419,
	"VipRange" : "9,12",
	"ItemId" : 11301006,
	"ItemNum" : 120,
	"Diamond" : 480,
	"Discount" : 8,
	"Weight" : 1007,
	"DiscountStr" : "DiscountStr_4"
},
{
	"ID" : 420,
	"VipRange" : "9,12",
	"ItemId" : 11301007,
	"ItemNum" : 60,
	"Diamond" : 480,
	"Discount" : 8,
	"Weight" : 1007,
	"DiscountStr" : "DiscountStr_4"
},
{
	"ID" : 421,
	"VipRange" : "9,12",
	"ItemId" : 11301008,
	"ItemNum" : 60,
	"Diamond" : 480,
	"Discount" : 8,
	"Weight" : 1007,
	"DiscountStr" : "DiscountStr_4"
},
{
	"ID" : 422,
	"VipRange" : "9,12",
	"ItemId" : 11301009,
	"ItemNum" : 9,
	"Diamond" : 360,
	"Discount" : 8,
	"Weight" : 1007,
	"DiscountStr" : "DiscountStr_4"
},
{
	"ID" : 423,
	"VipRange" : "9,12",
	"ItemId" : 11301010,
	"ItemNum" : 9,
	"Diamond" : 360,
	"Discount" : 8,
	"Weight" : 1007,
	"DiscountStr" : "DiscountStr_4"
},
{
	"ID" : 424,
	"VipRange" : "9,12",
	"ItemId" : 11301011,
	"ItemNum" : 9,
	"Diamond" : 360,
	"Discount" : 8,
	"Weight" : 1007,
	"DiscountStr" : "DiscountStr_4"
},
{
	"ID" : 425,
	"VipRange" : "9,12",
	"ItemId" : 11301012,
	"ItemNum" : 60,
	"Diamond" : 480,
	"Discount" : 8,
	"Weight" : 1007,
	"DiscountStr" : "DiscountStr_4"
},
{
	"ID" : 426,
	"VipRange" : "9,12",
	"ItemId" : 11401001,
	"ItemNum" : 60,
	"Diamond" : 240,
	"Discount" : 8,
	"Weight" : 1007,
	"DiscountStr" : "DiscountStr_4"
},
{
	"ID" : 427,
	"VipRange" : "9,12",
	"ItemId" : 11401002,
	"ItemNum" : 60,
	"Diamond" : 240,
	"Discount" : 8,
	"Weight" : 1007,
	"DiscountStr" : "DiscountStr_4"
},
{
	"ID" : 428,
	"VipRange" : "9,12",
	"ItemId" : 11401003,
	"ItemNum" : 60,
	"Diamond" : 480,
	"Discount" : 8,
	"Weight" : 1007,
	"DiscountStr" : "DiscountStr_4"
},
{
	"ID" : 429,
	"VipRange" : "9,12",
	"ItemId" : 11401101,
	"ItemNum" : 20,
	"Diamond" : 800,
	"Discount" : 8,
	"Weight" : 1007,
	"DiscountStr" : "DiscountStr_4"
},
{
	"ID" : 430,
	"VipRange" : "9,12",
	"ItemId" : 11401102,
	"ItemNum" : 20,
	"Diamond" : 800,
	"Discount" : 8,
	"Weight" : 1007,
	"DiscountStr" : "DiscountStr_4"
},
{
	"ID" : 431,
	"VipRange" : "9,12",
	"ItemId" : 11101000,
	"ItemNum" : 80000,
	"Diamond" : 640,
	"Discount" : 8,
	"Weight" : 1007,
	"DiscountStr" : "DiscountStr_4"
},
{
	"ID" : 432,
	"VipRange" : "9,12",
	"ItemId" : 11501000,
	"ItemNum" : 800,
	"Diamond" : 640,
	"Discount" : 8,
	"Weight" : 1007,
	"DiscountStr" : "DiscountStr_4"
},
{
	"ID" : 433,
	"VipRange" : "9,12",
	"ItemId" : 11501041,
	"ItemNum" : 40,
	"Diamond" : 640,
	"Discount" : 8,
	"Weight" : 1007,
	"DiscountStr" : "DiscountStr_4"
},
{
	"ID" : 434,
	"VipRange" : "9,12",
	"ItemId" : 11601001,
	"ItemNum" : 1000,
	"Diamond" : 360,
	"Discount" : 8,
	"Weight" : 1007,
	"DiscountStr" : "DiscountStr_4"
},
{
	"ID" : 435,
	"VipRange" : "9,12",
	"ItemId" : 10101080,
	"ItemNum" : 2000,
	"Diamond" : 400,
	"Discount" : 8,
	"Weight" : 1007,
	"DiscountStr" : "DiscountStr_4"
},
{
	"ID" : 436,
	"VipRange" : "9,12",
	"ItemId" : 11601003,
	"ItemNum" : 80,
	"Diamond" : 640,
	"Discount" : 8,
	"Weight" : 1007,
	"DiscountStr" : "DiscountStr_4"
},
{
	"ID" : 1001,
	"VipRange" : "9,12",
	"ItemId" : 11601007,
	"ItemNum" : 600,
	"Diamond" : 480,
	"Discount" : 8,
	"Weight" : 1007,
	"DiscountStr" : "DiscountStr_4"
},
{
	"ID" : 1002,
	"VipRange" : "9,12",
	"ItemId" : 11601101,
	"ItemNum" : 400,
	"Diamond" : 800,
	"Discount" : 8,
	"Weight" : 1007,
	"DiscountStr" : "DiscountStr_4"
},
{
	"ID" : 2001,
	"VipRange" : "9,12",
	"ItemId" : 11601102,
	"ItemNum" : 80,
	"Diamond" : 960,
	"Discount" : 8,
	"Weight" : 1007,
	"DiscountStr" : "DiscountStr_4"
},
{
	"ID" : 2002,
	"VipRange" : "9,12",
	"ItemId" : 11601103,
	"ItemNum" : 36,
	"Diamond" : 864,
	"Discount" : 8,
	"Weight" : 1007,
	"DiscountStr" : "DiscountStr_4"
},
{
	"ID" : 2003,
	"VipRange" : "9,12",
	"ItemId" : 11601104,
	"ItemNum" : 11,
	"Diamond" : 792,
	"Discount" : 8,
	"Weight" : 1007,
	"DiscountStr" : "DiscountStr_4"
},
{
	"ID" : 2004,
	"VipRange" : "9,12",
	"ItemId" : 11601105,
	"ItemNum" : 4,
	"Diamond" : 768,
	"Discount" : 8,
	"Weight" : 1007,
	"DiscountStr" : "DiscountStr_4"
},
{
	"ID" : 2005,
	"VipRange" : "9,12",
	"ItemId" : 11301001,
	"ItemNum" : 480,
	"Diamond" : 384,
	"Discount" : 8,
	"Weight" : 1007,
	"DiscountStr" : "DiscountStr_4"
},
{
	"ID" : 2006,
	"VipRange" : "9,12",
	"ItemId" : 11301013,
	"ItemNum" : 480,
	"Diamond" : 384,
	"Discount" : 8,
	"Weight" : 1007,
	"DiscountStr" : "DiscountStr_4"
},
{
	"ID" : 2007,
	"VipRange" : "9,12",
	"ItemId" : 11301002,
	"ItemNum" : 240,
	"Diamond" : 960,
	"Discount" : 8,
	"Weight" : 1007,
	"DiscountStr" : "DiscountStr_4"
},
{
	"ID" : 2008,
	"VipRange" : "9,12",
	"ItemId" : 11301003,
	"ItemNum" : 240,
	"Diamond" : 960,
	"Discount" : 8,
	"Weight" : 1007,
	"DiscountStr" : "DiscountStr_4"
},
{
	"ID" : 2009,
	"VipRange" : "9,12",
	"ItemId" : 11301004,
	"ItemNum" : 240,
	"Diamond" : 960,
	"Discount" : 8,
	"Weight" : 1007,
	"DiscountStr" : "DiscountStr_4"
},
{
	"ID" : 3001,
	"VipRange" : "9,12",
	"ItemId" : 11301005,
	"ItemNum" : 240,
	"Diamond" : 960,
	"Discount" : 8,
	"Weight" : 1007,
	"DiscountStr" : "DiscountStr_4"
},
{
	"ID" : 3002,
	"VipRange" : "9,12",
	"ItemId" : 11301006,
	"ItemNum" : 240,
	"Diamond" : 960,
	"Discount" : 8,
	"Weight" : 1007,
	"DiscountStr" : "DiscountStr_4"
},
{
	"ID" : 3003,
	"VipRange" : "9,12",
	"ItemId" : 11301007,
	"ItemNum" : 120,
	"Diamond" : 960,
	"Discount" : 8,
	"Weight" : 1007,
	"DiscountStr" : "DiscountStr_4"
},
{
	"ID" : 3004,
	"VipRange" : "9,12",
	"ItemId" : 11301008,
	"ItemNum" : 120,
	"Diamond" : 960,
	"Discount" : 8,
	"Weight" : 1007,
	"DiscountStr" : "DiscountStr_4"
},
{
	"ID" : 3005,
	"VipRange" : "9,12",
	"ItemId" : 11301011,
	"ItemNum" : 19,
	"Diamond" : 760,
	"Discount" : 8,
	"Weight" : 1007,
	"DiscountStr" : "DiscountStr_4"
},
{
	"ID" : 3006,
	"VipRange" : "9,12",
	"ItemId" : 11301012,
	"ItemNum" : 120,
	"Diamond" : 960,
	"Discount" : 8,
	"Weight" : 1007,
	"DiscountStr" : "DiscountStr_4"
}
]