[
{
	"ID" : 0, 
	"DailyReward" : 0, 
	"ExtraFishGoldBonus" : 0, 
	"ExtraBossGoldBonus" : 0, 
	"ExtraPoolBonus" : 0, 
	"EffectDesLocalization" : ""
},
{
	"ID" : 22,
	"DailyReward" : 10113094,
	"ExtraFishGoldBonus" : 40,
	"ExtraBossGoldBonus" : 0,
	"ExtraPoolBonus" : 0,
	"EffectDesLocalization" : "weely_card_effect"
},
{
	"ID" : 23,
	"DailyReward" : 10113095,
	"ExtraFishGoldBonus" : 90,
	"ExtraBossGoldBonus" : 40,
	"ExtraPoolBonus" : 0,
	"EffectDesLocalization" : "month_card_effect"
},
{
	"ID" : 24,
	"DailyReward" : 10113096,
	"ExtraFishGoldBonus" : 0,
	"ExtraBossGoldBonus" : 90,
	"ExtraPoolBonus" : 20,
	"EffectDesLocalization" : "Super_month_card_effect"
}
]