[
{
	"ID" : 0, 
	"Day" : 0, 
	"Condition" : "", 
	"ConditionLocalization" : "", 
	"LootID" : 0, 
	"RewardEXP" : 0, 
	"ConditionNumAddState" : 0
},
{
	"ID" : 1,
	"Day" : 1,
	"Condition" : "1,0,1",
	"ConditionLocalization" : "Condition_Desc_1",
	"LootID" : 10000354,
	"RewardEXP" : 1,
	"ConditionNumAddState" : 1
},
{
	"ID" : 2,
	"Day" : 2,
	"Condition" : "1,0,2",
	"ConditionLocalization" : "Condition_Desc_1",
	"LootID" : 10000355,
	"RewardEXP" : 1,
	"ConditionNumAddState" : 1
},
{
	"ID" : 3,
	"Day" : 3,
	"Condition" : "1,0,3",
	"ConditionLocalization" : "Condition_Desc_1",
	"LootID" : 10000356,
	"RewardEXP" : 1,
	"ConditionNumAddState" : 1
},
{
	"ID" : 4,
	"Day" : 4,
	"Condition" : "1,0,4",
	"ConditionLocalization" : "Condition_Desc_1",
	"LootID" : 10000357,
	"RewardEXP" : 1,
	"ConditionNumAddState" : 1
},
{
	"ID" : 5,
	"Day" : 5,
	"Condition" : "1,0,5",
	"ConditionLocalization" : "Condition_Desc_1",
	"LootID" : 10000358,
	"RewardEXP" : 1,
	"ConditionNumAddState" : 1
},
{
	"ID" : 6,
	"Day" : 6,
	"Condition" : "1,0,6",
	"ConditionLocalization" : "Condition_Desc_1",
	"LootID" : 10000359,
	"RewardEXP" : 1,
	"ConditionNumAddState" : 1
},
{
	"ID" : 7,
	"Day" : 7,
	"Condition" : "1,0,7",
	"ConditionLocalization" : "Condition_Desc_1",
	"LootID" : 10000360,
	"RewardEXP" : 1,
	"ConditionNumAddState" : 1
},
{
	"ID" : 8,
	"Day" : 1,
	"Condition" : "2,0,100",
	"ConditionLocalization" : "Condition_Desc_2",
	"LootID" : 10000361,
	"RewardEXP" : 1,
	"ConditionNumAddState" : 1
},
{
	"ID" : 9,
	"Day" : 2,
	"Condition" : "2,0,200",
	"ConditionLocalization" : "Condition_Desc_2",
	"LootID" : 10000362,
	"RewardEXP" : 1,
	"ConditionNumAddState" : 1
},
{
	"ID" : 10,
	"Day" : 3,
	"Condition" : "2,0,400",
	"ConditionLocalization" : "Condition_Desc_2",
	"LootID" : 10000363,
	"RewardEXP" : 1,
	"ConditionNumAddState" : 1
},
{
	"ID" : 11,
	"Day" : 4,
	"Condition" : "2,0,700",
	"ConditionLocalization" : "Condition_Desc_2",
	"LootID" : 10000364,
	"RewardEXP" : 1,
	"ConditionNumAddState" : 1
},
{
	"ID" : 12,
	"Day" : 5,
	"Condition" : "2,0,1000",
	"ConditionLocalization" : "Condition_Desc_2",
	"LootID" : 10000365,
	"RewardEXP" : 1,
	"ConditionNumAddState" : 1
},
{
	"ID" : 13,
	"Day" : 6,
	"Condition" : "2,0,1500",
	"ConditionLocalization" : "Condition_Desc_2",
	"LootID" : 10000366,
	"RewardEXP" : 1,
	"ConditionNumAddState" : 1
},
{
	"ID" : 14,
	"Day" : 7,
	"Condition" : "2,0,2000",
	"ConditionLocalization" : "Condition_Desc_2",
	"LootID" : 10000367,
	"RewardEXP" : 1,
	"ConditionNumAddState" : 1
},
{
	"ID" : 15,
	"Day" : 1,
	"Condition" : "4,3,5",
	"ConditionLocalization" : "Condition_Desc_3",
	"LootID" : 10000368,
	"RewardEXP" : 1,
	"ConditionNumAddState" : 1
},
{
	"ID" : 16,
	"Day" : 2,
	"Condition" : "4,3,10",
	"ConditionLocalization" : "Condition_Desc_3",
	"LootID" : 10000369,
	"RewardEXP" : 1,
	"ConditionNumAddState" : 1
},
{
	"ID" : 17,
	"Day" : 3,
	"Condition" : "4,3,20",
	"ConditionLocalization" : "Condition_Desc_3",
	"LootID" : 10000370,
	"RewardEXP" : 1,
	"ConditionNumAddState" : 1
},
{
	"ID" : 18,
	"Day" : 4,
	"Condition" : "4,3,35",
	"ConditionLocalization" : "Condition_Desc_3",
	"LootID" : 10000371,
	"RewardEXP" : 1,
	"ConditionNumAddState" : 1
},
{
	"ID" : 19,
	"Day" : 5,
	"Condition" : "4,3,50",
	"ConditionLocalization" : "Condition_Desc_3",
	"LootID" : 10000372,
	"RewardEXP" : 1,
	"ConditionNumAddState" : 1
},
{
	"ID" : 20,
	"Day" : 6,
	"Condition" : "4,3,75",
	"ConditionLocalization" : "Condition_Desc_3",
	"LootID" : 10000373,
	"RewardEXP" : 1,
	"ConditionNumAddState" : 1
},
{
	"ID" : 21,
	"Day" : 7,
	"Condition" : "4,3,100",
	"ConditionLocalization" : "Condition_Desc_3",
	"LootID" : 10000374,
	"RewardEXP" : 1,
	"ConditionNumAddState" : 1
},
{
	"ID" : 22,
	"Day" : 1,
	"Condition" : "4,4,5",
	"ConditionLocalization" : "Condition_Desc_4",
	"LootID" : 10000375,
	"RewardEXP" : 1,
	"ConditionNumAddState" : 1
},
{
	"ID" : 23,
	"Day" : 2,
	"Condition" : "4,4,10",
	"ConditionLocalization" : "Condition_Desc_4",
	"LootID" : 10000376,
	"RewardEXP" : 1,
	"ConditionNumAddState" : 1
},
{
	"ID" : 24,
	"Day" : 3,
	"Condition" : "4,4,20",
	"ConditionLocalization" : "Condition_Desc_4",
	"LootID" : 10000377,
	"RewardEXP" : 1,
	"ConditionNumAddState" : 1
},
{
	"ID" : 25,
	"Day" : 4,
	"Condition" : "4,4,35",
	"ConditionLocalization" : "Condition_Desc_4",
	"LootID" : 10000378,
	"RewardEXP" : 1,
	"ConditionNumAddState" : 1
},
{
	"ID" : 26,
	"Day" : 5,
	"Condition" : "4,4,50",
	"ConditionLocalization" : "Condition_Desc_4",
	"LootID" : 10000379,
	"RewardEXP" : 1,
	"ConditionNumAddState" : 1
},
{
	"ID" : 27,
	"Day" : 6,
	"Condition" : "4,4,75",
	"ConditionLocalization" : "Condition_Desc_4",
	"LootID" : 10000380,
	"RewardEXP" : 1,
	"ConditionNumAddState" : 1
},
{
	"ID" : 28,
	"Day" : 7,
	"Condition" : "4,4,100",
	"ConditionLocalization" : "Condition_Desc_4",
	"LootID" : 10000381,
	"RewardEXP" : 1,
	"ConditionNumAddState" : 1
},
{
	"ID" : 29,
	"Day" : 1,
	"Condition" : "4,5,5",
	"ConditionLocalization" : "Condition_Desc_5",
	"LootID" : 10000382,
	"RewardEXP" : 1,
	"ConditionNumAddState" : 1
},
{
	"ID" : 30,
	"Day" : 2,
	"Condition" : "4,5,10",
	"ConditionLocalization" : "Condition_Desc_5",
	"LootID" : 10000383,
	"RewardEXP" : 1,
	"ConditionNumAddState" : 1
},
{
	"ID" : 31,
	"Day" : 3,
	"Condition" : "4,5,20",
	"ConditionLocalization" : "Condition_Desc_5",
	"LootID" : 10000384,
	"RewardEXP" : 1,
	"ConditionNumAddState" : 1
},
{
	"ID" : 32,
	"Day" : 4,
	"Condition" : "4,5,35",
	"ConditionLocalization" : "Condition_Desc_5",
	"LootID" : 10000385,
	"RewardEXP" : 1,
	"ConditionNumAddState" : 1
},
{
	"ID" : 33,
	"Day" : 5,
	"Condition" : "4,5,50",
	"ConditionLocalization" : "Condition_Desc_5",
	"LootID" : 10000386,
	"RewardEXP" : 1,
	"ConditionNumAddState" : 1
},
{
	"ID" : 34,
	"Day" : 6,
	"Condition" : "4,5,75",
	"ConditionLocalization" : "Condition_Desc_5",
	"LootID" : 10000387,
	"RewardEXP" : 1,
	"ConditionNumAddState" : 1
},
{
	"ID" : 35,
	"Day" : 7,
	"Condition" : "4,5,100",
	"ConditionLocalization" : "Condition_Desc_5",
	"LootID" : 10000388,
	"RewardEXP" : 1,
	"ConditionNumAddState" : 1
},
{
	"ID" : 36,
	"Day" : 1,
	"Condition" : "2,4,5",
	"ConditionLocalization" : "Condition_Desc_6",
	"LootID" : 10000389,
	"RewardEXP" : 1,
	"ConditionNumAddState" : 1
},
{
	"ID" : 37,
	"Day" : 2,
	"Condition" : "2,4,10",
	"ConditionLocalization" : "Condition_Desc_6",
	"LootID" : 10000390,
	"RewardEXP" : 1,
	"ConditionNumAddState" : 1
},
{
	"ID" : 38,
	"Day" : 3,
	"Condition" : "2,4,20",
	"ConditionLocalization" : "Condition_Desc_6",
	"LootID" : 10000391,
	"RewardEXP" : 1,
	"ConditionNumAddState" : 1
},
{
	"ID" : 39,
	"Day" : 4,
	"Condition" : "2,4,35",
	"ConditionLocalization" : "Condition_Desc_6",
	"LootID" : 10000392,
	"RewardEXP" : 1,
	"ConditionNumAddState" : 1
},
{
	"ID" : 40,
	"Day" : 5,
	"Condition" : "2,4,50",
	"ConditionLocalization" : "Condition_Desc_6",
	"LootID" : 10000393,
	"RewardEXP" : 1,
	"ConditionNumAddState" : 1
},
{
	"ID" : 41,
	"Day" : 6,
	"Condition" : "2,4,75",
	"ConditionLocalization" : "Condition_Desc_6",
	"LootID" : 10000394,
	"RewardEXP" : 1,
	"ConditionNumAddState" : 1
},
{
	"ID" : 42,
	"Day" : 7,
	"Condition" : "2,4,100",
	"ConditionLocalization" : "Condition_Desc_6",
	"LootID" : 10000395,
	"RewardEXP" : 1,
	"ConditionNumAddState" : 1
},
{
	"ID" : 43,
	"Day" : 1,
	"Condition" : "5,0,500000000",
	"ConditionLocalization" : "Condition_Desc_7",
	"LootID" : 10000396,
	"RewardEXP" : 1,
	"ConditionNumAddState" : 1
},
{
	"ID" : 44,
	"Day" : 2,
	"Condition" : "5,0,1000000000",
	"ConditionLocalization" : "Condition_Desc_7",
	"LootID" : 10000397,
	"RewardEXP" : 1,
	"ConditionNumAddState" : 1
},
{
	"ID" : 45,
	"Day" : 3,
	"Condition" : "5,0,2000000000",
	"ConditionLocalization" : "Condition_Desc_7",
	"LootID" : 10000398,
	"RewardEXP" : 1,
	"ConditionNumAddState" : 1
},
{
	"ID" : 46,
	"Day" : 4,
	"Condition" : "5,0,3500000000",
	"ConditionLocalization" : "Condition_Desc_7",
	"LootID" : 10000399,
	"RewardEXP" : 1,
	"ConditionNumAddState" : 1
},
{
	"ID" : 47,
	"Day" : 5,
	"Condition" : "5,0,5000000000",
	"ConditionLocalization" : "Condition_Desc_7",
	"LootID" : 10000400,
	"RewardEXP" : 1,
	"ConditionNumAddState" : 1
},
{
	"ID" : 48,
	"Day" : 6,
	"Condition" : "5,0,7500000000",
	"ConditionLocalization" : "Condition_Desc_7",
	"LootID" : 10000401,
	"RewardEXP" : 1,
	"ConditionNumAddState" : 1
},
{
	"ID" : 49,
	"Day" : 7,
	"Condition" : "5,0,10000000000",
	"ConditionLocalization" : "Condition_Desc_7",
	"LootID" : 10000402,
	"RewardEXP" : 1,
	"ConditionNumAddState" : 1
},
{
	"ID" : 50,
	"Day" : 1,
	"Condition" : "3,0,1",
	"ConditionLocalization" : "Condition_Desc_8",
	"LootID" : 10000403,
	"RewardEXP" : 1,
	"ConditionNumAddState" : 1
},
{
	"ID" : 51,
	"Day" : 2,
	"Condition" : "3,0,2",
	"ConditionLocalization" : "Condition_Desc_8",
	"LootID" : 10000404,
	"RewardEXP" : 1,
	"ConditionNumAddState" : 1
},
{
	"ID" : 52,
	"Day" : 3,
	"Condition" : "3,0,3",
	"ConditionLocalization" : "Condition_Desc_8",
	"LootID" : 10000405,
	"RewardEXP" : 1,
	"ConditionNumAddState" : 1
},
{
	"ID" : 53,
	"Day" : 4,
	"Condition" : "3,0,4",
	"ConditionLocalization" : "Condition_Desc_8",
	"LootID" : 10000406,
	"RewardEXP" : 1,
	"ConditionNumAddState" : 1
},
{
	"ID" : 54,
	"Day" : 5,
	"Condition" : "3,0,5",
	"ConditionLocalization" : "Condition_Desc_8",
	"LootID" : 10000407,
	"RewardEXP" : 1,
	"ConditionNumAddState" : 1
},
{
	"ID" : 55,
	"Day" : 6,
	"Condition" : "3,0,6",
	"ConditionLocalization" : "Condition_Desc_8",
	"LootID" : 10000408,
	"RewardEXP" : 1,
	"ConditionNumAddState" : 1
},
{
	"ID" : 56,
	"Day" : 7,
	"Condition" : "3,0,7",
	"ConditionLocalization" : "Condition_Desc_8",
	"LootID" : 10000409,
	"RewardEXP" : 1,
	"ConditionNumAddState" : 1
},
{
	"ID" : 57,
	"Day" : 1,
	"Condition" : "6,11601002,1",
	"ConditionLocalization" : "Condition_Desc_9",
	"LootID" : 10000410,
	"RewardEXP" : 1,
	"ConditionNumAddState" : 1
},
{
	"ID" : 58,
	"Day" : 2,
	"Condition" : "6,11601002,2",
	"ConditionLocalization" : "Condition_Desc_9",
	"LootID" : 10000411,
	"RewardEXP" : 1,
	"ConditionNumAddState" : 1
},
{
	"ID" : 59,
	"Day" : 3,
	"Condition" : "6,11601002,4",
	"ConditionLocalization" : "Condition_Desc_9",
	"LootID" : 10000412,
	"RewardEXP" : 1,
	"ConditionNumAddState" : 1
},
{
	"ID" : 60,
	"Day" : 4,
	"Condition" : "6,11601002,7",
	"ConditionLocalization" : "Condition_Desc_9",
	"LootID" : 10000413,
	"RewardEXP" : 1,
	"ConditionNumAddState" : 1
},
{
	"ID" : 61,
	"Day" : 5,
	"Condition" : "6,11601002,10",
	"ConditionLocalization" : "Condition_Desc_9",
	"LootID" : 10000414,
	"RewardEXP" : 1,
	"ConditionNumAddState" : 1
},
{
	"ID" : 62,
	"Day" : 6,
	"Condition" : "6,11601002,15",
	"ConditionLocalization" : "Condition_Desc_9",
	"LootID" : 10000415,
	"RewardEXP" : 1,
	"ConditionNumAddState" : 1
},
{
	"ID" : 63,
	"Day" : 7,
	"Condition" : "6,11601002,20",
	"ConditionLocalization" : "Condition_Desc_9",
	"LootID" : 10000416,
	"RewardEXP" : 1,
	"ConditionNumAddState" : 1
}
]