[
{
	"Name" : ""
},
{
	"Name" : "Edwin"
},
{
	"Name" : "Surya"
},
{
	"Name" : "Andy"
},
{
	"Name" : "Halim"
},
{
	"Name" : "Deddy"
},
{
	"Name" : "Dimas"
},
{
	"Name" : "Budi"
},
{
	"Name" : "Wiensen"
},
{
	"Name" : "Richard"
},
{
	"Name" : "Ricko"
},
{
	"Name" : "Sandy"
},
{
	"Name" : "Reza"
},
{
	"Name" : "Andre"
},
{
	"Name" : "Bambang"
},
{
	"Name" : "Erwin"
},
{
	"Name" : "Antony"
},
{
	"Name" : "Donny"
},
{
	"Name" : "Billy"
},
{
	"Name" : "Raka"
},
{
	"Name" : "Tommy"
},
{
	"Name" : "Vincent"
},
{
	"Name" : "Wendy"
},
{
	"Name" : "Rio"
},
{
	"Name" : "Edho"
},
{
	"Name" : "Agus"
},
{
	"Name" : "Abdul"
},
{
	"Name" : "Randy"
},
{
	"Name" : "Ferry"
},
{
	"Name" : "Bimo"
},
{
	"Name" : "Eddy"
},
{
	"Name" : "Calvin"
},
{
	"Name" : "Adrian"
},
{
	"Name" : "Ricky"
},
{
	"Name" : "Hengky"
},
{
	"Name" : "Hendry"
},
{
	"Name" : "Fajar"
},
{
	"Name" : "Aditya"
},
{
	"Name" : "David"
},
{
	"Name" : "Dodi"
},
{
	"Name" : "Prasetyo"
},
{
	"Name" : "Prima"
},
{
	"Name" : "Jonathan"
},
{
	"Name" : "Alex"
},
{
	"Name" : "Arya"
},
{
	"Name" : "Fauzi"
},
{
	"Name" : "Radhika"
},
{
	"Name" : "Bayu"
},
{
	"Name" : "Chandra"
},
{
	"Name" : "Aji"
},
{
	"Name" : "Bagas"
},
{
	"Name" : "Desta"
},
{
	"Name" : "Gilang"
},
{
	"Name" : "Gunawan"
},
{
	"Name" : "Guntur"
},
{
	"Name" : "Haris"
},
{
	"Name" : "Indra"
},
{
	"Name" : "Joko"
},
{
	"Name" : "Santoso"
},
{
	"Name" : "Rudi"
},
{
	"Name" : "Sucipto"
},
{
	"Name" : "Yuda"
},
{
	"Name" : "Yogi"
},
{
	"Name" : "Albert"
},
{
	"Name" : "Alexander"
},
{
	"Name" : "Panji"
},
{
	"Name" : "Adam"
},
{
	"Name" : "Steven"
},
{
	"Name" : "Justin"
},
{
	"Name" : "Alvin"
},
{
	"Name" : "Bobby"
},
{
	"Name" : "Brandon"
},
{
	"Name" : "Darius"
},
{
	"Name" : "Eric"
},
{
	"Name" : "Gerry"
},
{
	"Name" : "Jonny"
},
{
	"Name" : "Kevin"
},
{
	"Name" : "Kenny"
},
{
	"Name" : "Leo"
},
{
	"Name" : "Martin"
},
{
	"Name" : "Marvin"
},
{
	"Name" : "Tejo"
},
{
	"Name" : "Galih"
},
{
	"Name" : "Anang"
},
{
	"Name" : "Andri"
},
{
	"Name" : "Efendy"
},
{
	"Name" : "Riandy"
},
{
	"Name" : "Eko"
},
{
	"Name" : "Raditya"
},
{
	"Name" : "Robert"
},
{
	"Name" : "Ian"
},
{
	"Name" : "Ahmad"
},
{
	"Name" : "Raffi"
},
{
	"Name" : "Adipati"
},
{
	"Name" : "Agung"
},
{
	"Name" : "Baim"
},
{
	"Name" : "Ali"
},
{
	"Name" : "Arie"
},
{
	"Name" : "Bisma"
},
{
	"Name" : "Dicky"
},
{
	"Name" : "Delon"
},
{
	"Name" : "Edward"
},
{
	"Name" : "Eggy"
},
{
	"Name" : "Ernest"
},
{
	"Name" : "Fadil"
},
{
	"Name" : "Fauzan"
},
{
	"Name" : "Gading"
},
{
	"Name" : "Gilbert"
},
{
	"Name" : "Gatot"
},
{
	"Name" : "Harry"
},
{
	"Name" : "Hendra"
},
{
	"Name" : "Herman"
},
{
	"Name" : "Husein"
},
{
	"Name" : "Morgan"
},
{
	"Name" : "Raffael"
},
{
	"Name" : "Julian"
},
{
	"Name" : "Judika"
},
{
	"Name" : "Jefri"
},
{
	"Name" : "Ihsan"
},
{
	"Name" : "Kemal"
},
{
	"Name" : "Krisna"
},
{
	"Name" : "Lukman"
},
{
	"Name" : "Mario"
},
{
	"Name" : "Mike"
},
{
	"Name" : "Michael"
},
{
	"Name" : "Dwiky"
},
{
	"Name" : "Mulyono"
},
{
	"Name" : "Okan"
},
{
	"Name" : "Naufal"
},
{
	"Name" : "Putra"
},
{
	"Name" : "Ozy"
},
{
	"Name" : "Parto"
},
{
	"Name" : "Rahmad"
},
{
	"Name" : "Rangga"
},
{
	"Name" : "Rian"
},
{
	"Name" : "Restu"
},
{
	"Name" : "Ridho"
},
{
	"Name" : "Rio"
},
{
	"Name" : "Rizal"
},
{
	"Name" : "Roy"
},
{
	"Name" : "Roger"
},
{
	"Name" : "Rocki"
},
{
	"Name" : "Ronald"
},
{
	"Name" : "Robby"
},
{
	"Name" : "Samuel"
},
{
	"Name" : "Slamet"
},
{
	"Name" : "Stefan"
},
{
	"Name" : "William"
},
{
	"Name" : "Kurniadi"
},
{
	"Name" : "Syamsuri"
},
{
	"Name" : "Teddy"
},
{
	"Name" : "Tegar"
},
{
	"Name" : "Tora"
},
{
	"Name" : "Tio"
},
{
	"Name" : "Thomas"
},
{
	"Name" : "Ucok"
},
{
	"Name" : "Umar"
},
{
	"Name" : "Verdy"
},
{
	"Name" : "Valentino"
},
{
	"Name" : "Vino"
},
{
	"Name" : "Wahyu"
},
{
	"Name" : "Wawan"
},
{
	"Name" : "Wanda"
},
{
	"Name" : "Winky"
},
{
	"Name" : "Suryadi"
},
{
	"Name" : "Yayan"
},
{
	"Name" : "Yusuf"
},
{
	"Name" : "Zainal"
},
{
	"Name" : "Zacky"
},
{
	"Name" : "Willy"
},
{
	"Name" : "Ferdiansyah"
},
{
	"Name" : "Vicky"
},
{
	"Name" : "Tengku"
},
{
	"Name" : "Septian"
},
{
	"Name" : "Ruben"
},
{
	"Name" : "Rozie"
},
{
	"Name" : "Ryan"
},
{
	"Name" : "Nicky"
},
{
	"Name" : "Sardi"
},
{
	"Name" : "Julio"
},
{
	"Name" : "Jhonny"
},
{
	"Name" : "James"
},
{
	"Name" : "Jeff"
},
{
	"Name" : "Iqbal"
},
{
	"Name" : "Gary"
},
{
	"Name" : "Bagus"
},
{
	"Name" : "Ade"
},
{
	"Name" : "Sardi"
},
{
	"Name" : "Akbar"
},
{
	"Name" : "Andika"
},
{
	"Name" : "Didi"
},
{
	"Name" : "Owen"
},
{
	"Name" : "Fatih"
},
{
	"Name" : "Fauzi"
},
{
	"Name" : "Jeremy"
},
{
	"Name" : "Benyamin"
},
{
	"Name" : "Angga"
},
{
	"Name" : "Alan"
},
{
	"Name" : "Anwar"
},
{
	"Name" : "Ilham"
},
{
	"Name" : "Ericko"
},
{
	"Name" : "Adrianto"
},
{
	"Name" : "Dika"
},
{
	"Name" : "Adipura"
},
{
	"Name" : "Andovi"
},
{
	"Name" : "Andrew"
},
{
	"Name" : "Arief"
},
{
	"Name" : "Arifin"
},
{
	"Name" : "Aldi"
},
{
	"Name" : "Ben"
},
{
	"Name" : "Cecep"
},
{
	"Name" : "Ruswandi"
},
{
	"Name" : "Okta"
},
{
	"Name" : "Joseph"
},
{
	"Name" : "Sugiono"
},
{
	"Name" : "Fendi"
},
{
	"Name" : "Fatih"
},
{
	"Name" : "Gito"
},
{
	"Name" : "Gugun"
},
{
	"Name" : "Oktovian"
},
{
	"Name" : "Bekti"
},
{
	"Name" : "Frans"
},
{
	"Name" : "Salim"
},
{
	"Name" : "Johan"
},
{
	"Name" : "Jordi"
},
{
	"Name" : "Jerry"
},
{
	"Name" : "Syarief"
},
{
	"Name" : "Cindy"
},
{
	"Name" : "Tina"
},
{
	"Name" : "Sally"
},
{
	"Name" : "Putri"
},
{
	"Name" : "Talia"
},
{
	"Name" : "Putri"
},
{
	"Name" : "Claudia"
},
{
	"Name" : "Mandy"
},
{
	"Name" : "Hanny"
},
{
	"Name" : "Kimberly"
},
{
	"Name" : "Aurel"
},
{
	"Name" : "Agnes"
},
{
	"Name" : "Ratu"
},
{
	"Name" : "Rini"
},
{
	"Name" : "Amel"
},
{
	"Name" : "Adinda"
},
{
	"Name" : "Agatha"
},
{
	"Name" : "Acha"
},
{
	"Name" : "Amanda"
},
{
	"Name" : "Angel"
},
{
	"Name" : "Astrid"
},
{
	"Name" : "Aisyah"
},
{
	"Name" : "Alexa"
},
{
	"Name" : "Anissa"
},
{
	"Name" : "Anna"
},
{
	"Name" : "Alya"
},
{
	"Name" : "Ayu"
},
{
	"Name" : "Belinda"
},
{
	"Name" : "Bella"
},
{
	"Name" : "Carrisa"
},
{
	"Name" : "Cherry"
},
{
	"Name" : "Chika"
},
{
	"Name" : "Cinta"
},
{
	"Name" : "Citra"
},
{
	"Name" : "Clara"
},
{
	"Name" : "Claudy"
},
{
	"Name" : "Cornelia"
},
{
	"Name" : "Cintya"
},
{
	"Name" : "Diana"
},
{
	"Name" : "Dewi"
},
{
	"Name" : "Ratna"
},
{
	"Name" : "Dahlia"
},
{
	"Name" : "Dinda"
},
{
	"Name" : "Dina"
},
{
	"Name" : "Donita"
},
{
	"Name" : "Dessy"
},
{
	"Name" : "Wina"
},
{
	"Name" : "Yanny"
},
{
	"Name" : "Eka"
},
{
	"Name" : "Ella"
},
{
	"Name" : "Elvy"
},
{
	"Name" : "Enny"
},
{
	"Name" : "Erika"
},
{
	"Name" : "Erna"
},
{
	"Name" : "Eva"
},
{
	"Name" : "Fanny"
},
{
	"Name" : "Farida"
},
{
	"Name" : "Fifi"
},
{
	"Name" : "Felicia"
},
{
	"Name" : "Filda"
},
{
	"Name" : "Fitri"
},
{
	"Name" : "Gaby"
},
{
	"Name" : "Ghea"
},
{
	"Name" : "Gisella"
},
{
	"Name" : "Gina"
},
{
	"Name" : "Gita"
},
{
	"Name" : "Indah"
},
{
	"Name" : "Indri"
},
{
	"Name" : "Intan"
},
{
	"Name" : "Irina"
},
{
	"Name" : "Nadia"
},
{
	"Name" : "Maya"
},
{
	"Name" : "Jennifer"
},
{
	"Name" : "Jenny"
},
{
	"Name" : "Jessica"
},
{
	"Name" : "Joana"
},
{
	"Name" : "Julia"
},
{
	"Name" : "Ema"
},
{
	"Name" : "Karina"
},
{
	"Name" : "Kartika"
},
{
	"Name" : "Keira"
},
{
	"Name" : "Kelly"
},
{
	"Name" : "Kiki"
},
{
	"Name" : "Kimmy"
},
{
	"Name" : "Lidya"
},
{
	"Name" : "Lala"
},
{
	"Name" : "Laura"
},
{
	"Name" : "Lenny"
},
{
	"Name" : "Lia"
},
{
	"Name" : "Lina"
},
{
	"Name" : "Linda"
},
{
	"Name" : "Lollita"
},
{
	"Name" : "Luna"
},
{
	"Name" : "Marcella"
},
{
	"Name" : "Maria"
},
{
	"Name" : "Marissa"
},
{
	"Name" : "Megan"
},
{
	"Name" : "Mikka"
},
{
	"Name" : "Marsha"
},
{
	"Name" : "Nabila"
},
{
	"Name" : "Paula"
},
{
	"Name" : "Naomi"
},
{
	"Name" : "Natasha"
},
{
	"Name" : "Nenny"
},
{
	"Name" : "Nessa"
},
{
	"Name" : "Nia"
},
{
	"Name" : "Nikita"
},
{
	"Name" : "Nindy"
},
{
	"Name" : "Olla"
},
{
	"Name" : "Olivia"
},
{
	"Name" : "Sari"
},
{
	"Name" : "Rina"
},
{
	"Name" : "Rahma"
},
{
	"Name" : "Ratna"
},
{
	"Name" : "Peggy"
},
{
	"Name" : "Rita"
},
{
	"Name" : "Santi"
},
{
	"Name" : "Dea"
},
{
	"Name" : "Sandra"
},
{
	"Name" : "Sheila"
},
{
	"Name" : "Silvia"
},
{
	"Name" : "Soffie"
},
{
	"Name" : "Stella"
},
{
	"Name" : "Stefanny"
},
{
	"Name" : "Susan"
},
{
	"Name" : "Suzzy"
},
{
	"Name" : "Tamara"
},
{
	"Name" : "Tasya"
},
{
	"Name" : "Tanti"
},
{
	"Name" : "Tara"
},
{
	"Name" : "Terry"
},
{
	"Name" : "Talita"
},
{
	"Name" : "Tiara"
},
{
	"Name" : "Tikka"
},
{
	"Name" : "Vebby"
},
{
	"Name" : "Vannessa"
},
{
	"Name" : "Viona"
},
{
	"Name" : "Vonny"
},
{
	"Name" : "Valerie"
},
{
	"Name" : "Wanda"
},
{
	"Name" : "Widyawati"
},
{
	"Name" : "Teressa"
},
{
	"Name" : "Yanti"
},
{
	"Name" : "Yenny"
},
{
	"Name" : "Yuniata"
},
{
	"Name" : "Yulia"
},
{
	"Name" : "Yunita"
},
{
	"Name" : "Zulfa"
},
{
	"Name" : "Nikki"
},
{
	"Name" : "Felina"
},
{
	"Name" : "Lavenia"
},
{
	"Name" : "Sulianti"
},
{
	"Name" : "Silviana"
},
{
	"Name" : "Anita"
},
{
	"Name" : "Amel"
},
{
	"Name" : "Annie"
},
{
	"Name" : "Caroline"
},
{
	"Name" : "Selvi"
},
{
	"Name" : "Novita"
},
{
	"Name" : "Mariana"
},
{
	"Name" : "Rosdiana"
},
{
	"Name" : "Indah"
},
{
	"Name" : "Julie"
},
{
	"Name" : "Martha"
},
{
	"Name" : "Leony"
},
{
	"Name" : "Mikha"
},
{
	"Name" : "Melly"
},
{
	"Name" : "Nana"
},
{
	"Name" : "Nathalie"
},
{
	"Name" : "Novi"
},
{
	"Name" : "Nessy"
},
{
	"Name" : "Rheina"
},
{
	"Name" : "Rania"
},
{
	"Name" : "Ranty"
},
{
	"Name" : "Raya"
},
{
	"Name" : "Regina"
},
{
	"Name" : "Rosnita"
},
{
	"Name" : "Nuryanti"
},
{
	"Name" : "Sharon"
},
{
	"Name" : "Sonya"
},
{
	"Name" : "Sonia"
},
{
	"Name" : "Sarah"
},
{
	"Name" : "Syifa"
},
{
	"Name" : "Tyara"
},
{
	"Name" : "Valia"
},
{
	"Name" : "Vera"
},
{
	"Name" : "Ulfa"
},
{
	"Name" : "Winda"
},
{
	"Name" : "Windy"
},
{
	"Name" : "Yati"
},
{
	"Name" : "Yofa"
},
{
	"Name" : "Saskia"
},
{
	"Name" : "Cameron"
},
{
	"Name" : "Zora"
},
{
	"Name" : "Anastasya"
},
{
	"Name" : "Nagita"
},
{
	"Name" : "Maudy"
},
{
	"Name" : "Mulan"
},
{
	"Name" : "Donita"
},
{
	"Name" : "Bunga"
},
{
	"Name" : "Sophia"
},
{
	"Name" : "Nini"
},
{
	"Name" : "Soraya"
},
{
	"Name" : "Yuki"
},
{
	"Name" : "Rina"
},
{
	"Name" : "Kaila"
},
{
	"Name" : "Jovanka"
},
{
	"Name" : "Ayudia"
},
{
	"Name" : "Aqilla"
},
{
	"Name" : "Danita"
},
{
	"Name" : "Deolinda"
},
{
	"Name" : "Elina"
},
{
	"Name" : "Elvia"
},
{
	"Name" : "Freya"
},
{
	"Name" : "Friska"
},
{
	"Name" : "Jovita"
},
{
	"Name" : "Keysha"
},
{
	"Name" : "Mayasari"
},
{
	"Name" : "Narra"
},
{
	"Name" : "Nuria"
},
{
	"Name" : "Ratnasari"
},
{
	"Name" : "Zhafira"
},
{
	"Name" : "Rosalinda"
},
{
	"Name" : "Sekar"
},
{
	"Name" : "Safira"
},
{
	"Name" : "Kirana"
}
]