[{"ID" : 0,"NuclearItemID" : 0,"BetList" : "","Reward" : "","VIPLevel" : 0,"DrawTime" : "","InfoLocalization" : "","RewardList" : "","Announcement" : "","FeeRate" : 0},{"ID" : 1,"NuclearItemID" : 11901002,"BetList" : "10,20,40,0","Reward" : "1000,50,20000,800,50,4500,600,100,4000,400,100,3500,200,100,3000,100,100,2500,50,100,2000,20,100,1500,10,100,1000,2,100,500","VIPLevel" : 4,"DrawTime" : "6,0","InfoLocalization" : "Nuclear_Info","RewardList" : "10,20","Announcement" : "3,600","FeeRate" : 900},{"ID" : 2,"NuclearItemID" : 11901003,"BetList" : "10,20,40,0","Reward" : "1000,50,20000,800,50,4500,600,100,4000,400,100,3500,200,100,3000,100,100,2500,50,100,2000,20,100,1500,10,100,1000,2,100,500","VIPLevel" : 4,"DrawTime" : "6,0","InfoLocalization" : "Nuclear_Info","RewardList" : "20,30,40,50","Announcement" : "4,600","FeeRate" : 900},{"ID" : 3,"NuclearItemID" : 11901004,"BetList" : "10,20,40,0","Reward" : "1000,50,20000,800,50,4500,600,100,4000,400,100,3500,200,100,3000,100,100,2500,50,100,2000,20,100,1500,10,100,1000,2,100,500","VIPLevel" : 4,"DrawTime" : "6,0","InfoLocalization" : "Nuclear_Info","RewardList" : "50,80,100","Announcement" : "5,600","FeeRate" : 900}]