[
{
	"ID" : 0, 
	"GroupID" : 0, 
	"Level" : 0, 
	"TotalExp" : 0, 
	"RewardLoot" : "", 
	"ChannelRewardLoot" : "", 
	"DiamondPrice" : 0
},
{
	"ID" : 1,
	"GroupID" : 1,
	"Level" : 1,
	"TotalExp" : 10,
	"RewardLoot" : "10171001,10172001",
	"ChannelRewardLoot" : "10172051,10172001",
	"DiamondPrice" : 10
},
{
	"ID" : 2,
	"GroupID" : 1,
	"Level" : 2,
	"TotalExp" : 50,
	"RewardLoot" : "10171002,10172002",
	"ChannelRewardLoot" : "10171002,10172002",
	"DiamondPrice" : 10
},
{
	"ID" : 3,
	"GroupID" : 1,
	"Level" : 3,
	"TotalExp" : 100,
	"RewardLoot" : "10171003,10172003",
	"ChannelRewardLoot" : "10171003,10172003",
	"DiamondPrice" : 10
},
{
	"ID" : 4,
	"GroupID" : 1,
	"Level" : 4,
	"TotalExp" : 200,
	"RewardLoot" : "10171004,10172004",
	"ChannelRewardLoot" : "10172052,10172004",
	"DiamondPrice" : 10
},
{
	"ID" : 5,
	"GroupID" : 1,
	"Level" : 5,
	"TotalExp" : 500,
	"RewardLoot" : "10171005,10172005",
	"ChannelRewardLoot" : "10171005,10172005",
	"DiamondPrice" : 10
},
{
	"ID" : 6,
	"GroupID" : 1,
	"Level" : 6,
	"TotalExp" : 1000,
	"RewardLoot" : "10171006,10172006",
	"ChannelRewardLoot" : "10171006,10172006",
	"DiamondPrice" : 10
},
{
	"ID" : 7,
	"GroupID" : 1,
	"Level" : 7,
	"TotalExp" : 2000,
	"RewardLoot" : "10171007,10172007",
	"ChannelRewardLoot" : "10172053,10172007",
	"DiamondPrice" : 10
},
{
	"ID" : 8,
	"GroupID" : 1,
	"Level" : 8,
	"TotalExp" : 5000,
	"RewardLoot" : "10171008,10172008",
	"ChannelRewardLoot" : "10171008,10172008",
	"DiamondPrice" : 10
},
{
	"ID" : 9,
	"GroupID" : 1,
	"Level" : 9,
	"TotalExp" : 10000,
	"RewardLoot" : "10171009,10172009",
	"ChannelRewardLoot" : "10171009,10172009",
	"DiamondPrice" : 10
},
{
	"ID" : 10,
	"GroupID" : 1,
	"Level" : 10,
	"TotalExp" : 20000,
	"RewardLoot" : "10171010,10172010",
	"ChannelRewardLoot" : "10172054,10172010",
	"DiamondPrice" : 10
},
{
	"ID" : 11,
	"GroupID" : 1,
	"Level" : 11,
	"TotalExp" : 40000,
	"RewardLoot" : "10171011,10172011",
	"ChannelRewardLoot" : "10171011,10172011",
	"DiamondPrice" : 10
},
{
	"ID" : 12,
	"GroupID" : 1,
	"Level" : 12,
	"TotalExp" : 60000,
	"RewardLoot" : "10171012,10172012",
	"ChannelRewardLoot" : "10171012,10172012",
	"DiamondPrice" : 10
},
{
	"ID" : 13,
	"GroupID" : 1,
	"Level" : 13,
	"TotalExp" : 80000,
	"RewardLoot" : "10171013,10172013",
	"ChannelRewardLoot" : "10172055,10172013",
	"DiamondPrice" : 10
},
{
	"ID" : 14,
	"GroupID" : 1,
	"Level" : 14,
	"TotalExp" : 100000,
	"RewardLoot" : "10171014,10172014",
	"ChannelRewardLoot" : "10171014,10172014",
	"DiamondPrice" : 12
},
{
	"ID" : 15,
	"GroupID" : 1,
	"Level" : 15,
	"TotalExp" : 150000,
	"RewardLoot" : "10171015,10172015",
	"ChannelRewardLoot" : "10171015,10172015",
	"DiamondPrice" : 18
},
{
	"ID" : 16,
	"GroupID" : 1,
	"Level" : 16,
	"TotalExp" : 200000,
	"RewardLoot" : "10171016,10172016",
	"ChannelRewardLoot" : "10172056,10172016",
	"DiamondPrice" : 21
},
{
	"ID" : 17,
	"GroupID" : 1,
	"Level" : 17,
	"TotalExp" : 300000,
	"RewardLoot" : "10171017,10172017",
	"ChannelRewardLoot" : "10171017,10172017",
	"DiamondPrice" : 24
},
{
	"ID" : 18,
	"GroupID" : 1,
	"Level" : 18,
	"TotalExp" : 400000,
	"RewardLoot" : "10171018,10172018",
	"ChannelRewardLoot" : "10171018,10172018",
	"DiamondPrice" : 30
},
{
	"ID" : 19,
	"GroupID" : 1,
	"Level" : 19,
	"TotalExp" : 600000,
	"RewardLoot" : "10171019,10172019",
	"ChannelRewardLoot" : "10172057,10172019",
	"DiamondPrice" : 33
},
{
	"ID" : 20,
	"GroupID" : 1,
	"Level" : 20,
	"TotalExp" : 800000,
	"RewardLoot" : "10171020,10172020",
	"ChannelRewardLoot" : "10171020,10172020",
	"DiamondPrice" : 36
},
{
	"ID" : 21,
	"GroupID" : 1,
	"Level" : 21,
	"TotalExp" : 1000000,
	"RewardLoot" : "10171021,10172021",
	"ChannelRewardLoot" : "10171021,10172021",
	"DiamondPrice" : 48
},
{
	"ID" : 22,
	"GroupID" : 1,
	"Level" : 22,
	"TotalExp" : 1500000,
	"RewardLoot" : "10171022,10172022",
	"ChannelRewardLoot" : "10172058,10172022",
	"DiamondPrice" : 50
},
{
	"ID" : 23,
	"GroupID" : 1,
	"Level" : 23,
	"TotalExp" : 2000000,
	"RewardLoot" : "10171023,10172023",
	"ChannelRewardLoot" : "10171023,10172023",
	"DiamondPrice" : 60
},
{
	"ID" : 24,
	"GroupID" : 1,
	"Level" : 24,
	"TotalExp" : 3000000,
	"RewardLoot" : "10171024,10172024",
	"ChannelRewardLoot" : "10171024,10172024",
	"DiamondPrice" : 120
},
{
	"ID" : 25,
	"GroupID" : 1,
	"Level" : 25,
	"TotalExp" : 4000000,
	"RewardLoot" : "10171025,10172025",
	"ChannelRewardLoot" : "10172059,10172025",
	"DiamondPrice" : 120
},
{
	"ID" : 26,
	"GroupID" : 1,
	"Level" : 26,
	"TotalExp" : 6000000,
	"RewardLoot" : "10171026,10172026",
	"ChannelRewardLoot" : "10171026,10172026",
	"DiamondPrice" : 180
},
{
	"ID" : 27,
	"GroupID" : 1,
	"Level" : 27,
	"TotalExp" : 8000000,
	"RewardLoot" : "10171027,10172027",
	"ChannelRewardLoot" : "10171027,10172027",
	"DiamondPrice" : 240
},
{
	"ID" : 28,
	"GroupID" : 1,
	"Level" : 28,
	"TotalExp" : 10000000,
	"RewardLoot" : "10171028,10172028",
	"ChannelRewardLoot" : "10171028,10172028",
	"DiamondPrice" : 240
},
{
	"ID" : 29,
	"GroupID" : 1,
	"Level" : 29,
	"TotalExp" : 15000000,
	"RewardLoot" : "10171029,10172029",
	"ChannelRewardLoot" : "10171029,10172029",
	"DiamondPrice" : 300
},
{
	"ID" : 30,
	"GroupID" : 1,
	"Level" : 30,
	"TotalExp" : 20000000,
	"RewardLoot" : "10171030,10172030",
	"ChannelRewardLoot" : "10171030,10172030",
	"DiamondPrice" : 360
},
{
	"ID" : 31,
	"GroupID" : 1,
	"Level" : 31,
	"TotalExp" : 30000000,
	"RewardLoot" : "10171031,10172031",
	"ChannelRewardLoot" : "10171031,10172031",
	"DiamondPrice" : 360
},
{
	"ID" : 32,
	"GroupID" : 1,
	"Level" : 32,
	"TotalExp" : 40000000,
	"RewardLoot" : "10171032,10172032",
	"ChannelRewardLoot" : "10171032,10172032",
	"DiamondPrice" : 480
},
{
	"ID" : 33,
	"GroupID" : 1,
	"Level" : 33,
	"TotalExp" : 60000000,
	"RewardLoot" : "10171033,10172033",
	"ChannelRewardLoot" : "10171033,10172033",
	"DiamondPrice" : 600
},
{
	"ID" : 34,
	"GroupID" : 1,
	"Level" : 34,
	"TotalExp" : 80000000,
	"RewardLoot" : "10171034,10172034",
	"ChannelRewardLoot" : "10171034,10172034",
	"DiamondPrice" : 600
},
{
	"ID" : 35,
	"GroupID" : 1,
	"Level" : 35,
	"TotalExp" : 100000000,
	"RewardLoot" : "10171035,10172035",
	"ChannelRewardLoot" : "10171035,10172035",
	"DiamondPrice" : 1200
},
{
	"ID" : 36,
	"GroupID" : 1,
	"Level" : 36,
	"TotalExp" : 150000000,
	"RewardLoot" : "10171036,10172036",
	"ChannelRewardLoot" : "10171036,10172036",
	"DiamondPrice" : 1800
},
{
	"ID" : 37,
	"GroupID" : 1,
	"Level" : 37,
	"TotalExp" : 200000000,
	"RewardLoot" : "10171037,10172037",
	"ChannelRewardLoot" : "10171037,10172037",
	"DiamondPrice" : 1800
},
{
	"ID" : 38,
	"GroupID" : 1,
	"Level" : 38,
	"TotalExp" : 300000000,
	"RewardLoot" : "10171038,10172038",
	"ChannelRewardLoot" : "10171038,10172038",
	"DiamondPrice" : 2400
},
{
	"ID" : 39,
	"GroupID" : 1,
	"Level" : 39,
	"TotalExp" : 400000000,
	"RewardLoot" : "10171039,10172039",
	"ChannelRewardLoot" : "10171039,10172039",
	"DiamondPrice" : 3000
},
{
	"ID" : 40,
	"GroupID" : 1,
	"Level" : 40,
	"TotalExp" : 600000000,
	"RewardLoot" : "10171040,10172040",
	"ChannelRewardLoot" : "10171040,10172040",
	"DiamondPrice" : 3000
},
{
	"ID" : 41,
	"GroupID" : 1,
	"Level" : 41,
	"TotalExp" : 800000000,
	"RewardLoot" : "10171041,10172041",
	"ChannelRewardLoot" : "10171041,10172041",
	"DiamondPrice" : 3600
},
{
	"ID" : 42,
	"GroupID" : 1,
	"Level" : 42,
	"TotalExp" : 1000000000,
	"RewardLoot" : "10171042,10172042",
	"ChannelRewardLoot" : "10171042,10172042",
	"DiamondPrice" : 4800
}
]