[
{
	"ID" : 0, 
	"Name" : "", 
	"NameLocalization" : "", 
	"Type" : 0, 
	"PostQuestID" : 0, 
	"Condition" : 0, 
	"Param" : 0, 
	"ConditionNum" : 0, 
	"ConditionShow" : "", 
	"RewardLoot" : 0, 
	"AcceptSet" : "", 
	"OngoingGuide" : 0, 
	"FinishGuide" : 0, 
	"AfterGuide" : 0, 
	"RedEnvelope" : "", 
	"ItemUseGuide" : 0, 
	"NewbieEndMark" : 0
},
{
	"ID" : 1,
	"Name" : "击杀任意鱼",
	"NameLocalization" : "Quest_1",
	"Type" : 1,
	"PostQuestID" : 2,
	"Condition" : 3,
	"ConditionNum" : 2,
	"RewardLoot" : 11024001,
	"FinishGuide" : 1
},
{
	"ID" : 2,
	"Name" : "使用锁定",
	"NameLocalization" : "Quest_2",
	"Type" : 1,
	"PostQuestID" : 3,
	"Condition" : 2,
	"Param" : 1,
	"ConditionNum" : 1,
	"RewardLoot" : 11024002,
	"OngoingGuide" : 1,
	"FinishGuide" : 1
},
{
	"ID" : 3,
	"Name" : "使用急速",
	"NameLocalization" : "Quest_3",
	"Type" : 1,
	"PostQuestID" : 4,
	"Condition" : 2,
	"Param" : 3,
	"ConditionNum" : 1,
	"RewardLoot" : 11024003,
	"OngoingGuide" : 3,
	"FinishGuide" : 1
},
{
	"ID" : 4,
	"Name" : "捕鱼获得金币",
	"NameLocalization" : "Quest_4",
	"Type" : 1,
	"PostQuestID" : 5,
	"Condition" : 1,
	"ConditionNum" : 5000,
	"RewardLoot" : 11024004,
	"FinishGuide" : 1
},
{
	"ID" : 5,
	"Name" : "使用锁定",
	"NameLocalization" : "Quest_5",
	"Type" : 1,
	"PostQuestID" : 6,
	"Condition" : 2,
	"Param" : 1,
	"ConditionNum" : 5,
	"RewardLoot" : 11024005,
	"OngoingGuide" : 1,
	"FinishGuide" : 1
},
{
	"ID" : 6,
	"Name" : "击杀任意鱼",
	"NameLocalization" : "Quest_6",
	"Type" : 1,
	"PostQuestID" : 7,
	"Condition" : 3,
	"ConditionNum" : 10,
	"RewardLoot" : 11024006,
	"FinishGuide" : 1
},
{
	"ID" : 7,
	"Name" : "使用急速",
	"NameLocalization" : "Quest_7",
	"Type" : 1,
	"PostQuestID" : 8,
	"Condition" : 2,
	"Param" : 3,
	"ConditionNum" : 5,
	"RewardLoot" : 11024007,
	"OngoingGuide" : 3,
	"FinishGuide" : 1
},
{
	"ID" : 8,
	"Name" : "击杀任意鱼",
	"NameLocalization" : "Quest_8",
	"Type" : 1,
	"PostQuestID" : 9,
	"Condition" : 3,
	"ConditionNum" : 20,
	"RewardLoot" : 11024008,
	"FinishGuide" : 1
},
{
	"ID" : 9,
	"Name" : "使用锁定",
	"NameLocalization" : "Quest_9",
	"Type" : 1,
	"PostQuestID" : 10,
	"Condition" : 2,
	"Param" : 1,
	"ConditionNum" : 10,
	"RewardLoot" : 11024009,
	"OngoingGuide" : 1,
	"FinishGuide" : 1
},
{
	"ID" : 10,
	"Name" : "捕鱼获得金币",
	"NameLocalization" : "Quest_10",
	"Type" : 1,
	"PostQuestID" : 11,
	"Condition" : 1,
	"ConditionNum" : 20000,
	"RewardLoot" : 11024010,
	"FinishGuide" : 1
},
{
	"ID" : 11,
	"Name" : "使用急速",
	"NameLocalization" : "Quest_11",
	"Type" : 1,
	"PostQuestID" : 12,
	"Condition" : 2,
	"Param" : 3,
	"ConditionNum" : 10,
	"RewardLoot" : 11024011,
	"OngoingGuide" : 3,
	"FinishGuide" : 1
},
{
	"ID" : 12,
	"Name" : "使用锁定",
	"NameLocalization" : "Quest_12",
	"Type" : 1,
	"PostQuestID" : 13,
	"Condition" : 2,
	"Param" : 1,
	"ConditionNum" : 10,
	"RewardLoot" : 11024012,
	"OngoingGuide" : 1,
	"FinishGuide" : 1
},
{
	"ID" : 13,
	"Name" : "击杀任意鱼",
	"NameLocalization" : "Quest_13",
	"Type" : 1,
	"PostQuestID" : 14,
	"Condition" : 3,
	"ConditionNum" : 15,
	"RewardLoot" : 11024013,
	"FinishGuide" : 1
},
{
	"ID" : 14,
	"Name" : "使用急速",
	"NameLocalization" : "Quest_14",
	"Type" : 1,
	"PostQuestID" : 15,
	"Condition" : 2,
	"Param" : 3,
	"ConditionNum" : 20,
	"RewardLoot" : 11024014,
	"OngoingGuide" : 3,
	"FinishGuide" : 1
},
{
	"ID" : 15,
	"Name" : "等级达到6级",
	"NameLocalization" : "Quest_15",
	"Type" : 1,
	"PostQuestID" : 16,
	"Condition" : 5,
	"ConditionNum" : 6,
	"RewardLoot" : 11024015,
	"FinishGuide" : 1
},
{
	"ID" : 16,
	"Name" : "装备英雄炮台",
	"NameLocalization" : "Quest_16",
	"Type" : 1,
	"PostQuestID" : 17,
	"Condition" : 6,
	"Param" : 1,
	"ConditionNum" : 1,
	"RewardLoot" : 11024016,
	"FinishGuide" : 1
},
{
	"ID" : 17,
	"Name" : "装备2星的英雄炮台",
	"NameLocalization" : "Quest_17",
	"Type" : 1,
	"PostQuestID" : 18,
	"Condition" : 6,
	"Param" : 2,
	"ConditionNum" : 1,
	"RewardLoot" : 11024017,
	"FinishGuide" : 1
},
{
	"ID" : 18,
	"Name" : "装备3星的英雄炮台",
	"NameLocalization" : "Quest_18",
	"Type" : 1,
	"Condition" : 6,
	"Param" : 3,
	"ConditionNum" : 1,
	"RewardLoot" : 11024018,
	"FinishGuide" : 1,
	"NewbieEndMark" : 1
},
{
	"ID" : 21,
	"Name" : "开炮捕获1条鱼",
	"NameLocalization" : "Quest_21",
	"Type" : 1,
	"PostQuestID" : 22,
	"Condition" : 3,
	"ConditionNum" : 1,
	"RewardLoot" : 11024021,
	"OngoingGuide" : 103,
	"FinishGuide" : 1,
	"AfterGuide" : 104
},
{
	"ID" : 22,
	"Name" : "使用锁定1次",
	"NameLocalization" : "Quest_22",
	"Type" : 1,
	"PostQuestID" : 38,
	"Condition" : 2,
	"Param" : 1,
	"ConditionNum" : 1,
	"RewardLoot" : 11024022,
	"OngoingGuide" : 105,
	"FinishGuide" : 1
},
{
	"ID" : 23,
	"Name" : "任意击杀5条鱼",
	"NameLocalization" : "Quest_23",
	"Type" : 1,
	"PostQuestID" : 24,
	"Condition" : 3,
	"ConditionNum" : 5,
	"RewardLoot" : 11024023,
	"FinishGuide" : 1
},
{
	"ID" : 24,
	"Name" : "切换倍炮1次",
	"NameLocalization" : "Quest_24",
	"Type" : 1,
	"PostQuestID" : 39,
	"Condition" : 7,
	"Param" : 100,
	"ConditionNum" : 1,
	"RewardLoot" : 11024024,
	"OngoingGuide" : 106,
	"FinishGuide" : 1
},
{
	"ID" : 25,
	"Name" : "捕鱼获得金币",
	"NameLocalization" : "Quest_25",
	"Type" : 1,
	"PostQuestID" : 26,
	"Condition" : 1,
	"ConditionNum" : 40000,
	"RewardLoot" : 11024025,
	"FinishGuide" : 1
},
{
	"ID" : 26,
	"Name" : "领取4级礼包",
	"NameLocalization" : "Quest_26",
	"Type" : 1,
	"PostQuestID" : 27,
	"Condition" : 8,
	"Param" : 4,
	"ConditionNum" : 1,
	"RewardLoot" : 11024026,
	"FinishGuide" : 1
},
{
	"ID" : 27,
	"Name" : "装备渔夫",
	"NameLocalization" : "Quest_27",
	"Type" : 1,
	"PostQuestID" : 28,
	"Condition" : 6,
	"Param" : 1,
	"ConditionNum" : 1,
	"RewardLoot" : 11024027,
	"OngoingGuide" : 108,
	"FinishGuide" : 1
},
{
	"ID" : 28,
	"Name" : "使用锁定1次",
	"NameLocalization" : "Quest_28",
	"Type" : 1,
	"PostQuestID" : 40,
	"Condition" : 2,
	"Param" : 1,
	"ConditionNum" : 1,
	"RewardLoot" : 11024028,
	"OngoingGuide" : 116
},
{
	"ID" : 29,
	"Name" : "击杀2条奖金鱼",
	"NameLocalization" : "Quest_29",
	"Type" : 1,
	"PostQuestID" : 30,
	"Condition" : 4,
	"Param" : 2,
	"ConditionNum" : 2,
	"RewardLoot" : 11024029
},
{
	"ID" : 30,
	"Name" : "领取5级礼包",
	"NameLocalization" : "Quest_30",
	"Type" : 1,
	"PostQuestID" : 31,
	"Condition" : 8,
	"Param" : 5,
	"ConditionNum" : 1,
	"RewardLoot" : 11024030
},
{
	"ID" : 31,
	"Name" : "装备翅膀",
	"NameLocalization" : "Quest_31",
	"Type" : 1,
	"PostQuestID" : 32,
	"Condition" : 10,
	"ConditionNum" : 1,
	"RewardLoot" : 11024031,
	"OngoingGuide" : 111
},
{
	"ID" : 32,
	"Name" : "使用一次翅膀技能",
	"NameLocalization" : "Quest_32",
	"Type" : 1,
	"PostQuestID" : 33,
	"Condition" : 9,
	"Param" : 2,
	"ConditionNum" : 1,
	"RewardLoot" : 11024032,
	"AcceptSet" : "1,500"
},
{
	"ID" : 33,
	"Name" : "使用急速1次",
	"NameLocalization" : "Quest_33",
	"Type" : 1,
	"PostQuestID" : 44,
	"Condition" : 2,
	"Param" : 3,
	"ConditionNum" : 1,
	"RewardLoot" : 11024033,
	"OngoingGuide" : 117
},
{
	"ID" : 34,
	"Name" : "使用核弹1次",
	"NameLocalization" : "Quest_34",
	"Type" : 1,
	"PostQuestID" : 35,
	"Condition" : 9,
	"Param" : 5,
	"ConditionNum" : 1,
	"RewardLoot" : 11024034,
	"OngoingGuide" : 119,
	"RedEnvelope" : "2,604800"
},
{
	"ID" : 35,
	"Name" : "击杀20条鱼",
	"NameLocalization" : "Quest_35",
	"Type" : 1,
	"PostQuestID" : 37,
	"Condition" : 3,
	"ConditionNum" : 20,
	"RewardLoot" : 11024035,
	"AcceptSet" : "1,500",
	"OngoingGuide" : 121
},
{
	"ID" : 36,
	"Name" : "装备2星的英雄炮台",
	"NameLocalization" : "Quest_36",
	"Type" : 1,
	"Condition" : 6,
	"Param" : 2,
	"ConditionNum" : 1,
	"RewardLoot" : 11024036
},
{
	"ID" : 37,
	"Name" : "装备3星的英雄炮台",
	"NameLocalization" : "Quest_37",
	"Type" : 1,
	"Condition" : 6,
	"Param" : 3,
	"ConditionNum" : 1,
	"RewardLoot" : 11024037,
	"OngoingGuide" : 122,
	"NewbieEndMark" : 1
},
{
	"ID" : 38,
	"Name" : "任意击杀3条鱼",
	"NameLocalization" : "Quest_38",
	"Type" : 1,
	"PostQuestID" : 24,
	"Condition" : 3,
	"ConditionNum" : 3,
	"RewardLoot" : 11024038,
	"FinishGuide" : 1
},
{
	"ID" : 39,
	"Name" : "捕鱼获得金币",
	"NameLocalization" : "Quest_39",
	"Type" : 1,
	"PostQuestID" : 41,
	"Condition" : 1,
	"ConditionNum" : 80000,
	"RewardLoot" : 11024039,
	"FinishGuide" : 1
},
{
	"ID" : 40,
	"Name" : "任意击杀5条鱼",
	"NameLocalization" : "Quest_40",
	"Type" : 1,
	"PostQuestID" : 43,
	"Condition" : 3,
	"ConditionNum" : 5,
	"RewardLoot" : 11024040
},
{
	"ID" : 41,
	"Name" : "使用锁定2次",
	"NameLocalization" : "Quest_41",
	"Type" : 1,
	"PostQuestID" : 42,
	"Condition" : 2,
	"Param" : 1,
	"ConditionNum" : 2,
	"RewardLoot" : 11024041,
	"OngoingGuide" : 116,
	"FinishGuide" : 1,
	"ItemUseGuide" : 1
},
{
	"ID" : 42,
	"Name" : "任意击杀5条鱼",
	"NameLocalization" : "Quest_42",
	"Type" : 1,
	"PostQuestID" : 26,
	"Condition" : 3,
	"ConditionNum" : 5,
	"RewardLoot" : 11024042,
	"FinishGuide" : 1
},
{
	"ID" : 43,
	"Name" : "捕鱼获得金币",
	"NameLocalization" : "Quest_43",
	"Type" : 1,
	"PostQuestID" : 30,
	"Condition" : 1,
	"ConditionNum" : 100000,
	"RewardLoot" : 11024043,
	"FinishGuide" : 1
},
{
	"ID" : 44,
	"Name" : "击杀2条黄金鱼",
	"NameLocalization" : "Quest_44",
	"Type" : 1,
	"PostQuestID" : 34,
	"Condition" : 4,
	"Param" : 2,
	"ConditionNum" : 2,
	"RewardLoot" : 11024044
},
{
	"ID" : 50,
	"Name" : "领取2级礼包",
	"NameLocalization" : "Quest_50",
	"Type" : 1,
	"PostQuestID" : 51,
	"Condition" : 8,
	"Param" : 2,
	"ConditionNum" : 1,
	"RewardLoot" : 11024050,
	"OngoingGuide" : 103,
	"FinishGuide" : 1,
	"RedEnvelope" : "2,604800"
},
{
	"ID" : 51,
	"Name" : "等级达到4级",
	"NameLocalization" : "Quest_51",
	"Type" : 1,
	"PostQuestID" : 52,
	"Condition" : 5,
	"ConditionNum" : 4,
	"RewardLoot" : 11024051,
	"AfterGuide" : 108
},
{
	"ID" : 52,
	"Name" : "等级达到5级",
	"NameLocalization" : "Quest_52",
	"Type" : 1,
	"Condition" : 5,
	"ConditionNum" : 5,
	"RewardLoot" : 11024052,
	"AfterGuide" : 111,
	"NewbieEndMark" : 1
},
{
	"ID" : 60,
	"Name" : "任意击杀2条鱼",
	"NameLocalization" : "Quest_60",
	"Type" : 1,
	"PostQuestID" : 61,
	"Condition" : 3,
	"ConditionNum" : 2,
	"RewardLoot" : 11024060
},
{
	"ID" : 61,
	"Name" : "使用急速",
	"NameLocalization" : "Quest_61",
	"Type" : 1,
	"PostQuestID" : 62,
	"Condition" : 2,
	"Param" : 3,
	"ConditionNum" : 1,
	"RewardLoot" : 11024061,
	"ItemUseGuide" : 3
},
{
	"ID" : 62,
	"Name" : "使用狂暴",
	"NameLocalization" : "Quest_62",
	"Type" : 1,
	"Condition" : 2,
	"Param" : 4,
	"ConditionNum" : 1,
	"RewardLoot" : 11024062,
	"ItemUseGuide" : 4,
	"NewbieEndMark" : 1
},
{
	"ID" : 65,
	"Name" : "任意击杀2条鱼",
	"NameLocalization" : "Quest_60",
	"Type" : 1,
	"PostQuestID" : 66,
	"Condition" : 3,
	"ConditionNum" : 2,
	"RewardLoot" : 11024060
},
{
	"ID" : 66,
	"Name" : "使用急速",
	"NameLocalization" : "Quest_61",
	"Type" : 1,
	"PostQuestID" : 67,
	"Condition" : 2,
	"Param" : 3,
	"ConditionNum" : 1,
	"RewardLoot" : 11024061,
	"ItemUseGuide" : 3
},
{
	"ID" : 67,
	"Name" : "捕鱼获得金币",
	"NameLocalization" : "Quest_39",
	"Type" : 1,
	"PostQuestID" : 68,
	"Condition" : 1,
	"ConditionNum" : 500000000,
	"RewardLoot" : 11024060
},
{
	"ID" : 68,
	"Name" : "使用狂暴",
	"NameLocalization" : "Quest_62",
	"Type" : 1,
	"Condition" : 2,
	"Param" : 4,
	"ConditionNum" : 1,
	"RewardLoot" : 11024062,
	"ItemUseGuide" : 4,
	"NewbieEndMark" : 1
},
{
	"ID" : 101,
	"Name" : "击杀任意鱼",
	"NameLocalization" : "Quest_101",
	"Type" : 2,
	"Condition" : 3,
	"ConditionNum" : 16,
	"RewardLoot" : 11024101
},
{
	"ID" : 102,
	"Name" : "击杀任意鱼",
	"NameLocalization" : "Quest_102",
	"Type" : 2,
	"Condition" : 3,
	"ConditionNum" : 18,
	"RewardLoot" : 11024102
},
{
	"ID" : 103,
	"Name" : "击杀任意鱼",
	"NameLocalization" : "Quest_103",
	"Type" : 2,
	"Condition" : 3,
	"ConditionNum" : 20,
	"RewardLoot" : 11024103
},
{
	"ID" : 104,
	"Name" : "击杀任意鱼",
	"NameLocalization" : "Quest_104",
	"Type" : 2,
	"Condition" : 3,
	"ConditionNum" : 22,
	"RewardLoot" : 11024104
},
{
	"ID" : 105,
	"Name" : "击杀任意鱼",
	"NameLocalization" : "Quest_105",
	"Type" : 2,
	"Condition" : 3,
	"ConditionNum" : 24,
	"RewardLoot" : 11024105
},
{
	"ID" : 106,
	"Name" : "使用锁定",
	"NameLocalization" : "Quest_106",
	"Type" : 2,
	"Condition" : 2,
	"Param" : 1,
	"ConditionNum" : 2,
	"RewardLoot" : 11024106
},
{
	"ID" : 107,
	"Name" : "使用锁定",
	"NameLocalization" : "Quest_107",
	"Type" : 2,
	"Condition" : 2,
	"Param" : 1,
	"ConditionNum" : 3,
	"RewardLoot" : 11024107
},
{
	"ID" : 108,
	"Name" : "使用锁定",
	"NameLocalization" : "Quest_108",
	"Type" : 2,
	"Condition" : 2,
	"Param" : 1,
	"ConditionNum" : 4,
	"RewardLoot" : 11024108
},
{
	"ID" : 109,
	"Name" : "使用锁定",
	"NameLocalization" : "Quest_109",
	"Type" : 2,
	"Condition" : 2,
	"Param" : 1,
	"ConditionNum" : 5,
	"RewardLoot" : 11024109
},
{
	"ID" : 110,
	"Name" : "使用锁定",
	"NameLocalization" : "Quest_110",
	"Type" : 2,
	"Condition" : 2,
	"Param" : 1,
	"ConditionNum" : 6,
	"RewardLoot" : 11024110
},
{
	"ID" : 111,
	"Name" : "使用冰冻",
	"NameLocalization" : "Quest_111",
	"Type" : 2,
	"Condition" : 2,
	"Param" : 2,
	"ConditionNum" : 1,
	"RewardLoot" : 11024111
},
{
	"ID" : 112,
	"Name" : "使用冰冻",
	"NameLocalization" : "Quest_112",
	"Type" : 2,
	"Condition" : 2,
	"Param" : 2,
	"ConditionNum" : 2,
	"RewardLoot" : 11024112
},
{
	"ID" : 113,
	"Name" : "使用冰冻",
	"NameLocalization" : "Quest_113",
	"Type" : 2,
	"Condition" : 2,
	"Param" : 2,
	"ConditionNum" : 3,
	"RewardLoot" : 11024113
},
{
	"ID" : 114,
	"Name" : "使用冰冻",
	"NameLocalization" : "Quest_114",
	"Type" : 2,
	"Condition" : 2,
	"Param" : 2,
	"ConditionNum" : 1,
	"RewardLoot" : 11024114
},
{
	"ID" : 115,
	"Name" : "使用冰冻",
	"NameLocalization" : "Quest_115",
	"Type" : 2,
	"Condition" : 2,
	"Param" : 2,
	"ConditionNum" : 2,
	"RewardLoot" : 11024115
},
{
	"ID" : 116,
	"Name" : "使用急速",
	"NameLocalization" : "Quest_116",
	"Type" : 2,
	"Condition" : 2,
	"Param" : 3,
	"ConditionNum" : 1,
	"RewardLoot" : 11024116
},
{
	"ID" : 117,
	"Name" : "使用急速",
	"NameLocalization" : "Quest_117",
	"Type" : 2,
	"Condition" : 2,
	"Param" : 3,
	"ConditionNum" : 2,
	"RewardLoot" : 11024117
},
{
	"ID" : 118,
	"Name" : "使用急速",
	"NameLocalization" : "Quest_118",
	"Type" : 2,
	"Condition" : 2,
	"Param" : 3,
	"ConditionNum" : 3,
	"RewardLoot" : 11024118
},
{
	"ID" : 119,
	"Name" : "使用急速",
	"NameLocalization" : "Quest_119",
	"Type" : 2,
	"Condition" : 2,
	"Param" : 3,
	"ConditionNum" : 4,
	"RewardLoot" : 11024119
},
{
	"ID" : 120,
	"Name" : "使用急速",
	"NameLocalization" : "Quest_120",
	"Type" : 2,
	"Condition" : 2,
	"Param" : 3,
	"ConditionNum" : 5,
	"RewardLoot" : 11024120
},
{
	"ID" : 121,
	"Name" : "击杀奖金鱼",
	"NameLocalization" : "Quest_121",
	"Type" : 2,
	"Condition" : 4,
	"Param" : 2,
	"ConditionNum" : 2,
	"RewardLoot" : 11024121
},
{
	"ID" : 122,
	"Name" : "击杀奖金鱼",
	"NameLocalization" : "Quest_122",
	"Type" : 2,
	"Condition" : 4,
	"Param" : 2,
	"ConditionNum" : 3,
	"RewardLoot" : 11024122
},
{
	"ID" : 123,
	"Name" : "击杀奖金鱼",
	"NameLocalization" : "Quest_123",
	"Type" : 2,
	"Condition" : 4,
	"Param" : 2,
	"ConditionNum" : 4,
	"RewardLoot" : 11024123
},
{
	"ID" : 124,
	"Name" : "击杀奖金鱼",
	"NameLocalization" : "Quest_124",
	"Type" : 2,
	"Condition" : 4,
	"Param" : 2,
	"ConditionNum" : 5,
	"RewardLoot" : 11024124
},
{
	"ID" : 125,
	"Name" : "击杀粉色公主",
	"NameLocalization" : "Quest_125",
	"Type" : 2,
	"Condition" : 3,
	"Param" : 10016,
	"ConditionNum" : 2,
	"RewardLoot" : 11024125
},
{
	"ID" : 126,
	"Name" : "击杀粉色公主",
	"NameLocalization" : "Quest_126",
	"Type" : 2,
	"Condition" : 3,
	"Param" : 10016,
	"ConditionNum" : 4,
	"RewardLoot" : 11024126
},
{
	"ID" : 127,
	"Name" : "击杀负伤武士",
	"NameLocalization" : "Quest_127",
	"Type" : 2,
	"Condition" : 3,
	"Param" : 10017,
	"ConditionNum" : 2,
	"RewardLoot" : 11024127
},
{
	"ID" : 128,
	"Name" : "击杀负伤武士",
	"NameLocalization" : "Quest_128",
	"Type" : 2,
	"Condition" : 3,
	"Param" : 10017,
	"ConditionNum" : 4,
	"RewardLoot" : 11024128
},
{
	"ID" : 129,
	"Name" : "击杀鱼三剑客",
	"NameLocalization" : "Quest_129",
	"Type" : 2,
	"Condition" : 3,
	"Param" : 10103,
	"ConditionNum" : 2,
	"RewardLoot" : 11024129
},
{
	"ID" : 130,
	"Name" : "击杀鱼三剑客",
	"NameLocalization" : "Quest_130",
	"Type" : 2,
	"Condition" : 3,
	"Param" : 10103,
	"ConditionNum" : 4,
	"RewardLoot" : 11024130
},
{
	"ID" : 131,
	"Name" : "击杀灯笼军团",
	"NameLocalization" : "Quest_131",
	"Type" : 2,
	"Condition" : 3,
	"Param" : 10104,
	"ConditionNum" : 2,
	"RewardLoot" : 11024131
},
{
	"ID" : 132,
	"Name" : "击杀灯笼军团",
	"NameLocalization" : "Quest_132",
	"Type" : 2,
	"Condition" : 3,
	"Param" : 10104,
	"ConditionNum" : 4,
	"RewardLoot" : 11024132
},
{
	"ID" : 133,
	"Name" : "击杀奖金鲸鱼",
	"NameLocalization" : "Quest_133",
	"Type" : 2,
	"Condition" : 3,
	"Param" : 10151,
	"ConditionNum" : 2,
	"RewardLoot" : 11024133
},
{
	"ID" : 134,
	"Name" : "击杀奖金乌贼",
	"NameLocalization" : "Quest_134",
	"Type" : 2,
	"Condition" : 3,
	"Param" : 10152,
	"ConditionNum" : 2,
	"RewardLoot" : 11024134
},
{
	"ID" : 135,
	"Name" : "击杀奖金水母",
	"NameLocalization" : "Quest_135",
	"Type" : 2,
	"Condition" : 3,
	"Param" : 10156,
	"ConditionNum" : 2,
	"RewardLoot" : 11024135
},
{
	"ID" : 136,
	"Name" : "捕鱼获得金币",
	"NameLocalization" : "Quest_136",
	"Type" : 2,
	"Condition" : 1,
	"ConditionNum" : 100000,
	"RewardLoot" : 11024136
},
{
	"ID" : 137,
	"Name" : "捕鱼获得金币",
	"NameLocalization" : "Quest_137",
	"Type" : 2,
	"Condition" : 1,
	"ConditionNum" : 150000,
	"RewardLoot" : 11024137
},
{
	"ID" : 138,
	"Name" : "捕鱼获得金币",
	"NameLocalization" : "Quest_138",
	"Type" : 2,
	"Condition" : 1,
	"ConditionNum" : 200000,
	"RewardLoot" : 11024138
},
{
	"ID" : 139,
	"Name" : "捕鱼获得金币",
	"NameLocalization" : "Quest_139",
	"Type" : 2,
	"Condition" : 1,
	"ConditionNum" : 250000,
	"RewardLoot" : 11024139
},
{
	"ID" : 140,
	"Name" : "捕鱼获得金币",
	"NameLocalization" : "Quest_140",
	"Type" : 2,
	"Condition" : 1,
	"ConditionNum" : 300000,
	"RewardLoot" : 11024140
},
{
	"ID" : 201,
	"Name" : "击杀任意鱼",
	"NameLocalization" : "Quest_201",
	"Type" : 2,
	"Condition" : 3,
	"ConditionNum" : 15,
	"RewardLoot" : 11024201
},
{
	"ID" : 202,
	"Name" : "击杀任意鱼",
	"NameLocalization" : "Quest_202",
	"Type" : 2,
	"Condition" : 3,
	"ConditionNum" : 20,
	"RewardLoot" : 11024202
},
{
	"ID" : 203,
	"Name" : "击杀任意鱼",
	"NameLocalization" : "Quest_203",
	"Type" : 2,
	"Condition" : 3,
	"ConditionNum" : 25,
	"RewardLoot" : 11024203
},
{
	"ID" : 204,
	"Name" : "击杀任意鱼",
	"NameLocalization" : "Quest_204",
	"Type" : 2,
	"Condition" : 3,
	"ConditionNum" : 30,
	"RewardLoot" : 11024204
},
{
	"ID" : 205,
	"Name" : "击杀任意鱼",
	"NameLocalization" : "Quest_205",
	"Type" : 2,
	"Condition" : 3,
	"ConditionNum" : 35,
	"RewardLoot" : 11024205
},
{
	"ID" : 206,
	"Name" : "使用锁定",
	"NameLocalization" : "Quest_206",
	"Type" : 2,
	"Condition" : 2,
	"Param" : 1,
	"ConditionNum" : 2,
	"RewardLoot" : 11024206
},
{
	"ID" : 207,
	"Name" : "使用锁定",
	"NameLocalization" : "Quest_207",
	"Type" : 2,
	"Condition" : 2,
	"Param" : 1,
	"ConditionNum" : 3,
	"RewardLoot" : 11024207
},
{
	"ID" : 208,
	"Name" : "使用锁定",
	"NameLocalization" : "Quest_208",
	"Type" : 2,
	"Condition" : 2,
	"Param" : 1,
	"ConditionNum" : 4,
	"RewardLoot" : 11024208
},
{
	"ID" : 209,
	"Name" : "使用锁定",
	"NameLocalization" : "Quest_209",
	"Type" : 2,
	"Condition" : 2,
	"Param" : 1,
	"ConditionNum" : 5,
	"RewardLoot" : 11024209
},
{
	"ID" : 210,
	"Name" : "使用锁定",
	"NameLocalization" : "Quest_210",
	"Type" : 2,
	"Condition" : 2,
	"Param" : 1,
	"ConditionNum" : 6,
	"RewardLoot" : 11024210
},
{
	"ID" : 211,
	"Name" : "使用冰冻",
	"NameLocalization" : "Quest_211",
	"Type" : 2,
	"Condition" : 2,
	"Param" : 2,
	"ConditionNum" : 1,
	"RewardLoot" : 11024211
},
{
	"ID" : 212,
	"Name" : "使用冰冻",
	"NameLocalization" : "Quest_212",
	"Type" : 2,
	"Condition" : 2,
	"Param" : 2,
	"ConditionNum" : 2,
	"RewardLoot" : 11024212
},
{
	"ID" : 213,
	"Name" : "使用冰冻",
	"NameLocalization" : "Quest_213",
	"Type" : 2,
	"Condition" : 2,
	"Param" : 2,
	"ConditionNum" : 3,
	"RewardLoot" : 11024213
},
{
	"ID" : 214,
	"Name" : "使用冰冻",
	"NameLocalization" : "Quest_214",
	"Type" : 2,
	"Condition" : 2,
	"Param" : 2,
	"ConditionNum" : 1,
	"RewardLoot" : 11024214
},
{
	"ID" : 215,
	"Name" : "使用冰冻",
	"NameLocalization" : "Quest_215",
	"Type" : 2,
	"Condition" : 2,
	"Param" : 2,
	"ConditionNum" : 2,
	"RewardLoot" : 11024215
},
{
	"ID" : 216,
	"Name" : "使用急速",
	"NameLocalization" : "Quest_216",
	"Type" : 2,
	"Condition" : 2,
	"Param" : 3,
	"ConditionNum" : 1,
	"RewardLoot" : 11024216
},
{
	"ID" : 217,
	"Name" : "使用急速",
	"NameLocalization" : "Quest_217",
	"Type" : 2,
	"Condition" : 2,
	"Param" : 3,
	"ConditionNum" : 2,
	"RewardLoot" : 11024217
},
{
	"ID" : 218,
	"Name" : "使用急速",
	"NameLocalization" : "Quest_218",
	"Type" : 2,
	"Condition" : 2,
	"Param" : 3,
	"ConditionNum" : 3,
	"RewardLoot" : 11024218
},
{
	"ID" : 219,
	"Name" : "使用急速",
	"NameLocalization" : "Quest_219",
	"Type" : 2,
	"Condition" : 2,
	"Param" : 3,
	"ConditionNum" : 4,
	"RewardLoot" : 11024219
},
{
	"ID" : 220,
	"Name" : "使用急速",
	"NameLocalization" : "Quest_220",
	"Type" : 2,
	"Condition" : 2,
	"Param" : 3,
	"ConditionNum" : 5,
	"RewardLoot" : 11024220
},
{
	"ID" : 221,
	"Name" : "击杀奖金鱼",
	"NameLocalization" : "Quest_221",
	"Type" : 2,
	"Condition" : 4,
	"Param" : 2,
	"ConditionNum" : 4,
	"RewardLoot" : 11024221
},
{
	"ID" : 222,
	"Name" : "击杀奖金鱼",
	"NameLocalization" : "Quest_222",
	"Type" : 2,
	"Condition" : 4,
	"Param" : 2,
	"ConditionNum" : 5,
	"RewardLoot" : 11024222
},
{
	"ID" : 223,
	"Name" : "击杀奖金鱼",
	"NameLocalization" : "Quest_223",
	"Type" : 2,
	"Condition" : 4,
	"Param" : 2,
	"ConditionNum" : 6,
	"RewardLoot" : 11024223
},
{
	"ID" : 224,
	"Name" : "击杀奖金鱼",
	"NameLocalization" : "Quest_224",
	"Type" : 2,
	"Condition" : 4,
	"Param" : 2,
	"ConditionNum" : 8,
	"RewardLoot" : 11024224
},
{
	"ID" : 225,
	"Name" : "击杀键盘三虾",
	"NameLocalization" : "Quest_225",
	"Type" : 2,
	"Condition" : 3,
	"Param" : 10102,
	"ConditionNum" : 3,
	"RewardLoot" : 11024225
},
{
	"ID" : 226,
	"Name" : "击杀键盘三虾",
	"NameLocalization" : "Quest_226",
	"Type" : 2,
	"Condition" : 3,
	"Param" : 10102,
	"ConditionNum" : 5,
	"RewardLoot" : 11024226
},
{
	"ID" : 227,
	"Name" : "击杀负伤武士",
	"NameLocalization" : "Quest_227",
	"Type" : 2,
	"Condition" : 3,
	"Param" : 10017,
	"ConditionNum" : 3,
	"RewardLoot" : 11024227
},
{
	"ID" : 228,
	"Name" : "击杀负伤武士",
	"NameLocalization" : "Quest_228",
	"Type" : 2,
	"Condition" : 3,
	"Param" : 10017,
	"ConditionNum" : 4,
	"RewardLoot" : 11024228
},
{
	"ID" : 229,
	"Name" : "击杀负伤武士",
	"NameLocalization" : "Quest_229",
	"Type" : 2,
	"Condition" : 3,
	"Param" : 10017,
	"ConditionNum" : 5,
	"RewardLoot" : 11024229
},
{
	"ID" : 230,
	"Name" : "杀海龟小纵队",
	"NameLocalization" : "Quest_230",
	"Type" : 2,
	"Condition" : 3,
	"Param" : 10105,
	"ConditionNum" : 3,
	"RewardLoot" : 11024230
},
{
	"ID" : 231,
	"Name" : "杀海龟小纵队",
	"NameLocalization" : "Quest_231",
	"Type" : 2,
	"Condition" : 3,
	"Param" : 10105,
	"ConditionNum" : 5,
	"RewardLoot" : 11024231
},
{
	"ID" : 232,
	"Name" : "击杀奖金海龟",
	"NameLocalization" : "Quest_232",
	"Type" : 2,
	"Condition" : 3,
	"Param" : 10157,
	"ConditionNum" : 3,
	"RewardLoot" : 11024232
},
{
	"ID" : 233,
	"Name" : "击杀奖金鲸鱼",
	"NameLocalization" : "Quest_233",
	"Type" : 2,
	"Condition" : 3,
	"Param" : 10151,
	"ConditionNum" : 3,
	"RewardLoot" : 11024233
},
{
	"ID" : 234,
	"Name" : "击杀奖金乌贼",
	"NameLocalization" : "Quest_234",
	"Type" : 2,
	"Condition" : 3,
	"Param" : 10152,
	"ConditionNum" : 3,
	"RewardLoot" : 11024234
},
{
	"ID" : 235,
	"Name" : "击杀奖金水母",
	"NameLocalization" : "Quest_235",
	"Type" : 2,
	"Condition" : 3,
	"Param" : 10156,
	"ConditionNum" : 3,
	"RewardLoot" : 11024235
},
{
	"ID" : 236,
	"Name" : "捕鱼获得金币",
	"NameLocalization" : "Quest_236",
	"Type" : 2,
	"Condition" : 1,
	"ConditionNum" : 3000000,
	"RewardLoot" : 11024236
},
{
	"ID" : 237,
	"Name" : "捕鱼获得金币",
	"NameLocalization" : "Quest_237",
	"Type" : 2,
	"Condition" : 1,
	"ConditionNum" : 4000000,
	"RewardLoot" : 11024237
},
{
	"ID" : 238,
	"Name" : "捕鱼获得金币",
	"NameLocalization" : "Quest_238",
	"Type" : 2,
	"Condition" : 1,
	"ConditionNum" : 5000000,
	"RewardLoot" : 11024238
},
{
	"ID" : 239,
	"Name" : "捕鱼获得金币",
	"NameLocalization" : "Quest_239",
	"Type" : 2,
	"Condition" : 1,
	"ConditionNum" : 6000000,
	"RewardLoot" : 11024239
},
{
	"ID" : 240,
	"Name" : "捕鱼获得金币",
	"NameLocalization" : "Quest_240",
	"Type" : 2,
	"Condition" : 1,
	"ConditionNum" : 6500000,
	"RewardLoot" : 11024240
},
{
	"ID" : 301,
	"Name" : "击杀任意鱼",
	"NameLocalization" : "Quest_301",
	"Type" : 2,
	"Condition" : 3,
	"ConditionNum" : 15,
	"RewardLoot" : 11024301
},
{
	"ID" : 302,
	"Name" : "击杀任意鱼",
	"NameLocalization" : "Quest_302",
	"Type" : 2,
	"Condition" : 3,
	"ConditionNum" : 20,
	"RewardLoot" : 11024302
},
{
	"ID" : 303,
	"Name" : "击杀任意鱼",
	"NameLocalization" : "Quest_303",
	"Type" : 2,
	"Condition" : 3,
	"ConditionNum" : 25,
	"RewardLoot" : 11024303
},
{
	"ID" : 304,
	"Name" : "击杀任意鱼",
	"NameLocalization" : "Quest_304",
	"Type" : 2,
	"Condition" : 3,
	"ConditionNum" : 30,
	"RewardLoot" : 11024304
},
{
	"ID" : 305,
	"Name" : "击杀任意鱼",
	"NameLocalization" : "Quest_305",
	"Type" : 2,
	"Condition" : 3,
	"ConditionNum" : 35,
	"RewardLoot" : 11024305
},
{
	"ID" : 306,
	"Name" : "使用锁定",
	"NameLocalization" : "Quest_306",
	"Type" : 2,
	"Condition" : 2,
	"Param" : 1,
	"ConditionNum" : 2,
	"RewardLoot" : 11024306
},
{
	"ID" : 307,
	"Name" : "使用锁定",
	"NameLocalization" : "Quest_307",
	"Type" : 2,
	"Condition" : 2,
	"Param" : 1,
	"ConditionNum" : 3,
	"RewardLoot" : 11024307
},
{
	"ID" : 308,
	"Name" : "使用锁定",
	"NameLocalization" : "Quest_308",
	"Type" : 2,
	"Condition" : 2,
	"Param" : 1,
	"ConditionNum" : 4,
	"RewardLoot" : 11024308
},
{
	"ID" : 309,
	"Name" : "使用锁定",
	"NameLocalization" : "Quest_309",
	"Type" : 2,
	"Condition" : 2,
	"Param" : 1,
	"ConditionNum" : 5,
	"RewardLoot" : 11024309
},
{
	"ID" : 310,
	"Name" : "使用锁定",
	"NameLocalization" : "Quest_310",
	"Type" : 2,
	"Condition" : 2,
	"Param" : 1,
	"ConditionNum" : 6,
	"RewardLoot" : 11024310
},
{
	"ID" : 311,
	"Name" : "使用冰冻",
	"NameLocalization" : "Quest_311",
	"Type" : 2,
	"Condition" : 2,
	"Param" : 2,
	"ConditionNum" : 1,
	"RewardLoot" : 11024311
},
{
	"ID" : 312,
	"Name" : "使用冰冻",
	"NameLocalization" : "Quest_312",
	"Type" : 2,
	"Condition" : 2,
	"Param" : 2,
	"ConditionNum" : 2,
	"RewardLoot" : 11024312
},
{
	"ID" : 313,
	"Name" : "使用冰冻",
	"NameLocalization" : "Quest_313",
	"Type" : 2,
	"Condition" : 2,
	"Param" : 2,
	"ConditionNum" : 3,
	"RewardLoot" : 11024313
},
{
	"ID" : 314,
	"Name" : "使用冰冻",
	"NameLocalization" : "Quest_314",
	"Type" : 2,
	"Condition" : 2,
	"Param" : 2,
	"ConditionNum" : 1,
	"RewardLoot" : 11024314
},
{
	"ID" : 315,
	"Name" : "使用冰冻",
	"NameLocalization" : "Quest_315",
	"Type" : 2,
	"Condition" : 2,
	"Param" : 2,
	"ConditionNum" : 2,
	"RewardLoot" : 11024315
},
{
	"ID" : 316,
	"Name" : "使用急速",
	"NameLocalization" : "Quest_316",
	"Type" : 2,
	"Condition" : 2,
	"Param" : 3,
	"ConditionNum" : 1,
	"RewardLoot" : 11024316
},
{
	"ID" : 317,
	"Name" : "使用急速",
	"NameLocalization" : "Quest_317",
	"Type" : 2,
	"Condition" : 2,
	"Param" : 3,
	"ConditionNum" : 2,
	"RewardLoot" : 11024317
},
{
	"ID" : 318,
	"Name" : "使用急速",
	"NameLocalization" : "Quest_318",
	"Type" : 2,
	"Condition" : 2,
	"Param" : 3,
	"ConditionNum" : 3,
	"RewardLoot" : 11024318
},
{
	"ID" : 319,
	"Name" : "使用急速",
	"NameLocalization" : "Quest_319",
	"Type" : 2,
	"Condition" : 2,
	"Param" : 3,
	"ConditionNum" : 4,
	"RewardLoot" : 11024319
},
{
	"ID" : 320,
	"Name" : "使用急速",
	"NameLocalization" : "Quest_320",
	"Type" : 2,
	"Condition" : 2,
	"Param" : 3,
	"ConditionNum" : 5,
	"RewardLoot" : 11024320
},
{
	"ID" : 321,
	"Name" : "击杀奖金鱼",
	"NameLocalization" : "Quest_321",
	"Type" : 2,
	"Condition" : 4,
	"Param" : 2,
	"ConditionNum" : 2,
	"RewardLoot" : 11024321
},
{
	"ID" : 322,
	"Name" : "击杀奖金鱼",
	"NameLocalization" : "Quest_322",
	"Type" : 2,
	"Condition" : 4,
	"Param" : 2,
	"ConditionNum" : 3,
	"RewardLoot" : 11024322
},
{
	"ID" : 323,
	"Name" : "击杀奖金鱼",
	"NameLocalization" : "Quest_323",
	"Type" : 2,
	"Condition" : 4,
	"Param" : 2,
	"ConditionNum" : 4,
	"RewardLoot" : 11024323
},
{
	"ID" : 324,
	"Name" : "击杀奖金鱼",
	"NameLocalization" : "Quest_324",
	"Type" : 2,
	"Condition" : 4,
	"Param" : 2,
	"ConditionNum" : 5,
	"RewardLoot" : 11024324
},
{
	"ID" : 325,
	"Name" : "击杀火热之吻",
	"NameLocalization" : "Quest_325",
	"Type" : 2,
	"Condition" : 3,
	"Param" : 10020,
	"ConditionNum" : 2,
	"RewardLoot" : 11024325
},
{
	"ID" : 326,
	"Name" : "击杀火热之吻",
	"NameLocalization" : "Quest_326",
	"Type" : 2,
	"Condition" : 3,
	"Param" : 10020,
	"ConditionNum" : 4,
	"RewardLoot" : 11024326
},
{
	"ID" : 327,
	"Name" : "杀蓝色胖头鱼",
	"NameLocalization" : "Quest_327",
	"Type" : 2,
	"Condition" : 3,
	"Param" : 10018,
	"ConditionNum" : 2,
	"RewardLoot" : 11024327
},
{
	"ID" : 328,
	"Name" : "杀蓝色胖头鱼",
	"NameLocalization" : "Quest_328",
	"Type" : 2,
	"Condition" : 3,
	"Param" : 10018,
	"ConditionNum" : 4,
	"RewardLoot" : 11024328
},
{
	"ID" : 329,
	"Name" : "击杀键盘三虾",
	"NameLocalization" : "Quest_329",
	"Type" : 2,
	"Condition" : 3,
	"Param" : 10102,
	"ConditionNum" : 2,
	"RewardLoot" : 11024329
},
{
	"ID" : 330,
	"Name" : "击杀键盘三虾",
	"NameLocalization" : "Quest_330",
	"Type" : 2,
	"Condition" : 3,
	"Param" : 10102,
	"ConditionNum" : 4,
	"RewardLoot" : 11024330
},
{
	"ID" : 331,
	"Name" : "击杀奖金鲎",
	"NameLocalization" : "Quest_331",
	"Type" : 2,
	"Condition" : 3,
	"Param" : 10153,
	"ConditionNum" : 2,
	"RewardLoot" : 11024331
},
{
	"ID" : 332,
	"Name" : "击杀奖金海龟",
	"NameLocalization" : "Quest_332",
	"Type" : 2,
	"Condition" : 3,
	"Param" : 10157,
	"ConditionNum" : 2,
	"RewardLoot" : 11024332
},
{
	"ID" : 333,
	"Name" : "击杀奖金鲸鱼",
	"NameLocalization" : "Quest_333",
	"Type" : 2,
	"Condition" : 3,
	"Param" : 10151,
	"ConditionNum" : 2,
	"RewardLoot" : 11024333
},
{
	"ID" : 334,
	"Name" : "击杀奖金乌贼",
	"NameLocalization" : "Quest_334",
	"Type" : 2,
	"Condition" : 3,
	"Param" : 10152,
	"ConditionNum" : 2,
	"RewardLoot" : 11024334
},
{
	"ID" : 335,
	"Name" : "击杀奖金水母",
	"NameLocalization" : "Quest_335",
	"Type" : 2,
	"Condition" : 3,
	"Param" : 10156,
	"ConditionNum" : 2,
	"RewardLoot" : 11024335
},
{
	"ID" : 336,
	"Name" : "捕鱼获得金币",
	"NameLocalization" : "Quest_336",
	"Type" : 2,
	"Condition" : 1,
	"ConditionNum" : 15000000,
	"RewardLoot" : 11024336
},
{
	"ID" : 337,
	"Name" : "捕鱼获得金币",
	"NameLocalization" : "Quest_337",
	"Type" : 2,
	"Condition" : 1,
	"ConditionNum" : 18000000,
	"RewardLoot" : 11024337
},
{
	"ID" : 338,
	"Name" : "捕鱼获得金币",
	"NameLocalization" : "Quest_338",
	"Type" : 2,
	"Condition" : 1,
	"ConditionNum" : 20000000,
	"RewardLoot" : 11024338
},
{
	"ID" : 339,
	"Name" : "捕鱼获得金币",
	"NameLocalization" : "Quest_339",
	"Type" : 2,
	"Condition" : 1,
	"ConditionNum" : 25000000,
	"RewardLoot" : 11024339
},
{
	"ID" : 340,
	"Name" : "捕鱼获得金币",
	"NameLocalization" : "Quest_340",
	"Type" : 2,
	"Condition" : 1,
	"ConditionNum" : 28000000,
	"RewardLoot" : 11024340
},
{
	"ID" : 401,
	"Name" : "击杀任意鱼",
	"NameLocalization" : "Quest_401",
	"Type" : 2,
	"Condition" : 3,
	"ConditionNum" : 15,
	"RewardLoot" : 11024401
},
{
	"ID" : 402,
	"Name" : "击杀任意鱼",
	"NameLocalization" : "Quest_402",
	"Type" : 2,
	"Condition" : 3,
	"ConditionNum" : 20,
	"RewardLoot" : 11024402
},
{
	"ID" : 403,
	"Name" : "击杀任意鱼",
	"NameLocalization" : "Quest_403",
	"Type" : 2,
	"Condition" : 3,
	"ConditionNum" : 25,
	"RewardLoot" : 11024403
},
{
	"ID" : 404,
	"Name" : "击杀任意鱼",
	"NameLocalization" : "Quest_404",
	"Type" : 2,
	"Condition" : 3,
	"ConditionNum" : 30,
	"RewardLoot" : 11024404
},
{
	"ID" : 405,
	"Name" : "击杀任意鱼",
	"NameLocalization" : "Quest_405",
	"Type" : 2,
	"Condition" : 3,
	"ConditionNum" : 35,
	"RewardLoot" : 11024405
},
{
	"ID" : 406,
	"Name" : "使用锁定",
	"NameLocalization" : "Quest_406",
	"Type" : 2,
	"Condition" : 2,
	"Param" : 1,
	"ConditionNum" : 3,
	"RewardLoot" : 11024406
},
{
	"ID" : 407,
	"Name" : "使用锁定",
	"NameLocalization" : "Quest_407",
	"Type" : 2,
	"Condition" : 2,
	"Param" : 1,
	"ConditionNum" : 4,
	"RewardLoot" : 11024407
},
{
	"ID" : 408,
	"Name" : "使用锁定",
	"NameLocalization" : "Quest_408",
	"Type" : 2,
	"Condition" : 2,
	"Param" : 1,
	"ConditionNum" : 5,
	"RewardLoot" : 11024408
},
{
	"ID" : 409,
	"Name" : "使用锁定",
	"NameLocalization" : "Quest_409",
	"Type" : 2,
	"Condition" : 2,
	"Param" : 1,
	"ConditionNum" : 6,
	"RewardLoot" : 11024409
},
{
	"ID" : 410,
	"Name" : "使用锁定",
	"NameLocalization" : "Quest_410",
	"Type" : 2,
	"Condition" : 2,
	"Param" : 1,
	"ConditionNum" : 8,
	"RewardLoot" : 11024410
},
{
	"ID" : 411,
	"Name" : "使用冰冻",
	"NameLocalization" : "Quest_411",
	"Type" : 2,
	"Condition" : 2,
	"Param" : 2,
	"ConditionNum" : 1,
	"RewardLoot" : 11024411
},
{
	"ID" : 412,
	"Name" : "使用冰冻",
	"NameLocalization" : "Quest_412",
	"Type" : 2,
	"Condition" : 2,
	"Param" : 2,
	"ConditionNum" : 2,
	"RewardLoot" : 11024412
},
{
	"ID" : 413,
	"Name" : "使用冰冻",
	"NameLocalization" : "Quest_413",
	"Type" : 2,
	"Condition" : 2,
	"Param" : 2,
	"ConditionNum" : 3,
	"RewardLoot" : 11024413
},
{
	"ID" : 414,
	"Name" : "使用冰冻",
	"NameLocalization" : "Quest_414",
	"Type" : 2,
	"Condition" : 2,
	"Param" : 2,
	"ConditionNum" : 1,
	"RewardLoot" : 11024414
},
{
	"ID" : 415,
	"Name" : "使用冰冻",
	"NameLocalization" : "Quest_415",
	"Type" : 2,
	"Condition" : 2,
	"Param" : 2,
	"ConditionNum" : 2,
	"RewardLoot" : 11024415
},
{
	"ID" : 416,
	"Name" : "使用急速",
	"NameLocalization" : "Quest_416",
	"Type" : 2,
	"Condition" : 2,
	"Param" : 3,
	"ConditionNum" : 1,
	"RewardLoot" : 11024416
},
{
	"ID" : 417,
	"Name" : "使用急速",
	"NameLocalization" : "Quest_417",
	"Type" : 2,
	"Condition" : 2,
	"Param" : 3,
	"ConditionNum" : 2,
	"RewardLoot" : 11024417
},
{
	"ID" : 418,
	"Name" : "使用急速",
	"NameLocalization" : "Quest_418",
	"Type" : 2,
	"Condition" : 2,
	"Param" : 3,
	"ConditionNum" : 3,
	"RewardLoot" : 11024418
},
{
	"ID" : 419,
	"Name" : "使用急速",
	"NameLocalization" : "Quest_419",
	"Type" : 2,
	"Condition" : 2,
	"Param" : 3,
	"ConditionNum" : 4,
	"RewardLoot" : 11024419
},
{
	"ID" : 420,
	"Name" : "使用急速",
	"NameLocalization" : "Quest_420",
	"Type" : 2,
	"Condition" : 2,
	"Param" : 3,
	"ConditionNum" : 5,
	"RewardLoot" : 11024420
},
{
	"ID" : 421,
	"Name" : "击杀奖金鱼",
	"NameLocalization" : "Quest_421",
	"Type" : 2,
	"Condition" : 4,
	"Param" : 2,
	"ConditionNum" : 2,
	"RewardLoot" : 11024421
},
{
	"ID" : 422,
	"Name" : "击杀奖金鱼",
	"NameLocalization" : "Quest_422",
	"Type" : 2,
	"Condition" : 4,
	"Param" : 2,
	"ConditionNum" : 3,
	"RewardLoot" : 11024422
},
{
	"ID" : 423,
	"Name" : "击杀奖金鱼",
	"NameLocalization" : "Quest_423",
	"Type" : 2,
	"Condition" : 4,
	"Param" : 2,
	"ConditionNum" : 4,
	"RewardLoot" : 11024423
},
{
	"ID" : 424,
	"Name" : "击杀奖金鱼",
	"NameLocalization" : "Quest_424",
	"Type" : 2,
	"Condition" : 4,
	"Param" : 2,
	"ConditionNum" : 5,
	"RewardLoot" : 11024424
},
{
	"ID" : 425,
	"Name" : "击杀火热之吻",
	"NameLocalization" : "Quest_425",
	"Type" : 2,
	"Condition" : 3,
	"Param" : 20,
	"ConditionNum" : 2,
	"RewardLoot" : 11024425
},
{
	"ID" : 426,
	"Name" : "击杀火热之吻",
	"NameLocalization" : "Quest_426",
	"Type" : 2,
	"Condition" : 3,
	"Param" : 20,
	"ConditionNum" : 4,
	"RewardLoot" : 11024426
},
{
	"ID" : 427,
	"Name" : "杀忍者蝴蝶鱼",
	"NameLocalization" : "Quest_427",
	"Type" : 2,
	"Condition" : 3,
	"Param" : 21,
	"ConditionNum" : 2,
	"RewardLoot" : 11024427
},
{
	"ID" : 428,
	"Name" : "杀忍者蝴蝶鱼",
	"NameLocalization" : "Quest_428",
	"Type" : 2,
	"Condition" : 3,
	"Param" : 21,
	"ConditionNum" : 4,
	"RewardLoot" : 11024428
},
{
	"ID" : 429,
	"Name" : "击杀狮子座",
	"NameLocalization" : "Quest_429",
	"Type" : 2,
	"Condition" : 3,
	"Param" : 101,
	"ConditionNum" : 2,
	"RewardLoot" : 11024429
},
{
	"ID" : 430,
	"Name" : "击杀狮子座",
	"NameLocalization" : "Quest_430",
	"Type" : 2,
	"Condition" : 3,
	"Param" : 101,
	"ConditionNum" : 4,
	"RewardLoot" : 11024430
},
{
	"ID" : 431,
	"Name" : "击杀鱼三剑客",
	"NameLocalization" : "Quest_431",
	"Type" : 2,
	"Condition" : 3,
	"Param" : 103,
	"ConditionNum" : 2,
	"RewardLoot" : 11024431
},
{
	"ID" : 432,
	"Name" : "击杀鱼三剑客",
	"NameLocalization" : "Quest_432",
	"Type" : 2,
	"Condition" : 3,
	"Param" : 103,
	"ConditionNum" : 4,
	"RewardLoot" : 11024432
},
{
	"ID" : 433,
	"Name" : "击杀奖金鲎",
	"NameLocalization" : "Quest_433",
	"Type" : 2,
	"Condition" : 3,
	"Param" : 153,
	"ConditionNum" : 2,
	"RewardLoot" : 11024433
},
{
	"ID" : 434,
	"Name" : "击杀奖金海龟",
	"NameLocalization" : "Quest_434",
	"Type" : 2,
	"Condition" : 3,
	"Param" : 157,
	"ConditionNum" : 2,
	"RewardLoot" : 11024434
},
{
	"ID" : 435,
	"Name" : "击杀奖金虎鲨",
	"NameLocalization" : "Quest_435",
	"Type" : 2,
	"Condition" : 3,
	"Param" : 154,
	"ConditionNum" : 2,
	"RewardLoot" : 11024435
},
{
	"ID" : 436,
	"Name" : "捕鱼获得金币",
	"NameLocalization" : "Quest_436",
	"Type" : 2,
	"Condition" : 1,
	"ConditionNum" : 40000000,
	"RewardLoot" : 11024436
},
{
	"ID" : 437,
	"Name" : "捕鱼获得金币",
	"NameLocalization" : "Quest_437",
	"Type" : 2,
	"Condition" : 1,
	"ConditionNum" : 45000000,
	"RewardLoot" : 11024437
},
{
	"ID" : 438,
	"Name" : "捕鱼获得金币",
	"NameLocalization" : "Quest_438",
	"Type" : 2,
	"Condition" : 1,
	"ConditionNum" : 50000000,
	"RewardLoot" : 11024438
},
{
	"ID" : 439,
	"Name" : "捕鱼获得金币",
	"NameLocalization" : "Quest_439",
	"Type" : 2,
	"Condition" : 1,
	"ConditionNum" : 55000000,
	"RewardLoot" : 11024439
},
{
	"ID" : 440,
	"Name" : "捕鱼获得金币",
	"NameLocalization" : "Quest_440",
	"Type" : 2,
	"Condition" : 1,
	"ConditionNum" : 60000000,
	"RewardLoot" : 11024440
},
{
	"ID" : 501,
	"Name" : "击杀任意鱼",
	"NameLocalization" : "Quest_501",
	"Type" : 2,
	"Condition" : 3,
	"ConditionNum" : 15,
	"RewardLoot" : 11024501
},
{
	"ID" : 502,
	"Name" : "击杀任意鱼",
	"NameLocalization" : "Quest_502",
	"Type" : 2,
	"Condition" : 3,
	"ConditionNum" : 20,
	"RewardLoot" : 11024502
},
{
	"ID" : 503,
	"Name" : "击杀任意鱼",
	"NameLocalization" : "Quest_503",
	"Type" : 2,
	"Condition" : 3,
	"ConditionNum" : 25,
	"RewardLoot" : 11024503
},
{
	"ID" : 504,
	"Name" : "击杀任意鱼",
	"NameLocalization" : "Quest_504",
	"Type" : 2,
	"Condition" : 3,
	"ConditionNum" : 30,
	"RewardLoot" : 11024504
},
{
	"ID" : 505,
	"Name" : "击杀任意鱼",
	"NameLocalization" : "Quest_505",
	"Type" : 2,
	"Condition" : 3,
	"ConditionNum" : 35,
	"RewardLoot" : 11024505
},
{
	"ID" : 506,
	"Name" : "使用锁定",
	"NameLocalization" : "Quest_506",
	"Type" : 2,
	"Condition" : 2,
	"Param" : 1,
	"ConditionNum" : 3,
	"RewardLoot" : 11024506
},
{
	"ID" : 507,
	"Name" : "使用锁定",
	"NameLocalization" : "Quest_507",
	"Type" : 2,
	"Condition" : 2,
	"Param" : 1,
	"ConditionNum" : 4,
	"RewardLoot" : 11024507
},
{
	"ID" : 508,
	"Name" : "使用锁定",
	"NameLocalization" : "Quest_508",
	"Type" : 2,
	"Condition" : 2,
	"Param" : 1,
	"ConditionNum" : 5,
	"RewardLoot" : 11024508
},
{
	"ID" : 509,
	"Name" : "使用锁定",
	"NameLocalization" : "Quest_509",
	"Type" : 2,
	"Condition" : 2,
	"Param" : 1,
	"ConditionNum" : 6,
	"RewardLoot" : 11024509
},
{
	"ID" : 510,
	"Name" : "使用锁定",
	"NameLocalization" : "Quest_510",
	"Type" : 2,
	"Condition" : 2,
	"Param" : 1,
	"ConditionNum" : 8,
	"RewardLoot" : 11024510
},
{
	"ID" : 511,
	"Name" : "使用冰冻",
	"NameLocalization" : "Quest_511",
	"Type" : 2,
	"Condition" : 2,
	"Param" : 2,
	"ConditionNum" : 1,
	"RewardLoot" : 11024511
},
{
	"ID" : 512,
	"Name" : "使用冰冻",
	"NameLocalization" : "Quest_512",
	"Type" : 2,
	"Condition" : 2,
	"Param" : 2,
	"ConditionNum" : 2,
	"RewardLoot" : 11024512
},
{
	"ID" : 513,
	"Name" : "使用冰冻",
	"NameLocalization" : "Quest_513",
	"Type" : 2,
	"Condition" : 2,
	"Param" : 2,
	"ConditionNum" : 3,
	"RewardLoot" : 11024513
},
{
	"ID" : 514,
	"Name" : "使用冰冻",
	"NameLocalization" : "Quest_514",
	"Type" : 2,
	"Condition" : 2,
	"Param" : 2,
	"ConditionNum" : 1,
	"RewardLoot" : 11024514
},
{
	"ID" : 515,
	"Name" : "使用冰冻",
	"NameLocalization" : "Quest_515",
	"Type" : 2,
	"Condition" : 2,
	"Param" : 2,
	"ConditionNum" : 2,
	"RewardLoot" : 11024515
},
{
	"ID" : 516,
	"Name" : "使用急速",
	"NameLocalization" : "Quest_516",
	"Type" : 2,
	"Condition" : 2,
	"Param" : 3,
	"ConditionNum" : 1,
	"RewardLoot" : 11024516
},
{
	"ID" : 517,
	"Name" : "使用急速",
	"NameLocalization" : "Quest_517",
	"Type" : 2,
	"Condition" : 2,
	"Param" : 3,
	"ConditionNum" : 2,
	"RewardLoot" : 11024517
},
{
	"ID" : 518,
	"Name" : "使用急速",
	"NameLocalization" : "Quest_518",
	"Type" : 2,
	"Condition" : 2,
	"Param" : 3,
	"ConditionNum" : 3,
	"RewardLoot" : 11024518
},
{
	"ID" : 519,
	"Name" : "使用急速",
	"NameLocalization" : "Quest_519",
	"Type" : 2,
	"Condition" : 2,
	"Param" : 3,
	"ConditionNum" : 4,
	"RewardLoot" : 11024519
},
{
	"ID" : 520,
	"Name" : "使用急速",
	"NameLocalization" : "Quest_520",
	"Type" : 2,
	"Condition" : 2,
	"Param" : 3,
	"ConditionNum" : 5,
	"RewardLoot" : 11024520
},
{
	"ID" : 521,
	"Name" : "击杀奖金鱼",
	"NameLocalization" : "Quest_521",
	"Type" : 2,
	"Condition" : 4,
	"Param" : 2,
	"ConditionNum" : 2,
	"RewardLoot" : 11024521
},
{
	"ID" : 522,
	"Name" : "击杀奖金鱼",
	"NameLocalization" : "Quest_522",
	"Type" : 2,
	"Condition" : 4,
	"Param" : 2,
	"ConditionNum" : 3,
	"RewardLoot" : 11024522
},
{
	"ID" : 523,
	"Name" : "击杀奖金鱼",
	"NameLocalization" : "Quest_523",
	"Type" : 2,
	"Condition" : 4,
	"Param" : 2,
	"ConditionNum" : 4,
	"RewardLoot" : 11024523
},
{
	"ID" : 524,
	"Name" : "击杀奖金鱼",
	"NameLocalization" : "Quest_524",
	"Type" : 2,
	"Condition" : 4,
	"Param" : 2,
	"ConditionNum" : 5,
	"RewardLoot" : 11024524
},
{
	"ID" : 525,
	"Name" : "击杀粉色公主",
	"NameLocalization" : "Quest_525",
	"Type" : 2,
	"Condition" : 3,
	"Param" : 16,
	"ConditionNum" : 2,
	"RewardLoot" : 11024525
},
{
	"ID" : 526,
	"Name" : "击杀粉色公主",
	"NameLocalization" : "Quest_526",
	"Type" : 2,
	"Condition" : 3,
	"Param" : 16,
	"ConditionNum" : 4,
	"RewardLoot" : 11024526
},
{
	"ID" : 527,
	"Name" : "杀忍者蝴蝶鱼",
	"NameLocalization" : "Quest_527",
	"Type" : 2,
	"Condition" : 3,
	"Param" : 21,
	"ConditionNum" : 2,
	"RewardLoot" : 11024527
},
{
	"ID" : 528,
	"Name" : "杀忍者蝴蝶鱼",
	"NameLocalization" : "Quest_528",
	"Type" : 2,
	"Condition" : 3,
	"Param" : 21,
	"ConditionNum" : 4,
	"RewardLoot" : 11024528
},
{
	"ID" : 529,
	"Name" : "击杀鱼三剑客",
	"NameLocalization" : "Quest_529",
	"Type" : 2,
	"Condition" : 3,
	"Param" : 103,
	"ConditionNum" : 2,
	"RewardLoot" : 11024529
},
{
	"ID" : 530,
	"Name" : "击杀鱼三剑客",
	"NameLocalization" : "Quest_530",
	"Type" : 2,
	"Condition" : 3,
	"Param" : 103,
	"ConditionNum" : 4,
	"RewardLoot" : 11024530
},
{
	"ID" : 531,
	"Name" : "击杀狮子座",
	"NameLocalization" : "Quest_531",
	"Type" : 2,
	"Condition" : 3,
	"Param" : 101,
	"ConditionNum" : 2,
	"RewardLoot" : 11024531
},
{
	"ID" : 532,
	"Name" : "击杀狮子座",
	"NameLocalization" : "Quest_532",
	"Type" : 2,
	"Condition" : 3,
	"Param" : 101,
	"ConditionNum" : 4,
	"RewardLoot" : 11024532
},
{
	"ID" : 533,
	"Name" : "击杀奖金虎鲨",
	"NameLocalization" : "Quest_533",
	"Type" : 2,
	"Condition" : 3,
	"Param" : 154,
	"ConditionNum" : 2,
	"RewardLoot" : 11024533
},
{
	"ID" : 534,
	"Name" : "击杀奖金鲎",
	"NameLocalization" : "Quest_534",
	"Type" : 2,
	"Condition" : 3,
	"Param" : 153,
	"ConditionNum" : 2,
	"RewardLoot" : 11024534
},
{
	"ID" : 535,
	"Name" : "击杀奖金海龟",
	"NameLocalization" : "Quest_535",
	"Type" : 2,
	"Condition" : 3,
	"Param" : 157,
	"ConditionNum" : 2,
	"RewardLoot" : 11024535
},
{
	"ID" : 536,
	"Name" : "捕鱼获得金币",
	"NameLocalization" : "Quest_536",
	"Type" : 2,
	"Condition" : 1,
	"ConditionNum" : 150000000,
	"RewardLoot" : 11024536
},
{
	"ID" : 537,
	"Name" : "捕鱼获得金币",
	"NameLocalization" : "Quest_537",
	"Type" : 2,
	"Condition" : 1,
	"ConditionNum" : 200000000,
	"RewardLoot" : 11024537
},
{
	"ID" : 538,
	"Name" : "捕鱼获得金币",
	"NameLocalization" : "Quest_538",
	"Type" : 2,
	"Condition" : 1,
	"ConditionNum" : 400000000,
	"RewardLoot" : 11024538
},
{
	"ID" : 539,
	"Name" : "捕鱼获得金币",
	"NameLocalization" : "Quest_539",
	"Type" : 2,
	"Condition" : 1,
	"ConditionNum" : 600000000,
	"RewardLoot" : 11024539
},
{
	"ID" : 540,
	"Name" : "捕鱼获得金币",
	"NameLocalization" : "Quest_540",
	"Type" : 2,
	"Condition" : 1,
	"ConditionNum" : 800000000,
	"RewardLoot" : 11024540
}
]