[
{
	"ID" : 0, 
	"Type" : 0, 
	"MinScoreQuickPlay" : 0, 
	"MaxScoreQuickPlay" : 0, 
	"RoomID" : 0, 
	"GameType" : 0
},
{
	"ID" : 1,
	"Type" : 1,
	"MinScoreQuickPlay" : 1000000,
	"MaxScoreQuickPlay" : 4999999,
	"RoomID" : 0,
	"GameType" : 1013
},
{
	"ID" : 2,
	"Type" : 1,
	"MinScoreQuickPlay" : 5000000,
	"MaxScoreQuickPlay" : 8000000,
	"RoomID" : 1,
	"GameType" : 1013
},
{
	"ID" : 3,
	"Type" : 1,
	"MinScoreQuickPlay" : 8000001,
	"MaxScoreQuickPlay" : 15000000,
	"RoomID" : 101,
	"GameType" : 1020
},
{
	"ID" : 4,
	"Type" : 1,
	"MinScoreQuickPlay" : 15000001,
	"MaxScoreQuickPlay" : 30000000,
	"RoomID" : 200,
	"GameType" : 1021
},
{
	"ID" : 5,
	"Type" : 1,
	"MinScoreQuickPlay" : 30000001,
	"MaxScoreQuickPlay" : 50000000,
	"RoomID" : 102,
	"GameType" : 1020
},
{
	"ID" : 6,
	"Type" : 1,
	"MinScoreQuickPlay" : 50000001,
	"MaxScoreQuickPlay" : 100000000,
	"RoomID" : 201,
	"GameType" : 1021
},
{
	"ID" : 7,
	"Type" : 1,
	"MinScoreQuickPlay" : 100000001,
	"MaxScoreQuickPlay" : 200000000,
	"RoomID" : 103,
	"GameType" : 1020
},
{
	"ID" : 8,
	"Type" : 1,
	"MinScoreQuickPlay" : 200000001,
	"MaxScoreQuickPlay" : 299999999,
	"RoomID" : 202,
	"GameType" : 1021
},
{
	"ID" : 9,
	"Type" : 1,
	"MinScoreQuickPlay" : 300000000,
	"MaxScoreQuickPlay" : 0,
	"RoomID" : 203,
	"GameType" : 1021
},
{
	"ID" : 10,
	"Type" : 2,
	"MinScoreQuickPlay" : 1000000,
	"MaxScoreQuickPlay" : 4999999,
	"RoomID" : 0,
	"GameType" : 1013
},
{
	"ID" : 11,
	"Type" : 2,
	"MinScoreQuickPlay" : 5000000,
	"MaxScoreQuickPlay" : 19999999,
	"RoomID" : 1,
	"GameType" : 1013
},
{
	"ID" : 12,
	"Type" : 2,
	"MinScoreQuickPlay" : 20000000,
	"MaxScoreQuickPlay" : 49999999,
	"RoomID" : 2,
	"GameType" : 1013
},
{
	"ID" : 13,
	"Type" : 2,
	"MinScoreQuickPlay" : 50000000,
	"MaxScoreQuickPlay" : 0,
	"RoomID" : 3,
	"GameType" : 1013
},
{
	"ID" : 14,
	"Type" : 2,
	"MinScoreQuickPlay" : 1000000,
	"MaxScoreQuickPlay" : 4999999,
	"RoomID" : 100,
	"GameType" : 1020
},
{
	"ID" : 15,
	"Type" : 2,
	"MinScoreQuickPlay" : 5000000,
	"MaxScoreQuickPlay" : 19999999,
	"RoomID" : 101,
	"GameType" : 1020
},
{
	"ID" : 16,
	"Type" : 2,
	"MinScoreQuickPlay" : 20000000,
	"MaxScoreQuickPlay" : 99999999,
	"RoomID" : 102,
	"GameType" : 1020
},
{
	"ID" : 17,
	"Type" : 2,
	"MinScoreQuickPlay" : 100000000,
	"MaxScoreQuickPlay" : 0,
	"RoomID" : 103,
	"GameType" : 1020
},
{
	"ID" : 18,
	"Type" : 2,
	"MinScoreQuickPlay" : 10000000,
	"MaxScoreQuickPlay" : 29999999,
	"RoomID" : 200,
	"GameType" : 1021
},
{
	"ID" : 19,
	"Type" : 2,
	"MinScoreQuickPlay" : 30000000,
	"MaxScoreQuickPlay" : 99999999,
	"RoomID" : 201,
	"GameType" : 1021
},
{
	"ID" : 20,
	"Type" : 2,
	"MinScoreQuickPlay" : 100000000,
	"MaxScoreQuickPlay" : 299999999,
	"RoomID" : 202,
	"GameType" : 1021
},
{
	"ID" : 21,
	"Type" : 2,
	"MinScoreQuickPlay" : 300000000,
	"MaxScoreQuickPlay" : 0,
	"RoomID" : 203,
	"GameType" : 1021
}
]