[
{
	"ID" : 0, 
	"RankID" : 0, 
	"RankMin" : 0, 
	"RankMax" : 0, 
	"WeeklyRewardLoot" : 0, 
	"WeeklyRewardMail" : 0
},
{
	"ID" : 1,
	"RankID" : 101,
	"RankMin" : 1,
	"RankMax" : 1,
	"WeeklyRewardLoot" : 90001001,
	"WeeklyRewardMail" : 1001
},
{
	"ID" : 2,
	"RankID" : 101,
	"RankMin" : 2,
	"RankMax" : 2,
	"WeeklyRewardLoot" : 90001002,
	"WeeklyRewardMail" : 1001
},
{
	"ID" : 3,
	"RankID" : 101,
	"RankMin" : 3,
	"RankMax" : 3,
	"WeeklyRewardLoot" : 90001003,
	"WeeklyRewardMail" : 1001
},
{
	"ID" : 4,
	"RankID" : 101,
	"RankMin" : 4,
	"RankMax" : 10,
	"WeeklyRewardLoot" : 90001004,
	"WeeklyRewardMail" : 1001
},
{
	"ID" : 5,
	"RankID" : 101,
	"RankMin" : 11,
	"RankMax" : 50,
	"WeeklyRewardLoot" : 90001005,
	"WeeklyRewardMail" : 1001
},
{
	"ID" : 6,
	"RankID" : 101,
	"RankMin" : 51,
	"RankMax" : 100,
	"WeeklyRewardLoot" : 90001006,
	"WeeklyRewardMail" : 1001
},
{
	"ID" : 7,
	"RankID" : 102,
	"RankMin" : 1,
	"RankMax" : 1,
	"WeeklyRewardLoot" : 90001007,
	"WeeklyRewardMail" : 1002
},
{
	"ID" : 8,
	"RankID" : 102,
	"RankMin" : 2,
	"RankMax" : 2,
	"WeeklyRewardLoot" : 90001008,
	"WeeklyRewardMail" : 1002
},
{
	"ID" : 9,
	"RankID" : 102,
	"RankMin" : 3,
	"RankMax" : 3,
	"WeeklyRewardLoot" : 90001009,
	"WeeklyRewardMail" : 1002
},
{
	"ID" : 10,
	"RankID" : 102,
	"RankMin" : 4,
	"RankMax" : 10,
	"WeeklyRewardLoot" : 90001010,
	"WeeklyRewardMail" : 1002
},
{
	"ID" : 11,
	"RankID" : 102,
	"RankMin" : 11,
	"RankMax" : 50,
	"WeeklyRewardLoot" : 90001011,
	"WeeklyRewardMail" : 1002
},
{
	"ID" : 12,
	"RankID" : 102,
	"RankMin" : 51,
	"RankMax" : 100,
	"WeeklyRewardLoot" : 90001012,
	"WeeklyRewardMail" : 1002
},
{
	"ID" : 13,
	"RankID" : 201,
	"RankMin" : 1,
	"RankMax" : 1,
	"WeeklyRewardLoot" : 90001013,
	"WeeklyRewardMail" : 1003
},
{
	"ID" : 14,
	"RankID" : 201,
	"RankMin" : 2,
	"RankMax" : 2,
	"WeeklyRewardLoot" : 90001014,
	"WeeklyRewardMail" : 1003
},
{
	"ID" : 15,
	"RankID" : 201,
	"RankMin" : 3,
	"RankMax" : 3,
	"WeeklyRewardLoot" : 90001015,
	"WeeklyRewardMail" : 1003
},
{
	"ID" : 16,
	"RankID" : 201,
	"RankMin" : 4,
	"RankMax" : 10,
	"WeeklyRewardLoot" : 90001016,
	"WeeklyRewardMail" : 1003
},
{
	"ID" : 17,
	"RankID" : 201,
	"RankMin" : 11,
	"RankMax" : 50,
	"WeeklyRewardLoot" : 90001017,
	"WeeklyRewardMail" : 1003
},
{
	"ID" : 18,
	"RankID" : 201,
	"RankMin" : 51,
	"RankMax" : 100,
	"WeeklyRewardLoot" : 90001018,
	"WeeklyRewardMail" : 1003
},
{
	"ID" : 19,
	"RankID" : 202,
	"RankMin" : 1,
	"RankMax" : 1,
	"WeeklyRewardLoot" : 90001019,
	"WeeklyRewardMail" : 1004
},
{
	"ID" : 20,
	"RankID" : 202,
	"RankMin" : 2,
	"RankMax" : 2,
	"WeeklyRewardLoot" : 90001020,
	"WeeklyRewardMail" : 1004
},
{
	"ID" : 21,
	"RankID" : 202,
	"RankMin" : 3,
	"RankMax" : 3,
	"WeeklyRewardLoot" : 90001021,
	"WeeklyRewardMail" : 1004
},
{
	"ID" : 22,
	"RankID" : 202,
	"RankMin" : 4,
	"RankMax" : 10,
	"WeeklyRewardLoot" : 90001022,
	"WeeklyRewardMail" : 1004
},
{
	"ID" : 23,
	"RankID" : 202,
	"RankMin" : 11,
	"RankMax" : 50,
	"WeeklyRewardLoot" : 90001023,
	"WeeklyRewardMail" : 1004
},
{
	"ID" : 24,
	"RankID" : 202,
	"RankMin" : 51,
	"RankMax" : 100,
	"WeeklyRewardLoot" : 90001024,
	"WeeklyRewardMail" : 1004
},
{
	"ID" : 25,
	"RankID" : 301,
	"RankMin" : 1,
	"RankMax" : 1,
	"WeeklyRewardLoot" : 90001025,
	"WeeklyRewardMail" : 1005
},
{
	"ID" : 26,
	"RankID" : 301,
	"RankMin" : 2,
	"RankMax" : 2,
	"WeeklyRewardLoot" : 90001026,
	"WeeklyRewardMail" : 1005
},
{
	"ID" : 27,
	"RankID" : 301,
	"RankMin" : 3,
	"RankMax" : 3,
	"WeeklyRewardLoot" : 90001027,
	"WeeklyRewardMail" : 1005
},
{
	"ID" : 28,
	"RankID" : 301,
	"RankMin" : 4,
	"RankMax" : 10,
	"WeeklyRewardLoot" : 90001028,
	"WeeklyRewardMail" : 1005
},
{
	"ID" : 29,
	"RankID" : 301,
	"RankMin" : 11,
	"RankMax" : 50,
	"WeeklyRewardLoot" : 90001029,
	"WeeklyRewardMail" : 1005
},
{
	"ID" : 30,
	"RankID" : 301,
	"RankMin" : 51,
	"RankMax" : 100,
	"WeeklyRewardLoot" : 90001030,
	"WeeklyRewardMail" : 1005
},
{
	"ID" : 31,
	"RankID" : 302,
	"RankMin" : 1,
	"RankMax" : 1,
	"WeeklyRewardLoot" : 90001031,
	"WeeklyRewardMail" : 1006
},
{
	"ID" : 32,
	"RankID" : 302,
	"RankMin" : 2,
	"RankMax" : 2,
	"WeeklyRewardLoot" : 90001032,
	"WeeklyRewardMail" : 1006
},
{
	"ID" : 33,
	"RankID" : 302,
	"RankMin" : 3,
	"RankMax" : 3,
	"WeeklyRewardLoot" : 90001033,
	"WeeklyRewardMail" : 1006
},
{
	"ID" : 34,
	"RankID" : 302,
	"RankMin" : 4,
	"RankMax" : 10,
	"WeeklyRewardLoot" : 90001034,
	"WeeklyRewardMail" : 1006
},
{
	"ID" : 35,
	"RankID" : 302,
	"RankMin" : 11,
	"RankMax" : 50,
	"WeeklyRewardLoot" : 90001035,
	"WeeklyRewardMail" : 1006
},
{
	"ID" : 36,
	"RankID" : 302,
	"RankMin" : 51,
	"RankMax" : 100,
	"WeeklyRewardLoot" : 90001036,
	"WeeklyRewardMail" : 1006
},
{
	"ID" : 37,
	"RankID" : 401,
	"RankMin" : 1,
	"RankMax" : 1,
	"WeeklyRewardLoot" : 90001037,
	"WeeklyRewardMail" : 1007
},
{
	"ID" : 38,
	"RankID" : 401,
	"RankMin" : 2,
	"RankMax" : 2,
	"WeeklyRewardLoot" : 90001038,
	"WeeklyRewardMail" : 1007
},
{
	"ID" : 39,
	"RankID" : 401,
	"RankMin" : 3,
	"RankMax" : 3,
	"WeeklyRewardLoot" : 90001039,
	"WeeklyRewardMail" : 1007
},
{
	"ID" : 40,
	"RankID" : 401,
	"RankMin" : 4,
	"RankMax" : 10,
	"WeeklyRewardLoot" : 90001040,
	"WeeklyRewardMail" : 1007
},
{
	"ID" : 41,
	"RankID" : 401,
	"RankMin" : 11,
	"RankMax" : 50,
	"WeeklyRewardLoot" : 90001041,
	"WeeklyRewardMail" : 1007
},
{
	"ID" : 42,
	"RankID" : 401,
	"RankMin" : 51,
	"RankMax" : 100,
	"WeeklyRewardLoot" : 90001042,
	"WeeklyRewardMail" : 1007
},
{
	"ID" : 43,
	"RankID" : 501,
	"RankMin" : 1,
	"RankMax" : 1,
	"WeeklyRewardLoot" : 90001043,
	"WeeklyRewardMail" : 1008
},
{
	"ID" : 44,
	"RankID" : 501,
	"RankMin" : 2,
	"RankMax" : 2,
	"WeeklyRewardLoot" : 90001044,
	"WeeklyRewardMail" : 1008
},
{
	"ID" : 45,
	"RankID" : 501,
	"RankMin" : 3,
	"RankMax" : 3,
	"WeeklyRewardLoot" : 90001045,
	"WeeklyRewardMail" : 1008
},
{
	"ID" : 46,
	"RankID" : 501,
	"RankMin" : 4,
	"RankMax" : 4,
	"WeeklyRewardLoot" : 90001046,
	"WeeklyRewardMail" : 1008
},
{
	"ID" : 47,
	"RankID" : 501,
	"RankMin" : 5,
	"RankMax" : 5,
	"WeeklyRewardLoot" : 90001047,
	"WeeklyRewardMail" : 1008
},
{
	"ID" : 48,
	"RankID" : 501,
	"RankMin" : 6,
	"RankMax" : 6,
	"WeeklyRewardLoot" : 90001048,
	"WeeklyRewardMail" : 1008
},
{
	"ID" : 49,
	"RankID" : 501,
	"RankMin" : 7,
	"RankMax" : 7,
	"WeeklyRewardLoot" : 90001049,
	"WeeklyRewardMail" : 1008
},
{
	"ID" : 50,
	"RankID" : 501,
	"RankMin" : 8,
	"RankMax" : 8,
	"WeeklyRewardLoot" : 90001050,
	"WeeklyRewardMail" : 1008
},
{
	"ID" : 51,
	"RankID" : 501,
	"RankMin" : 9,
	"RankMax" : 9,
	"WeeklyRewardLoot" : 90001051,
	"WeeklyRewardMail" : 1008
},
{
	"ID" : 52,
	"RankID" : 501,
	"RankMin" : 10,
	"RankMax" : 10,
	"WeeklyRewardLoot" : 90001052,
	"WeeklyRewardMail" : 1008
},
{
	"ID" : 53,
	"RankID" : 502,
	"RankMin" : 1,
	"RankMax" : 1,
	"WeeklyRewardLoot" : 90001053,
	"WeeklyRewardMail" : 1009
},
{
	"ID" : 54,
	"RankID" : 502,
	"RankMin" : 2,
	"RankMax" : 2,
	"WeeklyRewardLoot" : 90001054,
	"WeeklyRewardMail" : 1009
},
{
	"ID" : 55,
	"RankID" : 502,
	"RankMin" : 3,
	"RankMax" : 3,
	"WeeklyRewardLoot" : 90001055,
	"WeeklyRewardMail" : 1009
},
{
	"ID" : 56,
	"RankID" : 502,
	"RankMin" : 4,
	"RankMax" : 4,
	"WeeklyRewardLoot" : 90001056,
	"WeeklyRewardMail" : 1009
},
{
	"ID" : 57,
	"RankID" : 502,
	"RankMin" : 5,
	"RankMax" : 5,
	"WeeklyRewardLoot" : 90001057,
	"WeeklyRewardMail" : 1009
},
{
	"ID" : 58,
	"RankID" : 502,
	"RankMin" : 6,
	"RankMax" : 6,
	"WeeklyRewardLoot" : 90001058,
	"WeeklyRewardMail" : 1009
},
{
	"ID" : 59,
	"RankID" : 502,
	"RankMin" : 7,
	"RankMax" : 7,
	"WeeklyRewardLoot" : 90001059,
	"WeeklyRewardMail" : 1009
},
{
	"ID" : 60,
	"RankID" : 502,
	"RankMin" : 8,
	"RankMax" : 8,
	"WeeklyRewardLoot" : 90001060,
	"WeeklyRewardMail" : 1009
},
{
	"ID" : 61,
	"RankID" : 502,
	"RankMin" : 9,
	"RankMax" : 9,
	"WeeklyRewardLoot" : 90001061,
	"WeeklyRewardMail" : 1009
},
{
	"ID" : 62,
	"RankID" : 502,
	"RankMin" : 10,
	"RankMax" : 10,
	"WeeklyRewardLoot" : 90001062,
	"WeeklyRewardMail" : 1009
}
]