[
{
	"ID" : 0, 
	"NameLocalization" : ""
},
{
	"ID" : 1,
	"NameLocalization" : "RobotNickName_1"
},
{
	"ID" : 2,
	"NameLocalization" : "RobotNickName_2"
},
{
	"ID" : 3,
	"NameLocalization" : "RobotNickName_3"
},
{
	"ID" : 4,
	"NameLocalization" : "RobotNickName_4"
},
{
	"ID" : 5,
	"NameLocalization" : "RobotNickName_5"
},
{
	"ID" : 6,
	"NameLocalization" : "RobotNickName_6"
},
{
	"ID" : 7,
	"NameLocalization" : "RobotNickName_7"
},
{
	"ID" : 8,
	"NameLocalization" : "RobotNickName_8"
},
{
	"ID" : 9,
	"NameLocalization" : "RobotNickName_9"
},
{
	"ID" : 10,
	"NameLocalization" : "RobotNickName_10"
},
{
	"ID" : 11,
	"NameLocalization" : "RobotNickName_11"
},
{
	"ID" : 12,
	"NameLocalization" : "RobotNickName_12"
},
{
	"ID" : 13,
	"NameLocalization" : "RobotNickName_13"
},
{
	"ID" : 14,
	"NameLocalization" : "RobotNickName_14"
},
{
	"ID" : 15,
	"NameLocalization" : "RobotNickName_15"
},
{
	"ID" : 16,
	"NameLocalization" : "RobotNickName_16"
},
{
	"ID" : 17,
	"NameLocalization" : "RobotNickName_17"
},
{
	"ID" : 18,
	"NameLocalization" : "RobotNickName_18"
},
{
	"ID" : 19,
	"NameLocalization" : "RobotNickName_19"
},
{
	"ID" : 20,
	"NameLocalization" : "RobotNickName_20"
},
{
	"ID" : 21,
	"NameLocalization" : "RobotNickName_21"
},
{
	"ID" : 22,
	"NameLocalization" : "RobotNickName_22"
},
{
	"ID" : 23,
	"NameLocalization" : "RobotNickName_23"
},
{
	"ID" : 24,
	"NameLocalization" : "RobotNickName_24"
},
{
	"ID" : 25,
	"NameLocalization" : "RobotNickName_25"
},
{
	"ID" : 26,
	"NameLocalization" : "RobotNickName_26"
},
{
	"ID" : 27,
	"NameLocalization" : "RobotNickName_27"
},
{
	"ID" : 28,
	"NameLocalization" : "RobotNickName_28"
},
{
	"ID" : 29,
	"NameLocalization" : "RobotNickName_29"
},
{
	"ID" : 30,
	"NameLocalization" : "RobotNickName_30"
},
{
	"ID" : 31,
	"NameLocalization" : "RobotNickName_31"
},
{
	"ID" : 32,
	"NameLocalization" : "RobotNickName_32"
},
{
	"ID" : 33,
	"NameLocalization" : "RobotNickName_33"
},
{
	"ID" : 34,
	"NameLocalization" : "RobotNickName_34"
},
{
	"ID" : 35,
	"NameLocalization" : "RobotNickName_35"
},
{
	"ID" : 36,
	"NameLocalization" : "RobotNickName_36"
},
{
	"ID" : 37,
	"NameLocalization" : "RobotNickName_37"
},
{
	"ID" : 38,
	"NameLocalization" : "RobotNickName_38"
},
{
	"ID" : 39,
	"NameLocalization" : "RobotNickName_39"
},
{
	"ID" : 40,
	"NameLocalization" : "RobotNickName_40"
},
{
	"ID" : 41,
	"NameLocalization" : "RobotNickName_41"
},
{
	"ID" : 42,
	"NameLocalization" : "RobotNickName_42"
},
{
	"ID" : 43,
	"NameLocalization" : "RobotNickName_43"
},
{
	"ID" : 44,
	"NameLocalization" : "RobotNickName_44"
},
{
	"ID" : 45,
	"NameLocalization" : "RobotNickName_45"
},
{
	"ID" : 46,
	"NameLocalization" : "RobotNickName_46"
},
{
	"ID" : 47,
	"NameLocalization" : "RobotNickName_47"
},
{
	"ID" : 48,
	"NameLocalization" : "RobotNickName_48"
},
{
	"ID" : 49,
	"NameLocalization" : "RobotNickName_49"
},
{
	"ID" : 50,
	"NameLocalization" : "RobotNickName_50"
},
{
	"ID" : 51,
	"NameLocalization" : "RobotNickName_51"
},
{
	"ID" : 52,
	"NameLocalization" : "RobotNickName_52"
},
{
	"ID" : 53,
	"NameLocalization" : "RobotNickName_53"
},
{
	"ID" : 54,
	"NameLocalization" : "RobotNickName_54"
},
{
	"ID" : 55,
	"NameLocalization" : "RobotNickName_55"
},
{
	"ID" : 56,
	"NameLocalization" : "RobotNickName_56"
},
{
	"ID" : 57,
	"NameLocalization" : "RobotNickName_57"
},
{
	"ID" : 58,
	"NameLocalization" : "RobotNickName_58"
},
{
	"ID" : 59,
	"NameLocalization" : "RobotNickName_59"
},
{
	"ID" : 60,
	"NameLocalization" : "RobotNickName_60"
},
{
	"ID" : 61,
	"NameLocalization" : "RobotNickName_61"
},
{
	"ID" : 62,
	"NameLocalization" : "RobotNickName_62"
},
{
	"ID" : 63,
	"NameLocalization" : "RobotNickName_63"
},
{
	"ID" : 64,
	"NameLocalization" : "RobotNickName_64"
},
{
	"ID" : 65,
	"NameLocalization" : "RobotNickName_65"
},
{
	"ID" : 66,
	"NameLocalization" : "RobotNickName_66"
},
{
	"ID" : 67,
	"NameLocalization" : "RobotNickName_67"
},
{
	"ID" : 68,
	"NameLocalization" : "RobotNickName_68"
},
{
	"ID" : 69,
	"NameLocalization" : "RobotNickName_69"
},
{
	"ID" : 70,
	"NameLocalization" : "RobotNickName_70"
},
{
	"ID" : 71,
	"NameLocalization" : "RobotNickName_71"
},
{
	"ID" : 72,
	"NameLocalization" : "RobotNickName_72"
},
{
	"ID" : 73,
	"NameLocalization" : "RobotNickName_73"
},
{
	"ID" : 74,
	"NameLocalization" : "RobotNickName_74"
},
{
	"ID" : 75,
	"NameLocalization" : "RobotNickName_75"
},
{
	"ID" : 76,
	"NameLocalization" : "RobotNickName_76"
},
{
	"ID" : 77,
	"NameLocalization" : "RobotNickName_77"
},
{
	"ID" : 78,
	"NameLocalization" : "RobotNickName_78"
},
{
	"ID" : 79,
	"NameLocalization" : "RobotNickName_79"
},
{
	"ID" : 80,
	"NameLocalization" : "RobotNickName_80"
},
{
	"ID" : 81,
	"NameLocalization" : "RobotNickName_81"
},
{
	"ID" : 82,
	"NameLocalization" : "RobotNickName_82"
},
{
	"ID" : 83,
	"NameLocalization" : "RobotNickName_83"
},
{
	"ID" : 84,
	"NameLocalization" : "RobotNickName_84"
},
{
	"ID" : 85,
	"NameLocalization" : "RobotNickName_85"
},
{
	"ID" : 86,
	"NameLocalization" : "RobotNickName_86"
},
{
	"ID" : 87,
	"NameLocalization" : "RobotNickName_87"
},
{
	"ID" : 88,
	"NameLocalization" : "RobotNickName_88"
},
{
	"ID" : 89,
	"NameLocalization" : "RobotNickName_89"
},
{
	"ID" : 90,
	"NameLocalization" : "RobotNickName_90"
},
{
	"ID" : 91,
	"NameLocalization" : "RobotNickName_91"
},
{
	"ID" : 92,
	"NameLocalization" : "RobotNickName_92"
},
{
	"ID" : 93,
	"NameLocalization" : "RobotNickName_93"
},
{
	"ID" : 94,
	"NameLocalization" : "RobotNickName_94"
},
{
	"ID" : 95,
	"NameLocalization" : "RobotNickName_95"
},
{
	"ID" : 96,
	"NameLocalization" : "RobotNickName_96"
},
{
	"ID" : 97,
	"NameLocalization" : "RobotNickName_97"
},
{
	"ID" : 98,
	"NameLocalization" : "RobotNickName_98"
},
{
	"ID" : 99,
	"NameLocalization" : "RobotNickName_99"
},
{
	"ID" : 100,
	"NameLocalization" : "RobotNickName_100"
},
{
	"ID" : 101,
	"NameLocalization" : "RobotNickName_101"
},
{
	"ID" : 102,
	"NameLocalization" : "RobotNickName_102"
},
{
	"ID" : 103,
	"NameLocalization" : "RobotNickName_103"
},
{
	"ID" : 104,
	"NameLocalization" : "RobotNickName_104"
},
{
	"ID" : 105,
	"NameLocalization" : "RobotNickName_105"
},
{
	"ID" : 106,
	"NameLocalization" : "RobotNickName_106"
},
{
	"ID" : 107,
	"NameLocalization" : "RobotNickName_107"
},
{
	"ID" : 108,
	"NameLocalization" : "RobotNickName_108"
},
{
	"ID" : 109,
	"NameLocalization" : "RobotNickName_109"
},
{
	"ID" : 110,
	"NameLocalization" : "RobotNickName_110"
},
{
	"ID" : 111,
	"NameLocalization" : "RobotNickName_111"
},
{
	"ID" : 112,
	"NameLocalization" : "RobotNickName_112"
},
{
	"ID" : 113,
	"NameLocalization" : "RobotNickName_113"
},
{
	"ID" : 114,
	"NameLocalization" : "RobotNickName_114"
},
{
	"ID" : 115,
	"NameLocalization" : "RobotNickName_115"
},
{
	"ID" : 116,
	"NameLocalization" : "RobotNickName_116"
},
{
	"ID" : 117,
	"NameLocalization" : "RobotNickName_117"
},
{
	"ID" : 118,
	"NameLocalization" : "RobotNickName_118"
},
{
	"ID" : 119,
	"NameLocalization" : "RobotNickName_119"
},
{
	"ID" : 120,
	"NameLocalization" : "RobotNickName_120"
},
{
	"ID" : 121,
	"NameLocalization" : "RobotNickName_121"
},
{
	"ID" : 122,
	"NameLocalization" : "RobotNickName_122"
},
{
	"ID" : 123,
	"NameLocalization" : "RobotNickName_123"
},
{
	"ID" : 124,
	"NameLocalization" : "RobotNickName_124"
},
{
	"ID" : 125,
	"NameLocalization" : "RobotNickName_125"
},
{
	"ID" : 126,
	"NameLocalization" : "RobotNickName_126"
},
{
	"ID" : 127,
	"NameLocalization" : "RobotNickName_127"
},
{
	"ID" : 128,
	"NameLocalization" : "RobotNickName_128"
},
{
	"ID" : 129,
	"NameLocalization" : "RobotNickName_129"
},
{
	"ID" : 130,
	"NameLocalization" : "RobotNickName_130"
},
{
	"ID" : 131,
	"NameLocalization" : "RobotNickName_131"
},
{
	"ID" : 132,
	"NameLocalization" : "RobotNickName_132"
},
{
	"ID" : 133,
	"NameLocalization" : "RobotNickName_133"
},
{
	"ID" : 134,
	"NameLocalization" : "RobotNickName_134"
},
{
	"ID" : 135,
	"NameLocalization" : "RobotNickName_135"
},
{
	"ID" : 136,
	"NameLocalization" : "RobotNickName_136"
},
{
	"ID" : 137,
	"NameLocalization" : "RobotNickName_137"
},
{
	"ID" : 138,
	"NameLocalization" : "RobotNickName_138"
},
{
	"ID" : 139,
	"NameLocalization" : "RobotNickName_139"
},
{
	"ID" : 140,
	"NameLocalization" : "RobotNickName_140"
},
{
	"ID" : 141,
	"NameLocalization" : "RobotNickName_141"
},
{
	"ID" : 142,
	"NameLocalization" : "RobotNickName_142"
},
{
	"ID" : 143,
	"NameLocalization" : "RobotNickName_143"
},
{
	"ID" : 144,
	"NameLocalization" : "RobotNickName_144"
},
{
	"ID" : 145,
	"NameLocalization" : "RobotNickName_145"
},
{
	"ID" : 146,
	"NameLocalization" : "RobotNickName_146"
},
{
	"ID" : 147,
	"NameLocalization" : "RobotNickName_147"
},
{
	"ID" : 148,
	"NameLocalization" : "RobotNickName_148"
},
{
	"ID" : 149,
	"NameLocalization" : "RobotNickName_149"
},
{
	"ID" : 150,
	"NameLocalization" : "RobotNickName_150"
},
{
	"ID" : 151,
	"NameLocalization" : "RobotNickName_151"
},
{
	"ID" : 152,
	"NameLocalization" : "RobotNickName_152"
},
{
	"ID" : 153,
	"NameLocalization" : "RobotNickName_153"
},
{
	"ID" : 154,
	"NameLocalization" : "RobotNickName_154"
},
{
	"ID" : 155,
	"NameLocalization" : "RobotNickName_155"
},
{
	"ID" : 156,
	"NameLocalization" : "RobotNickName_156"
},
{
	"ID" : 157,
	"NameLocalization" : "RobotNickName_157"
},
{
	"ID" : 158,
	"NameLocalization" : "RobotNickName_158"
},
{
	"ID" : 159,
	"NameLocalization" : "RobotNickName_159"
},
{
	"ID" : 160,
	"NameLocalization" : "RobotNickName_160"
},
{
	"ID" : 161,
	"NameLocalization" : "RobotNickName_161"
},
{
	"ID" : 162,
	"NameLocalization" : "RobotNickName_162"
},
{
	"ID" : 163,
	"NameLocalization" : "RobotNickName_163"
},
{
	"ID" : 164,
	"NameLocalization" : "RobotNickName_164"
},
{
	"ID" : 165,
	"NameLocalization" : "RobotNickName_165"
},
{
	"ID" : 166,
	"NameLocalization" : "RobotNickName_166"
},
{
	"ID" : 167,
	"NameLocalization" : "RobotNickName_167"
},
{
	"ID" : 168,
	"NameLocalization" : "RobotNickName_168"
},
{
	"ID" : 169,
	"NameLocalization" : "RobotNickName_169"
},
{
	"ID" : 170,
	"NameLocalization" : "RobotNickName_170"
},
{
	"ID" : 171,
	"NameLocalization" : "RobotNickName_171"
},
{
	"ID" : 172,
	"NameLocalization" : "RobotNickName_172"
},
{
	"ID" : 173,
	"NameLocalization" : "RobotNickName_173"
},
{
	"ID" : 174,
	"NameLocalization" : "RobotNickName_174"
},
{
	"ID" : 175,
	"NameLocalization" : "RobotNickName_175"
},
{
	"ID" : 176,
	"NameLocalization" : "RobotNickName_176"
},
{
	"ID" : 177,
	"NameLocalization" : "RobotNickName_177"
},
{
	"ID" : 178,
	"NameLocalization" : "RobotNickName_178"
},
{
	"ID" : 179,
	"NameLocalization" : "RobotNickName_179"
},
{
	"ID" : 180,
	"NameLocalization" : "RobotNickName_180"
},
{
	"ID" : 181,
	"NameLocalization" : "RobotNickName_181"
},
{
	"ID" : 182,
	"NameLocalization" : "RobotNickName_182"
},
{
	"ID" : 183,
	"NameLocalization" : "RobotNickName_183"
},
{
	"ID" : 184,
	"NameLocalization" : "RobotNickName_184"
},
{
	"ID" : 185,
	"NameLocalization" : "RobotNickName_185"
},
{
	"ID" : 186,
	"NameLocalization" : "RobotNickName_186"
},
{
	"ID" : 187,
	"NameLocalization" : "RobotNickName_187"
},
{
	"ID" : 188,
	"NameLocalization" : "RobotNickName_188"
},
{
	"ID" : 189,
	"NameLocalization" : "RobotNickName_189"
},
{
	"ID" : 190,
	"NameLocalization" : "RobotNickName_190"
},
{
	"ID" : 191,
	"NameLocalization" : "RobotNickName_191"
},
{
	"ID" : 192,
	"NameLocalization" : "RobotNickName_192"
},
{
	"ID" : 193,
	"NameLocalization" : "RobotNickName_193"
},
{
	"ID" : 194,
	"NameLocalization" : "RobotNickName_194"
},
{
	"ID" : 195,
	"NameLocalization" : "RobotNickName_195"
},
{
	"ID" : 196,
	"NameLocalization" : "RobotNickName_196"
},
{
	"ID" : 197,
	"NameLocalization" : "RobotNickName_197"
},
{
	"ID" : 198,
	"NameLocalization" : "RobotNickName_198"
},
{
	"ID" : 199,
	"NameLocalization" : "RobotNickName_199"
},
{
	"ID" : 200,
	"NameLocalization" : "RobotNickName_200"
},
{
	"ID" : 201,
	"NameLocalization" : "RobotNickName_201"
},
{
	"ID" : 202,
	"NameLocalization" : "RobotNickName_202"
},
{
	"ID" : 203,
	"NameLocalization" : "RobotNickName_203"
},
{
	"ID" : 204,
	"NameLocalization" : "RobotNickName_204"
},
{
	"ID" : 205,
	"NameLocalization" : "RobotNickName_205"
},
{
	"ID" : 206,
	"NameLocalization" : "RobotNickName_206"
},
{
	"ID" : 207,
	"NameLocalization" : "RobotNickName_207"
},
{
	"ID" : 208,
	"NameLocalization" : "RobotNickName_208"
},
{
	"ID" : 209,
	"NameLocalization" : "RobotNickName_209"
},
{
	"ID" : 210,
	"NameLocalization" : "RobotNickName_210"
},
{
	"ID" : 211,
	"NameLocalization" : "RobotNickName_211"
},
{
	"ID" : 212,
	"NameLocalization" : "RobotNickName_212"
},
{
	"ID" : 213,
	"NameLocalization" : "RobotNickName_213"
},
{
	"ID" : 214,
	"NameLocalization" : "RobotNickName_214"
}
]