[
{
	"ID" : 0, 
	"VIPLevelMin" : 0, 
	"VIPLevelMax" : 0, 
	"TurretSet" : "", 
	"TurretSetLevel" : "", 
	"StarMax" : 0, 
	"HeadIcon" : "", 
	"HeadFrame" : "", 
	"PropertyBG" : ""
},
{
	"ID" : 1,
	"VIPLevelMin" : 0,
	"VIPLevelMax" : 0,
	"TurretSet" : "2,3",
	"TurretSetLevel" : "1,1",
	"StarMax" : 1,
	"HeadIcon" : "10202001,10202002,10202003,10202004,10202005,10202006",
	"HeadFrame" : "10201000",
	"PropertyBG" : "10203001"
},
{
	"ID" : 2,
	"VIPLevelMin" : 1,
	"VIPLevelMax" : 1,
	"TurretSet" : "2,3,4,5,6",
	"TurretSetLevel" : "10,30",
	"StarMax" : 2,
	"HeadIcon" : "10202001,10202002,10202003,10202004,10202005,10202006",
	"HeadFrame" : "10201000,10201001",
	"PropertyBG" : "10203001"
},
{
	"ID" : 3,
	"VIPLevelMin" : 2,
	"VIPLevelMax" : 3,
	"TurretSet" : "4,5,6,7,8,9",
	"TurretSetLevel" : "40,60",
	"StarMax" : 4,
	"HeadIcon" : "10202001,10202002,10202003,10202004,10202005,10202006",
	"HeadFrame" : "10201001,10201002,10201003",
	"PropertyBG" : "10203001"
},
{
	"ID" : 4,
	"VIPLevelMin" : 4,
	"VIPLevelMax" : 5,
	"TurretSet" : "4,5,6,7,8,9,10",
	"TurretSetLevel" : "50,60",
	"StarMax" : 6,
	"HeadIcon" : "10202001,10202002,10202003,10202004,10202005,10202006",
	"HeadFrame" : "10201002,10201003,10201004,10201005",
	"PropertyBG" : "10203001"
}
]