[
{
	"ID" : 0, 
	"user_id" : 0, 
	"gold" : 0, 
	"diamond" : 0, 
	"field" : "", 
	"items" : ""
},
{
	"ID" : 1,
	"user_id" : 111
},
{
	"ID" : 2,
	"items" : "10201000,1,10202001,1,10202002,1,10202003,1,10202004,1,10202005,1,10202006,1,10203001,1"
},
{
	"ID" : 3,
	"field" : "double_diamond,1"
},
{
	"ID" : 4,
	"user_id" : 138573,
	"field" : "user_open_id,bqq4fatoyryy,user_fbid,000056.9d495b8089b240e5bfcf2184b831203b.1420"
},
{
	"ID" : 5,
	"user_id" : 149209,
	"field" : "user_open_id,bqa5go4eyryy,user_fbid,000214.3f415c2812ca4241b6cd5afd1e447f37.1325"
}
]