[
{
	"SignNums" : 0, 
	"DiamondDay" : 0, 
	"DiamondMonth" : 0
},
{
	"SignNums" : 1,
	"DiamondDay" : 100000,
	"DiamondMonth" : 150000000
},
{
	"SignNums" : 2,
	"DiamondDay" : 500000,
	"DiamondMonth" : 150000000
},
{
	"SignNums" : 3,
	"DiamondDay" : 1000000,
	"DiamondMonth" : 150000000
},
{
	"SignNums" : 4,
	"DiamondDay" : 2000000,
	"DiamondMonth" : 150000000
},
{
	"SignNums" : 5,
	"DiamondDay" : 5000000,
	"DiamondMonth" : 150000000
},
{
	"SignNums" : 6,
	"DiamondDay" : 10000000,
	"DiamondMonth" : 150000000
},
{
	"SignNums" : 7,
	"DiamondDay" : 20000000,
	"DiamondMonth" : 150000000
}
]