[
{
	"ID" : 0, 
	"Name" : "", 
	"NameLocalizationID" : "", 
	"UseInfo" : "", 
	"UseInfoLocalization" : "", 
	"Description" : "", 
	"DescriptionLocalizationID" : "", 
	"LevelLocalization" : "", 
	"Icon" : "", 
	"Type" : 2, 
	"SkillTipsID" : 0, 
	"EffectID" : 0, 
	"Step" : 1, 
	"Collider" : "", 
	"HitCount" : "", 
	"Duration" : 0, 
	"CostEnergy" : 0, 
	"CostItem" : "", 
	"CostDiamond" : 0, 
	"Mirror" : 0, 
	"Param" : "", 
	"Introduce" : "", 
	"Combo" : ""
},
{
	"ID" : 1,
	"Name" : "锁定",
	"NameLocalizationID" : "Skill_Name_1",
	"UseInfoLocalization" : "Skill_UseInfo_1",
	"DescriptionLocalizationID" : "Skill_Desc_1",
	"Type" : 1,
	"EffectID" : 10050,
	"Duration" : 20000,
	"CostItem" : "11401001,1",
	"CostDiamond" : 5
},
{
	"ID" : 2,
	"Name" : "冰冻",
	"NameLocalizationID" : "Skill_Name_2",
	"UseInfoLocalization" : "Skill_UseInfo_2",
	"DescriptionLocalizationID" : "Skill_Desc_2",
	"Type" : 1,
	"EffectID" : 10002,
	"Duration" : 15000,
	"CostItem" : "11401002,1",
	"CostDiamond" : 5
},
{
	"ID" : 3,
	"Name" : "急速",
	"NameLocalizationID" : "Skill_Name_3",
	"UseInfoLocalization" : "Skill_UseInfo_3",
	"DescriptionLocalizationID" : "Skill_Desc_3",
	"Type" : 1,
	"EffectID" : 10051,
	"Duration" : 20000,
	"CostItem" : "11401003,1",
	"CostDiamond" : 10
},
{
	"ID" : 4,
	"Name" : "狂暴",
	"NameLocalizationID" : "Skill_Name_4",
	"UseInfoLocalization" : "Skill_UseInfo_4",
	"DescriptionLocalizationID" : "Skill_Desc_4",
	"Type" : 1,
	"EffectID" : 10052,
	"Duration" : 20000,
	"CostItem" : "11401007,1",
	"CostDiamond" : 10
},
{
	"ID" : 5,
	"Name" : "召唤",
	"NameLocalizationID" : "Skill_Name_5",
	"UseInfoLocalization" : "Skill_UseInfo_5",
	"DescriptionLocalizationID" : "Skill_Desc_5",
	"Type" : 1,
	"Duration" : 20000,
	"CostItem" : "11401008,1",
	"CostDiamond" : 20
},
{
	"ID" : 6,
	"Name" : "超级武器",
	"NameLocalizationID" : "Skill_Name_6",
	"UseInfoLocalization" : "Skill_UseInfo_6",
	"DescriptionLocalizationID" : "Skill_Desc_6",
	"Type" : 1,
	"EffectID" : 10050,
	"Duration" : 20000,
	"CostItem" : "11401009,1",
	"CostDiamond" : 20,
	"Param" : "20,5,50"
},
{
	"ID" : 1001,
	"Name" : "超级武器试用-默认",
	"NameLocalizationID" : "Skill_Name_1001",
	"UseInfoLocalization" : "Skill_UseInfo_1001",
	"DescriptionLocalizationID" : "Skill_Desc_1001",
	"Type" : 7,
	"EffectID" : 10050,
	"Duration" : 20000,
	"CostItem" : "11401101,1",
	"Param" : "20,5,30,50,10703,10705"
},
{
	"ID" : 1011,
	"Name" : "超级武器试用-鞭炮",
	"NameLocalizationID" : "Skill_Name_1011",
	"UseInfoLocalization" : "Skill_UseInfo_1011",
	"DescriptionLocalizationID" : "Skill_Desc_1011",
	"Type" : 7,
	"EffectID" : 10050,
	"Duration" : 20000,
	"CostItem" : "11401102,1",
	"Param" : "20,5,30,50,10713,10715"
},
{
	"ID" : 2001,
	"Name" : "吕布必杀",
	"NameLocalizationID" : "Skill_Name_2001",
	"UseInfoLocalization" : "Skill_UseInfo_2001",
	"DescriptionLocalizationID" : "Skill_Desc_2001",
	"Type" : 4,
	"EffectID" : 10611,
	"Duration" : 3000,
	"CostItem" : "11401201,1",
	"Param" : "311"
},
{
	"ID" : 2002,
	"Name" : "曹操必杀",
	"NameLocalizationID" : "Skill_Name_2002",
	"UseInfoLocalization" : "Skill_UseInfo_2002",
	"DescriptionLocalizationID" : "Skill_Desc_2002",
	"Type" : 4,
	"EffectID" : 10611,
	"Duration" : 3000,
	"CostItem" : "11401202,1",
	"Param" : "313"
},
{
	"ID" : 2003,
	"Name" : "孙权必杀",
	"NameLocalizationID" : "Skill_Name_2003",
	"UseInfoLocalization" : "Skill_UseInfo_2003",
	"DescriptionLocalizationID" : "Skill_Desc_2003",
	"Type" : 4,
	"EffectID" : 10611,
	"Duration" : 3000,
	"CostItem" : "11401203,1",
	"Param" : "312"
},
{
	"ID" : 2004,
	"Name" : "貔貅必杀",
	"NameLocalizationID" : "Skill_Name_2004",
	"UseInfoLocalization" : "Skill_UseInfo_2004",
	"DescriptionLocalizationID" : "Skill_Desc_2004",
	"Type" : 4,
	"EffectID" : 10611,
	"Duration" : 3000,
	"CostItem" : "11401204,1",
	"Param" : "221,222"
},
{
	"ID" : 205,
	"Name" : "道具刘备技能",
	"NameLocalizationID" : "Skill_Name_205",
	"UseInfoLocalization" : "Skill_UseInfo_205",
	"DescriptionLocalizationID" : "Skill_Desc_205",
	"LevelLocalization" : "Skill_LevelDescription7",
	"Type" : 4,
	"EffectID" : 3008,
	"Step" : 1,
	"HitCount" : "1,0",
	"Duration" : 3000,
	"CostItem" : "11401004,1",
	"Param" : "311,450,80,130",
	"Combo" : "145,185"
},
{
	"ID" : 206,
	"Name" : "道具张飞技能",
	"NameLocalizationID" : "Skill_Name_206",
	"UseInfoLocalization" : "Skill_UseInfo_206",
	"DescriptionLocalizationID" : "Skill_Desc_206",
	"LevelLocalization" : "Skill_LevelDescription7",
	"Type" : 4,
	"EffectID" : 3011,
	"Step" : 1,
	"HitCount" : "1,0",
	"Duration" : 3000,
	"CostItem" : "11401005,1",
	"Mirror" : 1,
	"Param" : "311,350,90,110",
	"Combo" : "125,185"
},
{
	"ID" : 207,
	"Name" : "道具关羽技能",
	"NameLocalizationID" : "Skill_Name_207",
	"UseInfoLocalization" : "Skill_UseInfo_207",
	"DescriptionLocalizationID" : "Skill_Desc_207",
	"LevelLocalization" : "Skill_LevelDescription7",
	"Type" : 4,
	"EffectID" : 3013,
	"Step" : 1,
	"HitCount" : "1,0",
	"Duration" : 3000,
	"CostItem" : "11401006,1",
	"Param" : "311,350,90,110",
	"Combo" : "125,185"
},
{
	"ID" : 208,
	"Name" : "赤蟹霸王",
	"NameLocalizationID" : "Skill_Name_208",
	"UseInfoLocalization" : "Skill_UseInfo_208",
	"DescriptionLocalizationID" : "Skill_Desc_208",
	"Type" : 3,
	"EffectID" : 2004,
	"Step" : 3,
	"HitCount" : "5,0"
},
{
	"ID" : 209,
	"Name" : "玄武",
	"NameLocalizationID" : "Skill_Name_209",
	"UseInfoLocalization" : "Skill_UseInfo_209",
	"DescriptionLocalizationID" : "Skill_Desc_209",
	"Type" : 3,
	"EffectID" : 2005,
	"Step" : 3,
	"HitCount" : "6,0"
},
{
	"ID" : 210,
	"Name" : "八尾狐妖",
	"NameLocalizationID" : "Skill_Name_210",
	"UseInfoLocalization" : "Skill_UseInfo_210",
	"DescriptionLocalizationID" : "Skill_Desc_210",
	"Type" : 3,
	"EffectID" : 2009,
	"Step" : 4,
	"HitCount" : "8,0"
},
{
	"ID" : 211,
	"Name" : "黑洞",
	"Type" : 6,
	"Step" : 1,
	"HitCount" : "4,0"
},
{
	"ID" : 212,
	"Name" : "以自身为中心爆炸",
	"Type" : 6,
	"Step" : 1,
	"HitCount" : "4,80"
},
{
	"ID" : 213,
	"Name" : "闪电链",
	"Type" : 6,
	"Step" : 1,
	"HitCount" : "5,20"
},
{
	"ID" : 214,
	"Name" : "巨鲲",
	"Type" : 6,
	"Step" : 1,
	"HitCount" : "8,0"
},
{
	"ID" : 215,
	"Name" : "微量核弹",
	"Type" : 5,
	"SkillTipsID" : 12,
	"EffectID" : 4001,
	"CostItem" : "11901001,1",
	"Param" : "60,50,75,10,75,100,20,100,150,5,150,250,5,250,500"
},
{
	"ID" : 216,
	"Name" : "轻量核弹",
	"Type" : 5,
	"SkillTipsID" : 13,
	"EffectID" : 4002,
	"CostItem" : "11901002,1",
	"Param" : "60,250,375,10,375,500,20,500,750,5,750,1250,5,1250,2500"
},
{
	"ID" : 217,
	"Name" : "巨型核弹",
	"Type" : 5,
	"SkillTipsID" : 14,
	"EffectID" : 4003,
	"CostItem" : "11901003,1",
	"Param" : "60,1000,1500,15,1500,2000,15,2000,3000,5,3000,5000,5,5000,10000"
},
{
	"ID" : 218,
	"Name" : "“邱小姐”核弹",
	"Type" : 5,
	"SkillTipsID" : 15,
	"EffectID" : 4004,
	"CostItem" : "11901004,1",
	"Param" : "60,5000,7500,15,7500,10000,15,10000,15000,5,15000,25000,5,25000,50000"
},
{
	"ID" : 219,
	"Name" : "“小男孩”核弹",
	"Type" : 5,
	"SkillTipsID" : 18,
	"EffectID" : 4002,
	"CostDiamond" : 200,
	"Param" : "60,250,375,10,375,500,20,500,750,5,750,1250,5,1250,2500"
},
{
	"ID" : 220,
	"Name" : "新手核弹",
	"Type" : 5,
	"SkillTipsID" : 19,
	"EffectID" : 4001,
	"CostItem" : "11901006,1",
	"Param" : "60,5,8,40,8,20"
}
]