[
{
	"SoundID" : 0, 
	"SoundName" : "", 
	"SoundPath" : "", 
	"SoundTime" : 0, 
	"SoundType" : 0
},
{
	"SoundID" : 1,
	"SoundName" : "按钮",
	"SoundPath" : "S_button",
	"SoundTime" : 1000,
	"SoundType" : 2
},
{
	"SoundID" : 2,
	"SoundName" : "钻石掉落",
	"SoundPath" : "S_diamond_drop",
	"SoundTime" : 12000,
	"SoundType" : 2
},
{
	"SoundID" : 3,
	"SoundName" : "鱼死亡音效",
	"SoundPath" : "S_die_C01",
	"SoundTime" : 3000,
	"SoundType" : 2
},
{
	"SoundID" : 4,
	"SoundName" : "鱼死亡音效",
	"SoundPath" : "S_die_C02",
	"SoundTime" : 2000,
	"SoundType" : 2
},
{
	"SoundID" : 5,
	"SoundName" : "鱼死亡音效",
	"SoundPath" : "S_die_C03",
	"SoundTime" : 2000,
	"SoundType" : 2
},
{
	"SoundID" : 6,
	"SoundName" : "鱼死亡音效",
	"SoundPath" : "S_die_C04",
	"SoundTime" : 3000,
	"SoundType" : 2
},
{
	"SoundID" : 7,
	"SoundName" : "鱼死亡音效",
	"SoundPath" : "S_die_F05",
	"SoundTime" : 2000,
	"SoundType" : 2
},
{
	"SoundID" : 8,
	"SoundName" : "鱼死亡音效",
	"SoundPath" : "S_die_F06",
	"SoundTime" : 3000,
	"SoundType" : 2
},
{
	"SoundID" : 9,
	"SoundName" : "鱼死亡音效",
	"SoundPath" : "S_die_F08",
	"SoundTime" : 3000,
	"SoundType" : 2
},
{
	"SoundID" : 10,
	"SoundName" : "鱼死亡音效",
	"SoundPath" : "S_die_F09",
	"SoundTime" : 2000,
	"SoundType" : 2
},
{
	"SoundID" : 11,
	"SoundName" : "鱼死亡音效",
	"SoundPath" : "S_die_F10",
	"SoundTime" : 1000,
	"SoundType" : 2
},
{
	"SoundID" : 12,
	"SoundName" : "鱼死亡音效",
	"SoundPath" : "S_die_M05",
	"SoundTime" : 2000,
	"SoundType" : 2
},
{
	"SoundID" : 13,
	"SoundName" : "鱼死亡音效",
	"SoundPath" : "S_die_M06",
	"SoundTime" : 1000,
	"SoundType" : 2
},
{
	"SoundID" : 14,
	"SoundName" : "鱼死亡音效",
	"SoundPath" : "S_die_M07",
	"SoundTime" : 2000,
	"SoundType" : 2
},
{
	"SoundID" : 15,
	"SoundName" : "鱼死亡音效",
	"SoundPath" : "S_die_M08",
	"SoundTime" : 1000,
	"SoundType" : 2
},
{
	"SoundID" : 16,
	"SoundName" : "鱼死亡音效",
	"SoundPath" : "S_die_M09",
	"SoundTime" : 2000,
	"SoundType" : 2
},
{
	"SoundID" : 17,
	"SoundName" : "鱼死亡音效",
	"SoundPath" : "S_die_M11",
	"SoundTime" : 3000,
	"SoundType" : 2
},
{
	"SoundID" : 18,
	"SoundName" : "金币获得",
	"SoundPath" : "S_gold_get",
	"SoundTime" : 1000,
	"SoundType" : 2
},
{
	"SoundID" : 19,
	"SoundName" : "大厅背景音",
	"SoundPath" : "S_hall_bg",
	"SoundTime" : 45000,
	"SoundType" : 1
},
{
	"SoundID" : 20,
	"SoundName" : "炮台和人物升级",
	"SoundPath" : "S_level_up",
	"SoundTime" : 1000,
	"SoundType" : 2
},
{
	"SoundID" : 21,
	"SoundName" : "任务接受，小鱼出场",
	"SoundPath" : "S_quest_accept",
	"SoundTime" : 1000,
	"SoundType" : 2
},
{
	"SoundID" : 22,
	"SoundName" : "任务完成",
	"SoundPath" : "S_quest_finish",
	"SoundTime" : 2000,
	"SoundType" : 2
},
{
	"SoundID" : 23,
	"SoundName" : "房间背景音乐1",
	"SoundPath" : "S_room_bg1",
	"SoundTime" : 46000,
	"SoundType" : 1
},
{
	"SoundID" : 24,
	"SoundName" : "房间背景音乐2",
	"SoundPath" : "S_room_bg2",
	"SoundTime" : 56000,
	"SoundType" : 1
},
{
	"SoundID" : 25,
	"SoundName" : "房间背景音乐3",
	"SoundPath" : "S_room_bg3",
	"SoundTime" : 23000,
	"SoundType" : 1
},
{
	"SoundID" : 26,
	"SoundName" : "房间背景音乐4",
	"SoundPath" : "S_room_boss_battle",
	"SoundTime" : 53000,
	"SoundType" : 1
},
{
	"SoundID" : 27,
	"SoundName" : "子弹发射1",
	"SoundPath" : "S_shot1",
	"SoundTime" : 500,
	"SoundType" : 2
},
{
	"SoundID" : 28,
	"SoundName" : "子弹发射10",
	"SoundPath" : "S_shot10",
	"SoundTime" : 1000,
	"SoundType" : 2
},
{
	"SoundID" : 29,
	"SoundName" : "子弹发射11",
	"SoundPath" : "S_shot11",
	"SoundTime" : 500,
	"SoundType" : 2
},
{
	"SoundID" : 30,
	"SoundName" : "子弹发射12",
	"SoundPath" : "S_shot12",
	"SoundTime" : 500,
	"SoundType" : 2
},
{
	"SoundID" : 31,
	"SoundName" : "子弹发射2",
	"SoundPath" : "S_shot2",
	"SoundTime" : 500,
	"SoundType" : 2
},
{
	"SoundID" : 32,
	"SoundName" : "子弹发射3",
	"SoundPath" : "S_shot3",
	"SoundTime" : 500,
	"SoundType" : 2
},
{
	"SoundID" : 33,
	"SoundName" : "子弹发射4",
	"SoundPath" : "S_shot4",
	"SoundTime" : 500,
	"SoundType" : 2
},
{
	"SoundID" : 34,
	"SoundName" : "子弹发射5",
	"SoundPath" : "S_shot5",
	"SoundTime" : 500,
	"SoundType" : 2
},
{
	"SoundID" : 35,
	"SoundName" : "子弹发射6",
	"SoundPath" : "S_shot6",
	"SoundTime" : 1000,
	"SoundType" : 2
},
{
	"SoundID" : 36,
	"SoundName" : "子弹发射7",
	"SoundPath" : "S_shot7",
	"SoundTime" : 1000,
	"SoundType" : 2
},
{
	"SoundID" : 37,
	"SoundName" : "子弹发射8",
	"SoundPath" : "S_shot8",
	"SoundTime" : 1000,
	"SoundType" : 2
},
{
	"SoundID" : 38,
	"SoundName" : "子弹发射9",
	"SoundPath" : "S_shot9",
	"SoundTime" : 500,
	"SoundType" : 2
},
{
	"SoundID" : 39,
	"SoundName" : "技能",
	"SoundPath" : "S_skill_big_bang",
	"SoundTime" : 3000,
	"SoundType" : 2
},
{
	"SoundID" : 40,
	"SoundName" : "技能",
	"SoundPath" : "S_skill_bomb",
	"SoundTime" : 2000,
	"SoundType" : 2
},
{
	"SoundID" : 41,
	"SoundName" : "技能",
	"SoundPath" : "S_skill_electricity",
	"SoundTime" : 1000,
	"SoundType" : 2
},
{
	"SoundID" : 42,
	"SoundName" : "技能",
	"SoundPath" : "S_skill_explosion",
	"SoundTime" : 1000,
	"SoundType" : 2
},
{
	"SoundID" : 43,
	"SoundName" : "技能",
	"SoundPath" : "S_skill_ice",
	"SoundTime" : 1000,
	"SoundType" : 2
},
{
	"SoundID" : 44,
	"SoundName" : "技能",
	"SoundPath" : "S_skill_laserShot",
	"SoundTime" : 2000,
	"SoundType" : 2
},
{
	"SoundID" : 45,
	"SoundName" : "技能",
	"SoundPath" : "S_skill_lightning",
	"SoundTime" : 2000,
	"SoundType" : 2
},
{
	"SoundID" : 46,
	"SoundName" : "翅膀技能名",
	"SoundPath" : "S_skill_name_T10",
	"SoundTime" : 1000,
	"SoundType" : 2
},
{
	"SoundID" : 47,
	"SoundName" : "翅膀技能名",
	"SoundPath" : "S_skill_name_T11",
	"SoundTime" : 3000,
	"SoundType" : 2
},
{
	"SoundID" : 48,
	"SoundName" : "翅膀技能名",
	"SoundPath" : "S_skill_name_T12",
	"SoundTime" : 2000,
	"SoundType" : 2
},
{
	"SoundID" : 49,
	"SoundName" : "翅膀技能名",
	"SoundPath" : "S_skill_name_T3",
	"SoundTime" : 2000,
	"SoundType" : 2
},
{
	"SoundID" : 50,
	"SoundName" : "翅膀技能名",
	"SoundPath" : "S_skill_name_T4",
	"SoundTime" : 2000,
	"SoundType" : 2
},
{
	"SoundID" : 51,
	"SoundName" : "翅膀技能名",
	"SoundPath" : "S_skill_name_T5",
	"SoundTime" : 2000,
	"SoundType" : 2
},
{
	"SoundID" : 52,
	"SoundName" : "翅膀技能名",
	"SoundPath" : "S_skill_name_T6",
	"SoundTime" : 1000,
	"SoundType" : 2
},
{
	"SoundID" : 53,
	"SoundName" : "翅膀技能名",
	"SoundPath" : "S_skill_name_T7",
	"SoundTime" : 2000,
	"SoundType" : 2
},
{
	"SoundID" : 54,
	"SoundName" : "翅膀技能名",
	"SoundPath" : "S_skill_name_T8",
	"SoundTime" : 3000,
	"SoundType" : 2
},
{
	"SoundID" : 55,
	"SoundName" : "翅膀技能名",
	"SoundPath" : "S_skill_name_T9",
	"SoundTime" : 3000,
	"SoundType" : 2
},
{
	"SoundID" : 56,
	"SoundName" : "升星",
	"SoundPath" : "S_star_up",
	"SoundTime" : 2000,
	"SoundType" : 2
},
{
	"SoundID" : 57,
	"SoundName" : "三英占吕布",
	"SoundPath" : "S_T3_death",
	"SoundTime" : 1000,
	"SoundType" : 2
},
{
	"SoundID" : 58,
	"SoundName" : "三英占吕布",
	"SoundPath" : "S_T3_idle1",
	"SoundTime" : 4000,
	"SoundType" : 2
},
{
	"SoundID" : 59,
	"SoundName" : "三英占吕布",
	"SoundPath" : "S_T3_idle2",
	"SoundTime" : 1000,
	"SoundType" : 2
},
{
	"SoundID" : 60,
	"SoundName" : "三英占吕布",
	"SoundPath" : "S_T3_idle3",
	"SoundTime" : 3000,
	"SoundType" : 2
},
{
	"SoundID" : 61,
	"SoundName" : "三英占吕布",
	"SoundPath" : "S_T4_idle1",
	"SoundTime" : 4000,
	"SoundType" : 2
},
{
	"SoundID" : 62,
	"SoundName" : "三英占吕布",
	"SoundPath" : "S_T4_idle2",
	"SoundTime" : 5000,
	"SoundType" : 2
},
{
	"SoundID" : 63,
	"SoundName" : "三英占吕布",
	"SoundPath" : "S_T7_death",
	"SoundTime" : 3000,
	"SoundType" : 2
},
{
	"SoundID" : 64,
	"SoundName" : "三英占吕布",
	"SoundPath" : "S_T7_idle1",
	"SoundTime" : 4000,
	"SoundType" : 2
},
{
	"SoundID" : 65,
	"SoundName" : "三英占吕布",
	"SoundPath" : "S_T8_idle2",
	"SoundTime" : 3000,
	"SoundType" : 2
},
{
	"SoundID" : 66,
	"SoundName" : "转盘1",
	"SoundPath" : "S_turn_table1",
	"SoundTime" : 2000,
	"SoundType" : 2
},
{
	"SoundID" : 67,
	"SoundName" : "转盘2",
	"SoundPath" : "S_turn_table2",
	"SoundTime" : 1000,
	"SoundType" : 2
},
{
	"SoundID" : 68,
	"SoundName" : "奖励获得",
	"SoundPath" : "S_ui_show",
	"SoundTime" : 1000,
	"SoundType" : 2
},
{
	"SoundID" : 69,
	"SoundName" : "八卦阵",
	"SoundPath" : "S_turntable_award",
	"SoundTime" : 1000,
	"SoundType" : 2
},
{
	"SoundID" : 70,
	"SoundName" : "八卦阵",
	"SoundPath" : "S_turntable_dada",
	"SoundTime" : 1000,
	"SoundType" : 2
},
{
	"SoundID" : 71,
	"SoundName" : "八卦阵",
	"SoundPath" : "S_turntable_start",
	"SoundTime" : 1000,
	"SoundType" : 2
},
{
	"SoundID" : 72,
	"SoundName" : "Combo",
	"SoundPath" : "S_moveGold",
	"SoundTime" : 1000,
	"SoundType" : 2
},
{
	"SoundID" : 73,
	"SoundName" : "高倍击杀通知",
	"SoundPath" : "S_quest_finish",
	"SoundTime" : 1000,
	"SoundType" : 2
},
{
	"SoundID" : 74,
	"SoundName" : "倒计时",
	"SoundPath" : "S_count_down",
	"SoundTime" : 4000,
	"SoundType" : 2
},
{
	"SoundID" : 75,
	"SoundName" : "通关成功",
	"SoundPath" : "S_success",
	"SoundTime" : 3000,
	"SoundType" : 2
},
{
	"SoundID" : 76,
	"SoundName" : "通关失败",
	"SoundPath" : "S_failed",
	"SoundTime" : 3000,
	"SoundType" : 2
},
{
	"SoundID" : 77,
	"SoundName" : "爆炸",
	"SoundPath" : "S_skill_explosion2",
	"SoundTime" : 4000,
	"SoundType" : 2
},
{
	"SoundID" : 78,
	"SoundName" : "警告",
	"SoundPath" : "S_warning",
	"SoundTime" : 2000,
	"SoundType" : 2
},
{
	"SoundID" : 79,
	"SoundName" : "翅膀技能名",
	"SoundPath" : "S_skill_airflow",
	"SoundTime" : 1000,
	"SoundType" : 2
},
{
	"SoundID" : 80,
	"SoundName" : "翅膀技能名",
	"SoundPath" : "S_skill_arrow",
	"SoundTime" : 1000,
	"SoundType" : 2
},
{
	"SoundID" : 81,
	"SoundName" : "翅膀技能名",
	"SoundPath" : "S_skill_boxing",
	"SoundTime" : 1000,
	"SoundType" : 2
},
{
	"SoundID" : 82,
	"SoundName" : "翅膀技能名",
	"SoundPath" : "S_skill_fire_rain",
	"SoundTime" : 1000,
	"SoundType" : 2
},
{
	"SoundID" : 83,
	"SoundName" : "翅膀技能名",
	"SoundPath" : "S_skill_flip_card",
	"SoundTime" : 1000,
	"SoundType" : 2
},
{
	"SoundID" : 84,
	"SoundName" : "翅膀技能名",
	"SoundPath" : "S_skill_hit_ground",
	"SoundTime" : 1000,
	"SoundType" : 2
},
{
	"SoundID" : 85,
	"SoundName" : "翅膀技能名",
	"SoundPath" : "S_skill_metal",
	"SoundTime" : 1000,
	"SoundType" : 2
},
{
	"SoundID" : 86,
	"SoundName" : "翅膀技能名",
	"SoundPath" : "S_skill_phoenix",
	"SoundTime" : 1000,
	"SoundType" : 2
},
{
	"SoundID" : 87,
	"SoundName" : "翅膀技能名",
	"SoundPath" : "S_skill_strong_wind",
	"SoundTime" : 3000,
	"SoundType" : 2
},
{
	"SoundID" : 88,
	"SoundName" : "翅膀技能名",
	"SoundPath" : "S_skill_sword",
	"SoundTime" : 1000,
	"SoundType" : 2
},
{
	"SoundID" : 89,
	"SoundName" : "翅膀技能名",
	"SoundPath" : "S_skill_sword_fly",
	"SoundTime" : 2000,
	"SoundType" : 2
},
{
	"SoundID" : 90,
	"SoundName" : "翅膀技能名",
	"SoundPath" : "S_skill_tornado",
	"SoundTime" : 3000,
	"SoundType" : 2
},
{
	"SoundID" : 91,
	"SoundName" : "鱼死亡音效",
	"SoundPath" : "S_die_C05",
	"SoundTime" : 1000,
	"SoundType" : 2
},
{
	"SoundID" : 92,
	"SoundName" : "鱼死亡音效",
	"SoundPath" : "S_die_F11",
	"SoundTime" : 2000,
	"SoundType" : 2
},
{
	"SoundID" : 93,
	"SoundName" : "鱼死亡音效",
	"SoundPath" : "S_die_F12",
	"SoundTime" : 2000,
	"SoundType" : 2
},
{
	"SoundID" : 94,
	"SoundName" : "鱼死亡音效",
	"SoundPath" : "S_die_F13",
	"SoundTime" : 2000,
	"SoundType" : 2
},
{
	"SoundID" : 95,
	"SoundName" : "鱼死亡音效",
	"SoundPath" : "S_die_F14",
	"SoundTime" : 2000,
	"SoundType" : 2
},
{
	"SoundID" : 96,
	"SoundName" : "鱼死亡音效",
	"SoundPath" : "S_die_F15",
	"SoundTime" : 3000,
	"SoundType" : 2
},
{
	"SoundID" : 97,
	"SoundName" : "鱼死亡音效",
	"SoundPath" : "S_die_F16",
	"SoundTime" : 2000,
	"SoundType" : 2
},
{
	"SoundID" : 98,
	"SoundName" : "鱼死亡音效",
	"SoundPath" : "S_die_F17",
	"SoundTime" : 2000,
	"SoundType" : 2
},
{
	"SoundID" : 99,
	"SoundName" : "鱼死亡音效",
	"SoundPath" : "S_die_F18",
	"SoundTime" : 2000,
	"SoundType" : 2
},
{
	"SoundID" : 100,
	"SoundName" : "鱼死亡音效",
	"SoundPath" : "S_die_M12",
	"SoundTime" : 1000,
	"SoundType" : 2
},
{
	"SoundID" : 101,
	"SoundName" : "鱼死亡音效",
	"SoundPath" : "S_die_M13",
	"SoundTime" : 1000,
	"SoundType" : 2
},
{
	"SoundID" : 102,
	"SoundName" : "鱼死亡音效",
	"SoundPath" : "S_die_M14",
	"SoundTime" : 1000,
	"SoundType" : 2
},
{
	"SoundID" : 103,
	"SoundName" : "鱼死亡音效",
	"SoundPath" : "S_die_M15",
	"SoundTime" : 2000,
	"SoundType" : 2
},
{
	"SoundID" : 104,
	"SoundName" : "三英占吕布",
	"SoundPath" : "S_T3_idle4",
	"SoundTime" : 1000,
	"SoundType" : 2
},
{
	"SoundID" : 105,
	"SoundName" : "三英占吕布",
	"SoundPath" : "S_T4_death",
	"SoundTime" : 3000,
	"SoundType" : 2
},
{
	"SoundID" : 106,
	"SoundName" : "三英占吕布",
	"SoundPath" : "S_T4_idle3",
	"SoundTime" : 3000,
	"SoundType" : 2
},
{
	"SoundID" : 107,
	"SoundName" : "三英占吕布",
	"SoundPath" : "S_T4_idle4",
	"SoundTime" : 4000,
	"SoundType" : 2
},
{
	"SoundID" : 108,
	"SoundName" : "三英占吕布",
	"SoundPath" : "S_T7_idle2",
	"SoundTime" : 3000,
	"SoundType" : 2
},
{
	"SoundID" : 109,
	"SoundName" : "三英占吕布",
	"SoundPath" : "S_T7_idle3",
	"SoundTime" : 3000,
	"SoundType" : 2
},
{
	"SoundID" : 110,
	"SoundName" : "三英占吕布",
	"SoundPath" : "S_T7_idle4",
	"SoundTime" : 2000,
	"SoundType" : 2
},
{
	"SoundID" : 111,
	"SoundName" : "三英占吕布",
	"SoundPath" : "S_T8_death",
	"SoundTime" : 4000,
	"SoundType" : 2
},
{
	"SoundID" : 112,
	"SoundName" : "三英占吕布",
	"SoundPath" : "S_T8_idle1",
	"SoundTime" : 4000,
	"SoundType" : 2
},
{
	"SoundID" : 113,
	"SoundName" : "三英占吕布",
	"SoundPath" : "S_T8_idle3",
	"SoundTime" : 4000,
	"SoundType" : 2
},
{
	"SoundID" : 114,
	"SoundName" : "三英占吕布",
	"SoundPath" : "S_T8_idle4",
	"SoundTime" : 4000,
	"SoundType" : 2
},
{
	"SoundID" : 115,
	"SoundName" : "商品介绍",
	"SoundPath" : "S_signup",
	"SoundTime" : 8000,
	"SoundType" : 2
},
{
	"SoundID" : 116,
	"SoundName" : "商品介绍",
	"SoundPath" : "S_monthcard",
	"SoundTime" : 8000,
	"SoundType" : 2
},
{
	"SoundID" : 117,
	"SoundName" : "新手引导",
	"SoundPath" : "S_guide_1",
	"SoundTime" : 3000,
	"SoundType" : 2
},
{
	"SoundID" : 118,
	"SoundName" : "新手引导",
	"SoundPath" : "S_guide_2",
	"SoundTime" : 2000,
	"SoundType" : 2
},
{
	"SoundID" : 119,
	"SoundName" : "新手引导",
	"SoundPath" : "S_guide_3",
	"SoundTime" : 2000,
	"SoundType" : 2
},
{
	"SoundID" : 120,
	"SoundName" : "新手引导",
	"SoundPath" : "S_guide_4",
	"SoundTime" : 3000,
	"SoundType" : 2
},
{
	"SoundID" : 121,
	"SoundName" : "新手引导",
	"SoundPath" : "S_guide_5",
	"SoundTime" : 4000,
	"SoundType" : 2
},
{
	"SoundID" : 122,
	"SoundName" : "新手引导",
	"SoundPath" : "S_guide_6",
	"SoundTime" : 4000,
	"SoundType" : 2
},
{
	"SoundID" : 123,
	"SoundName" : "新手引导",
	"SoundPath" : "S_guide_7",
	"SoundTime" : 4000,
	"SoundType" : 2
},
{
	"SoundID" : 124,
	"SoundName" : "新手引导",
	"SoundPath" : "S_guide_8",
	"SoundTime" : 2000,
	"SoundType" : 2
},
{
	"SoundID" : 125,
	"SoundName" : "新手引导",
	"SoundPath" : "S_guide_9",
	"SoundTime" : 3000,
	"SoundType" : 2
},
{
	"SoundID" : 126,
	"SoundName" : "新手引导",
	"SoundPath" : "S_guide_10",
	"SoundTime" : 4000,
	"SoundType" : 2
},
{
	"SoundID" : 127,
	"SoundName" : "九尾的声音",
	"SoundPath" : "S_skill_rip",
	"SoundTime" : 1000,
	"SoundType" : 2
},
{
	"SoundID" : 128,
	"SoundName" : "小boss，暴富啦全屏展示",
	"SoundPath" : "S_ScreenTipsBoss1",
	"SoundTime" : 4000,
	"SoundType" : 2
},
{
	"SoundID" : 129,
	"SoundName" : "大boss，暴富啦全屏展示，有模型动作",
	"SoundPath" : "S_ScreenTipsBoss2",
	"SoundTime" : 4000,
	"SoundType" : 2
},
{
	"SoundID" : 130,
	"SoundName" : "转盘声音",
	"SoundPath" : "S_Turntable",
	"SoundTime" : 5000,
	"SoundType" : 2
},
{
	"SoundID" : 131,
	"SoundName" : "转盘中奖",
	"SoundPath" : "S_TurntableBingo",
	"SoundTime" : 1000,
	"SoundType" : 2
},
{
	"SoundID" : 132,
	"SoundName" : "抽到话费",
	"SoundPath" : "S_red_envelope",
	"SoundTime" : 2000,
	"SoundType" : 2
},
{
	"SoundID" : 133,
	"SoundName" : "红包洗牌",
	"SoundPath" : "S_shuffle",
	"SoundTime" : 2000,
	"SoundType" : 2
},
{
	"SoundID" : 134,
	"SoundName" : "鱼潮房间背景",
	"SoundPath" : "S_room_bg4",
	"SoundTime" : 26000,
	"SoundType" : 1
},
{
	"SoundID" : 135,
	"SoundName" : "房间背景，boss战",
	"SoundPath" : "S_room_boss_battle2",
	"SoundTime" : 26000,
	"SoundType" : 1
},
{
	"SoundID" : 136,
	"SoundName" : "房间背景，boss战",
	"SoundPath" : "S_room_boss_battle3",
	"SoundTime" : 25000,
	"SoundType" : 1
},
{
	"SoundID" : 137,
	"SoundName" : "世界boss出场",
	"SoundPath" : "S_warning2",
	"SoundTime" : 2000,
	"SoundType" : 2
},
{
	"SoundID" : 138,
	"SoundName" : "召唤boss号角",
	"SoundPath" : "S_summon",
	"SoundTime" : 2000,
	"SoundType" : 2
},
{
	"SoundID" : 139,
	"SoundName" : "核弹活动获得羁绊",
	"SoundPath" : "S_nuclear_relation",
	"SoundTime" : 1500,
	"SoundType" : 2
},
{
	"SoundID" : 140,
	"SoundName" : "核弹场开牌",
	"SoundPath" : "S_nuclear_open",
	"SoundTime" : 4000,
	"SoundType" : 2
},
{
	"SoundID" : 141,
	"SoundName" : "核弹场自动开炮",
	"SoundPath" : "S_nuclear_open_auto",
	"SoundTime" : 4500,
	"SoundType" : 2
},
{
	"SoundID" : 142,
	"SoundName" : "宝箱鱼转起来",
	"SoundPath" : "S_treasure_turning",
	"SoundTime" : 2000,
	"SoundType" : 2
},
{
	"SoundID" : 143,
	"SoundName" : "宝箱鱼停",
	"SoundPath" : "S_treasure_stop",
	"SoundTime" : 500,
	"SoundType" : 2
},
{
	"SoundID" : 144,
	"SoundName" : "超级武器火柱",
	"SoundPath" : "S_sw_burning",
	"SoundTime" : 2000,
	"SoundType" : 2
}
]