[
{
	"ID" : 0, 
	"SoundGroup" : ""
},
{
	"ID" : 1,
	"SoundGroup" : "3,5,7,9,11,12,13,14,15,91,92,93,94,95,99,100"
},
{
	"ID" : 2,
	"SoundGroup" : "4,6,8,10,96,97,98"
},
{
	"ID" : 3,
	"SoundGroup" : "17,16,100,101,102,103"
},
{
	"ID" : 4,
	"SoundGroup" : "58,59,60,104"
},
{
	"ID" : 5,
	"SoundGroup" : "61,62,106,107"
},
{
	"ID" : 6,
	"SoundGroup" : "64,108,109,110"
},
{
	"ID" : 7,
	"SoundGroup" : "65,112,113,114"
},
{
	"ID" : 8,
	"SoundGroup" : "57"
},
{
	"ID" : 9,
	"SoundGroup" : "105"
},
{
	"ID" : 10,
	"SoundGroup" : "63"
},
{
	"ID" : 11,
	"SoundGroup" : "111"
},
{
	"ID" : 12,
	"SoundGroup" : "98"
},
{
	"ID" : 13,
	"SoundGroup" : "10"
}
]