[
{
	"ID" : 0, 
	"BossID" : 0, 
	"RankMin" : 0, 
	"RankMax" : 0, 
	"KillRewardLoot" : 0, 
	"KillRewardMail" : 0, 
	"RateRewardLoot" : 0, 
	"RateRewardMail" : 0
},
{
	"ID" : 1,
	"BossID" : 312,
	"RankMin" : 1,
	"RankMax" : 1,
	"KillRewardLoot" : 10131001,
	"KillRewardMail" : 46,
	"RateRewardLoot" : 10131101,
	"RateRewardMail" : 47
},
{
	"ID" : 2,
	"BossID" : 312,
	"RankMin" : 2,
	"RankMax" : 3,
	"KillRewardLoot" : 10131002,
	"KillRewardMail" : 46,
	"RateRewardLoot" : 10131102,
	"RateRewardMail" : 47
},
{
	"ID" : 3,
	"BossID" : 312,
	"RankMin" : 4,
	"RankMax" : 10,
	"KillRewardLoot" : 10131003,
	"KillRewardMail" : 46,
	"RateRewardLoot" : 10131103,
	"RateRewardMail" : 47
},
{
	"ID" : 4,
	"BossID" : 312,
	"RankMin" : 11,
	"RankMax" : 20,
	"KillRewardLoot" : 10131004,
	"KillRewardMail" : 46,
	"RateRewardLoot" : 10131104,
	"RateRewardMail" : 47
},
{
	"ID" : 5,
	"BossID" : 312,
	"RankMin" : 21,
	"RankMax" : 50,
	"KillRewardLoot" : 10131005,
	"KillRewardMail" : 46,
	"RateRewardLoot" : 10131105,
	"RateRewardMail" : 47
},
{
	"ID" : 6,
	"BossID" : 311,
	"RankMin" : 1,
	"RankMax" : 1,
	"KillRewardLoot" : 10131006,
	"KillRewardMail" : 50,
	"RateRewardLoot" : 10131106,
	"RateRewardMail" : 51
},
{
	"ID" : 7,
	"BossID" : 311,
	"RankMin" : 2,
	"RankMax" : 3,
	"KillRewardLoot" : 10131007,
	"KillRewardMail" : 50,
	"RateRewardLoot" : 10131107,
	"RateRewardMail" : 51
},
{
	"ID" : 8,
	"BossID" : 311,
	"RankMin" : 4,
	"RankMax" : 10,
	"KillRewardLoot" : 10131008,
	"KillRewardMail" : 50,
	"RateRewardLoot" : 10131108,
	"RateRewardMail" : 51
},
{
	"ID" : 9,
	"BossID" : 311,
	"RankMin" : 11,
	"RankMax" : 20,
	"KillRewardLoot" : 10131009,
	"KillRewardMail" : 50,
	"RateRewardLoot" : 10131109,
	"RateRewardMail" : 51
},
{
	"ID" : 10,
	"BossID" : 311,
	"RankMin" : 21,
	"RankMax" : 50,
	"KillRewardLoot" : 10131010,
	"KillRewardMail" : 50,
	"RateRewardLoot" : 10131110,
	"RateRewardMail" : 51
},
{
	"ID" : 11,
	"BossID" : 313,
	"RankMin" : 1,
	"RankMax" : 1,
	"KillRewardLoot" : 10131011,
	"KillRewardMail" : 48,
	"RateRewardLoot" : 10131111,
	"RateRewardMail" : 49
},
{
	"ID" : 12,
	"BossID" : 313,
	"RankMin" : 2,
	"RankMax" : 3,
	"KillRewardLoot" : 10131012,
	"KillRewardMail" : 48,
	"RateRewardLoot" : 10131112,
	"RateRewardMail" : 49
},
{
	"ID" : 13,
	"BossID" : 313,
	"RankMin" : 4,
	"RankMax" : 10,
	"KillRewardLoot" : 10131013,
	"KillRewardMail" : 48,
	"RateRewardLoot" : 10131113,
	"RateRewardMail" : 49
},
{
	"ID" : 14,
	"BossID" : 313,
	"RankMin" : 11,
	"RankMax" : 20,
	"KillRewardLoot" : 10131014,
	"KillRewardMail" : 48,
	"RateRewardLoot" : 10131114,
	"RateRewardMail" : 49
},
{
	"ID" : 15,
	"BossID" : 313,
	"RankMin" : 21,
	"RankMax" : 50,
	"KillRewardLoot" : 10131015,
	"KillRewardMail" : 48,
	"RateRewardLoot" : 10131115,
	"RateRewardMail" : 49
},
{
	"ID" : 16,
	"BossID" : 314,
	"RankMin" : 1,
	"RankMax" : 1,
	"KillRewardLoot" : 10131011,
	"KillRewardMail" : 59,
	"RateRewardLoot" : 10131111,
	"RateRewardMail" : 60
},
{
	"ID" : 17,
	"BossID" : 314,
	"RankMin" : 2,
	"RankMax" : 3,
	"KillRewardLoot" : 10131012,
	"KillRewardMail" : 59,
	"RateRewardLoot" : 10131112,
	"RateRewardMail" : 60
},
{
	"ID" : 18,
	"BossID" : 314,
	"RankMin" : 4,
	"RankMax" : 10,
	"KillRewardLoot" : 10131013,
	"KillRewardMail" : 59,
	"RateRewardLoot" : 10131113,
	"RateRewardMail" : 60
},
{
	"ID" : 19,
	"BossID" : 314,
	"RankMin" : 11,
	"RankMax" : 20,
	"KillRewardLoot" : 10131014,
	"KillRewardMail" : 59,
	"RateRewardLoot" : 10131114,
	"RateRewardMail" : 60
},
{
	"ID" : 20,
	"BossID" : 314,
	"RankMin" : 21,
	"RankMax" : 50,
	"KillRewardLoot" : 10131015,
	"KillRewardMail" : 59,
	"RateRewardLoot" : 10131115,
	"RateRewardMail" : 60
},
{
	"ID" : 21,
	"BossID" : 100000,
	"RankMin" : 1,
	"RankMax" : 1,
	"KillRewardLoot" : 10131201,
	"KillRewardMail" : 55,
	"RateRewardLoot" : 10131301
},
{
	"ID" : 22,
	"BossID" : 100000,
	"RankMin" : 2,
	"RankMax" : 2,
	"KillRewardLoot" : 10131202,
	"KillRewardMail" : 55,
	"RateRewardLoot" : 10131302
},
{
	"ID" : 23,
	"BossID" : 100000,
	"RankMin" : 3,
	"RankMax" : 3,
	"KillRewardLoot" : 10131203,
	"KillRewardMail" : 55,
	"RateRewardLoot" : 10131303
},
{
	"ID" : 24,
	"BossID" : 100000,
	"RankMin" : 4,
	"RankMax" : 10,
	"KillRewardLoot" : 10131204,
	"KillRewardMail" : 55,
	"RateRewardLoot" : 10131204
},
{
	"ID" : 25,
	"BossID" : 100000,
	"RankMin" : 11,
	"RankMax" : 20,
	"KillRewardLoot" : 10131205,
	"KillRewardMail" : 55,
	"RateRewardLoot" : 10131205
},
{
	"ID" : 26,
	"BossID" : 100000,
	"RankMin" : 21,
	"RankMax" : 50,
	"KillRewardLoot" : 10131206,
	"KillRewardMail" : 55,
	"RateRewardLoot" : 10131206
}
]