[
{
	"ID" : 0, 
	"Name" : "", 
	"ResType" : 0, 
	"ResName" : "", 
	"Idle" : "idle", 
	"Action" : "action", 
	"BindPosition" : ""
},
{
	"ID" : 1,
	"Name" : "恶魔之翼",
	"ResType" : 1,
	"ResName" : "SP_S0_std",
	"BindPosition" : "-23,-35,0.95"
},
{
	"ID" : 2,
	"Name" : "玉追",
	"ResType" : 1,
	"ResName" : "SP_S6_std",
	"BindPosition" : "-23,-20,0.9"
},
{
	"ID" : 3,
	"Name" : "赤兔",
	"ResType" : 1,
	"ResName" : "SP_S7_std",
	"BindPosition" : "-23,-35,0.9"
},
{
	"ID" : 4,
	"Name" : "燎原",
	"ResType" : 1,
	"ResName" : "SP_S8_std",
	"BindPosition" : "-23,9,0.95"
},
{
	"ID" : 5,
	"Name" : "乌雅",
	"ResType" : 1,
	"ResName" : "SP_S9_std",
	"BindPosition" : "-23,-36,1.05"
},
{
	"ID" : 6,
	"Name" : "玉狮",
	"ResType" : 1,
	"ResName" : "SP_S10_std",
	"BindPosition" : "-24,5,0.9"
},
{
	"ID" : 7,
	"Name" : "黑虎",
	"ResType" : 1,
	"ResName" : "SP_S1_std",
	"BindPosition" : "-26,-19,1"
},
{
	"ID" : 8,
	"Name" : "幻赤",
	"ResType" : 1,
	"ResName" : "SP_S2_std",
	"BindPosition" : "-26,5,1"
},
{
	"ID" : 9,
	"Name" : "玉龙",
	"ResType" : 1,
	"ResName" : "SP_S5_std",
	"BindPosition" : "-27,-20,1"
},
{
	"ID" : 10,
	"Name" : "绝影",
	"ResType" : 1,
	"ResName" : "SP_S4_std",
	"BindPosition" : "-38,-20,1.05"
},
{
	"ID" : 11,
	"Name" : "的卢",
	"ResType" : 1,
	"ResName" : "SP_S3_std",
	"BindPosition" : "-26,5,0.88"
},
{
	"ID" : 12,
	"Name" : "添香",
	"ResType" : 1,
	"ResName" : "SP_S13_std",
	"BindPosition" : "-26,5,0.88"
},
{
	"ID" : 13,
	"Name" : "天使之翼",
	"ResType" : 1,
	"ResName" : "SP_S11_std",
	"BindPosition" : "-26,5,0.88"
},
{
	"ID" : 14,
	"Name" : "甄姬翅膀",
	"ResType" : 1,
	"ResName" : "SP_S14_std",
	"BindPosition" : "-26,5,0.88"
},
{
	"ID" : 15,
	"Name" : "大乔翅膀",
	"ResType" : 1,
	"ResName" : "SP_S15_std",
	"BindPosition" : "-26,5,0.88"
},
{
	"ID" : 16,
	"Name" : "小乔翅膀",
	"ResType" : 1,
	"ResName" : "SP_S16_std",
	"BindPosition" : "-26,5,0.88"
},
{
	"ID" : 17,
	"Name" : "孙尚香翅膀",
	"ResType" : 1,
	"ResName" : "SP_S17_std",
	"BindPosition" : "-26,5,0.88"
}
]