[
{
	"name" : "", 
	"flag" : 0, 
	"desc" : ""
},
{
	"name" : "month_card",
	"flag" : 1,
	"desc" : "超值月卡"
},
{
	"name" : "exchange",
	"flag" : 0,
	"desc" : "兑换中心"
},
{
	"name" : "video",
	"flag" : 0,
	"desc" : "视频有礼"
},
{
	"name" : "one_yuan",
	"flag" : 0,
	"desc" : "1元礼包"
},
{
	"name" : "first_charge",
	"flag" : 1,
	"desc" : "首充礼包"
},
{
	"name" : "sign_up",
	"flag" : 1,
	"desc" : "每日签到"
},
{
	"name" : "daily_discount",
	"flag" : 0,
	"desc" : "每日折扣"
},
{
	"name" : "lucky_bag",
	"flag" : 0,
	"desc" : "天降福袋"
},
{
	"name" : "code",
	"flag" : 0,
	"desc" : "兑换码"
},
{
	"name" : "realname_certification",
	"flag" : 1,
	"desc" : "关闭实名认证"
},
{
	"name" : "phone_bind",
	"flag" : 1,
	"desc" : "关闭手机号绑定"
},
{
	"name" : "CustomService",
	"flag" : 0,
	"desc" : "客服"
},
{
	"name" : "CustomService2",
	"flag" : 0,
	"desc" : "只有电话的客服"
},
{
	"name" : "newbie_carnival",
	"flag" : 0,
	"desc" : "七日嘉年华"
},
{
	"name" : "login_ontime",
	"flag" : 0,
	"desc" : "准点在线"
},
{
	"name" : "turntable",
	"flag" : 0,
	"desc" : "转盘"
},
{
	"name" : "insurance",
	"flag" : 0,
	"desc" : "保险"
},
{
	"name" : "coupon_show",
	"flag" : 0,
	"desc" : "默认展示数字，1展示数字+人民币"
},
{
	"name" : "red_envelope",
	"flag" : 0,
	"desc" : "7日话费红包"
},
{
	"name" : "coupon_draw",
	"flag" : 0,
	"desc" : "兑换券抽奖"
},
{
	"name" : "condition_pop",
	"flag" : 0,
	"desc" : "pop弹窗"
},
{
	"name" : "nuclear_draw",
	"flag" : 1,
	"desc" : "核弹抽奖"
},
{
	"name" : "nuclear_exchange",
	"flag" : 0,
	"desc" : "核弹兑换"
},
{
	"name" : "general_task",
	"flag" : 1,
	"desc" : "通用活动"
},
{
	"name" : "hunter",
	"flag" : 0,
	"desc" : "赏金令"
},
{
	"name" : "general_task_1",
	"flag" : 1,
	"desc" : "通用活动2"
},
{
	"name" : "card_draw",
	"flag" : 1,
	"desc" : "三国卡牌"
},
{
	"name" : "ios_check",
	"flag" : 0,
	"desc" : "关闭ios审核"
},
{
	"name" : "free_draw",
	"flag" : 1,
	"desc" : "黄金鱼免费抽奖"
},
{
	"name" : "bomb_card",
	"flag" : 1,
	"desc" : "106场抽卡"
},
{
	"name" : "notice",
	"flag" : 0,
	"desc" : "系统公告"
}
]