[
{
	"ID" : 0, 
	"Type" : 0, 
	"Desc" : "", 
	"ResType" : 1, 
	"ResName" : "", 
	"ExtraGoldBox" : "", 
	"Description" : "", 
	"DescriptionLocalization" : "", 
	"SoundID" : 0, 
	"Param" : 0
},
{
	"ID" : 1,
	"Type" : 1,
	"Desc" : "奖金鱼，功能鱼，小boss",
	"ResType" : 1,
	"ResName" : "Hint_fish_2",
	"Description" : "爽爆了,惊呆了,你真牛,厉害bility",
	"DescriptionLocalization" : "Hint_FishGoldShow1,Hint_FishGoldShow2,Hint_FishGoldShow3,Hint_FishGoldShow4,Hint_FishGoldShow5"
},
{
	"ID" : 2,
	"Type" : 2,
	"Desc" : "大boss",
	"ResType" : 1,
	"ResName" : "Hint_fish_1",
	"Description" : "boss名",
	"DescriptionLocalization" : "Hint_FishName"
},
{
	"ID" : 3,
	"Type" : 3,
	"Desc" : "数字会跳动的样式，boss和翅膀都在用",
	"ResType" : 1,
	"ResName" : "Hint_fish_1",
	"Description" : "boss名",
	"DescriptionLocalization" : "Hint_FishName"
},
{
	"ID" : 4,
	"Type" : 4,
	"Desc" : "特殊boss，有额外的金币展示",
	"ResType" : 1,
	"ResName" : "Hint_fish_3",
	"ExtraGoldBox" : "T_Hint_fish_3",
	"Description" : "boss名",
	"DescriptionLocalization" : "Hint_FishName"
},
{
	"ID" : 5,
	"Type" : 5,
	"Desc" : "功能鱼，小boss进场",
	"ResType" : 1,
	"ResName" : "Hint_common_1",
	"Description" : "鱼名 出现了",
	"DescriptionLocalization" : "Hint_FishApperance",
	"SoundID" : 21
},
{
	"ID" : 6,
	"Type" : 6,
	"Desc" : "大boss进场",
	"ResType" : 1,
	"ResName" : "Hint_boss_1",
	"Description" : "boss名，最高XX倍",
	"SoundID" : 78
},
{
	"ID" : 7,
	"Type" : 7,
	"Desc" : "渔场切换",
	"ResType" : 1
},
{
	"ID" : 8,
	"Type" : 8,
	"Desc" : "任务接受",
	"ResType" : 1,
	"ResName" : "Hint_common_1",
	"Description" : "任务开始",
	"DescriptionLocalization" : "Hint_AcceptQuest",
	"SoundID" : 21
},
{
	"ID" : 9,
	"Type" : 9,
	"Desc" : "高倍率击杀通告",
	"ResType" : 1,
	"ResName" : "Hint_feedback_1",
	"ExtraGoldBox" : "T_Hint_fish_lvbu",
	"Description" : "击杀 鱼名",
	"DescriptionLocalization" : "Hint_FishKillNotice"
},
{
	"ID" : 10,
	"Type" : 2,
	"Desc" : "天降洪福",
	"ResType" : 1,
	"ResName" : "icon_fish_big surprise",
	"Description" : "天降鸿福",
	"DescriptionLocalization" : "Hint_BigSurprise"
},
{
	"ID" : 11,
	"Type" : 6,
	"Desc" : "大boss进场",
	"ResType" : 1,
	"ResName" : "Hint_boss_2",
	"Description" : "boss名，最高XX倍",
	"SoundID" : 78
},
{
	"ID" : 12,
	"Type" : 2,
	"Desc" : "微量核弹",
	"ResType" : 1,
	"ResName" : "T_nuclear_1",
	"Description" : "微量核弹",
	"DescriptionLocalization" : "Hint_Nuclear_1"
},
{
	"ID" : 13,
	"Type" : 2,
	"Desc" : "轻量核弹",
	"ResType" : 1,
	"ResName" : "T_nuclear_2",
	"Description" : "轻量核弹",
	"DescriptionLocalization" : "Hint_Nuclear_2"
},
{
	"ID" : 14,
	"Type" : 2,
	"Desc" : "巨型核弹",
	"ResType" : 1,
	"ResName" : "T_nuclear_3",
	"Description" : "巨型核弹",
	"DescriptionLocalization" : "Hint_Nuclear_3"
},
{
	"ID" : 15,
	"Type" : 2,
	"Desc" : "“邱小姐”核弹",
	"ResType" : 1,
	"ResName" : "T_nuclear_4",
	"Description" : "“邱小姐”核弹",
	"DescriptionLocalization" : "Hint_Nuclear_4"
},
{
	"ID" : 16,
	"Type" : 10,
	"Desc" : "小boss，暴富啦全屏展示",
	"ResType" : 1,
	"ResName" : "Effect_win2",
	"SoundID" : 128
},
{
	"ID" : 17,
	"Type" : 11,
	"Desc" : "大boss，暴富啦全屏展示，有模型动作",
	"ResType" : 1,
	"ResName" : "Effect_win1",
	"SoundID" : 129
},
{
	"ID" : 18,
	"Type" : 2,
	"Desc" : "“小男孩”核弹",
	"ResType" : 1,
	"ResName" : "T_nuclear_2",
	"Description" : "轻量核弹",
	"DescriptionLocalization" : "Hint_Nuclear_5"
},
{
	"ID" : 19,
	"Type" : 2,
	"Desc" : "实验核弹（新手核弹）",
	"ResType" : 1,
	"ResName" : "T_nuclear_1",
	"Description" : "微量核弹",
	"DescriptionLocalization" : "Hint_Nuclear_6"
},
{
	"ID" : 20,
	"Type" : 12,
	"Desc" : "美人鱼boss出场",
	"ResType" : 1,
	"ResName" : "Hint_boss_3",
	"ExtraGoldBox" : "UI_Hunter_meirenyu",
	"SoundID" : 137,
	"Param" : 604
},
{
	"ID" : 21,
	"Type" : 12,
	"Desc" : "财神boss出场",
	"ResType" : 1,
	"ResName" : "Hint_boss_3",
	"ExtraGoldBox" : "UI_Hunter_caishen",
	"SoundID" : 137,
	"Param" : 605
},
{
	"ID" : 22,
	"Type" : 10,
	"Desc" : "世界boss，暴富啦全屏展示",
	"ResType" : 1,
	"ResName" : "Effect_win3",
	"SoundID" : 129
},
{
	"ID" : 23,
	"Type" : 9,
	"Desc" : "高倍率击杀通告",
	"ResType" : 1,
	"ResName" : "Hint_feedback_1",
	"ExtraGoldBox" : "T_Hint_fish_meirenyu",
	"Description" : "击杀 鱼名",
	"DescriptionLocalization" : "Hint_FishKillNotice"
},
{
	"ID" : 24,
	"Type" : 9,
	"Desc" : "高倍率击杀通告",
	"ResType" : 1,
	"ResName" : "Hint_feedback_1",
	"ExtraGoldBox" : "T_Hint_fish_caishen",
	"Description" : "击杀 鱼名",
	"DescriptionLocalization" : "Hint_FishKillNotice"
},
{
	"ID" : 25,
	"Type" : 13,
	"Desc" : "核弹暴富啦",
	"ResType" : 1,
	"ResName" : "Effect_win4",
	"SoundID" : 128
}
]