[
{
	"ID" : 0, 
	"GroupID" : 0, 
	"Loot" : 0, 
	"PlayerWeight" : 0, 
	"ServerWeight" : 0
},
{
	"ID" : 1,
	"GroupID" : 1,
	"Loot" : 10161001,
	"PlayerWeight" : 500,
	"ServerWeight" : 300
},
{
	"ID" : 2,
	"GroupID" : 1,
	"Loot" : 10161002,
	"PlayerWeight" : 200,
	"ServerWeight" : 300
},
{
	"ID" : 3,
	"GroupID" : 1,
	"Loot" : 10161003,
	"PlayerWeight" : 200,
	"ServerWeight" : 300
},
{
	"ID" : 4,
	"GroupID" : 1,
	"Loot" : 10161004,
	"PlayerWeight" : 200,
	"ServerWeight" : 300
},
{
	"ID" : 5,
	"GroupID" : 1,
	"Loot" : 10161005,
	"PlayerWeight" : 200,
	"ServerWeight" : 300
},
{
	"ID" : 6,
	"GroupID" : 1,
	"Loot" : 10161006,
	"PlayerWeight" : 400,
	"ServerWeight" : 300
},
{
	"ID" : 7,
	"GroupID" : 1,
	"Loot" : 10161007,
	"PlayerWeight" : 300,
	"ServerWeight" : 300
},
{
	"ID" : 8,
	"GroupID" : 1,
	"Loot" : 10161008,
	"PlayerWeight" : 150,
	"ServerWeight" : 300
},
{
	"ID" : 9,
	"GroupID" : 1,
	"Loot" : 10161009,
	"PlayerWeight" : 150,
	"ServerWeight" : 300
},
{
	"ID" : 10,
	"GroupID" : 1,
	"Loot" : 10161010,
	"PlayerWeight" : 200,
	"ServerWeight" : 300
},
{
	"ID" : 11,
	"GroupID" : 1,
	"Loot" : 10161011,
	"PlayerWeight" : 400,
	"ServerWeight" : 300
},
{
	"ID" : 12,
	"GroupID" : 1,
	"Loot" : 10161012,
	"PlayerWeight" : 150,
	"ServerWeight" : 300
},
{
	"ID" : 13,
	"GroupID" : 1,
	"Loot" : 10161013,
	"PlayerWeight" : 50,
	"ServerWeight" : 300
},
{
	"ID" : 14,
	"GroupID" : 1,
	"Loot" : 10161014,
	"PlayerWeight" : 20,
	"ServerWeight" : 300
},
{
	"ID" : 15,
	"GroupID" : 1,
	"Loot" : 10161015,
	"PlayerWeight" : 40,
	"ServerWeight" : 300
},
{
	"ID" : 16,
	"GroupID" : 1,
	"Loot" : 10161016,
	"PlayerWeight" : 50,
	"ServerWeight" : 300
},
{
	"ID" : 17,
	"GroupID" : 1,
	"Loot" : 10161017,
	"PlayerWeight" : 50,
	"ServerWeight" : 300
},
{
	"ID" : 18,
	"GroupID" : 1,
	"Loot" : 10161018,
	"PlayerWeight" : 300,
	"ServerWeight" : 300
},
{
	"ID" : 19,
	"GroupID" : 1,
	"Loot" : 10161019,
	"PlayerWeight" : 300,
	"ServerWeight" : 300
},
{
	"ID" : 20,
	"GroupID" : 1,
	"Loot" : 10161020,
	"PlayerWeight" : 300,
	"ServerWeight" : 100
},
{
	"ID" : 21,
	"GroupID" : 1,
	"Loot" : 10161021,
	"PlayerWeight" : 150,
	"ServerWeight" : 100
},
{
	"ID" : 22,
	"GroupID" : 1,
	"Loot" : 10161022,
	"PlayerWeight" : 150,
	"ServerWeight" : 100
},
{
	"ID" : 23,
	"GroupID" : 1,
	"Loot" : 10161023,
	"PlayerWeight" : 100,
	"ServerWeight" : 100
},
{
	"ID" : 24,
	"GroupID" : 1,
	"Loot" : 10161024,
	"PlayerWeight" : 50,
	"ServerWeight" : 100
},
{
	"ID" : 25,
	"GroupID" : 1,
	"Loot" : 10161025,
	"PlayerWeight" : 50,
	"ServerWeight" : 100
},
{
	"ID" : 26,
	"GroupID" : 1,
	"Loot" : 10161026,
	"PlayerWeight" : 50,
	"ServerWeight" : 100
},
{
	"ID" : 27,
	"GroupID" : 1,
	"Loot" : 10161027,
	"PlayerWeight" : 150,
	"ServerWeight" : 100
},
{
	"ID" : 28,
	"GroupID" : 1,
	"Loot" : 10161028,
	"PlayerWeight" : 250,
	"ServerWeight" : 100
},
{
	"ID" : 29,
	"GroupID" : 1,
	"Loot" : 10161029,
	"PlayerWeight" : 20,
	"ServerWeight" : 100
},
{
	"ID" : 30,
	"GroupID" : 1,
	"Loot" : 10161030,
	"PlayerWeight" : 20,
	"ServerWeight" : 100
},
{
	"ID" : 31,
	"GroupID" : 1,
	"Loot" : 10161031,
	"PlayerWeight" : 100,
	"ServerWeight" : 100
},
{
	"ID" : 32,
	"GroupID" : 1,
	"Loot" : 10161032,
	"PlayerWeight" : 100,
	"ServerWeight" : 100
},
{
	"ID" : 33,
	"GroupID" : 1,
	"Loot" : 10161033,
	"PlayerWeight" : 50,
	"ServerWeight" : 100
},
{
	"ID" : 34,
	"GroupID" : 1,
	"Loot" : 10161034,
	"PlayerWeight" : 20,
	"ServerWeight" : 100
},
{
	"ID" : 35,
	"GroupID" : 1,
	"Loot" : 10161035,
	"PlayerWeight" : 10,
	"ServerWeight" : 100
},
{
	"ID" : 36,
	"GroupID" : 1,
	"Loot" : 10161036,
	"PlayerWeight" : 80,
	"ServerWeight" : 100
},
{
	"ID" : 37,
	"GroupID" : 1,
	"Loot" : 10161037,
	"PlayerWeight" : 40,
	"ServerWeight" : 100
},
{
	"ID" : 38,
	"GroupID" : 1,
	"Loot" : 10161038,
	"PlayerWeight" : 20,
	"ServerWeight" : 100
},
{
	"ID" : 39,
	"GroupID" : 1,
	"Loot" : 10161039,
	"PlayerWeight" : 20,
	"ServerWeight" : 100
},
{
	"ID" : 40,
	"GroupID" : 1,
	"Loot" : 10161040,
	"PlayerWeight" : 100,
	"ServerWeight" : 100
},
{
	"ID" : 41,
	"GroupID" : 1,
	"Loot" : 10161041,
	"PlayerWeight" : 10,
	"ServerWeight" : 100
},
{
	"ID" : 42,
	"GroupID" : 1,
	"Loot" : 10161042,
	"PlayerWeight" : 20,
	"ServerWeight" : 100
},
{
	"ID" : 43,
	"GroupID" : 1,
	"Loot" : 10161043,
	"PlayerWeight" : 20,
	"ServerWeight" : 100
},
{
	"ID" : 44,
	"GroupID" : 1,
	"Loot" : 10161044,
	"PlayerWeight" : 600,
	"ServerWeight" : 100
},
{
	"ID" : 45,
	"GroupID" : 1,
	"Loot" : 10161045,
	"PlayerWeight" : 300,
	"ServerWeight" : 100
},
{
	"ID" : 46,
	"GroupID" : 1,
	"Loot" : 10161046,
	"PlayerWeight" : 300,
	"ServerWeight" : 100
},
{
	"ID" : 47,
	"GroupID" : 1,
	"Loot" : 10161047,
	"PlayerWeight" : 200,
	"ServerWeight" : 100
},
{
	"ID" : 48,
	"GroupID" : 1,
	"Loot" : 10161048,
	"PlayerWeight" : 500,
	"ServerWeight" : 100
},
{
	"ID" : 49,
	"GroupID" : 1,
	"Loot" : 10161049,
	"PlayerWeight" : 10,
	"ServerWeight" : 100
},
{
	"ID" : 50,
	"GroupID" : 1,
	"Loot" : 10161050,
	"PlayerWeight" : 10,
	"ServerWeight" : 100
},
{
	"ID" : 51,
	"GroupID" : 2,
	"Loot" : 10165001,
	"PlayerWeight" : 1,
	"ServerWeight" : 1000
},
{
	"ID" : 52,
	"GroupID" : 2,
	"Loot" : 10165002,
	"PlayerWeight" : 2,
	"ServerWeight" : 1000
},
{
	"ID" : 53,
	"GroupID" : 2,
	"Loot" : 10165003,
	"PlayerWeight" : 2,
	"ServerWeight" : 1000
},
{
	"ID" : 54,
	"GroupID" : 2,
	"Loot" : 10165004,
	"PlayerWeight" : 3,
	"ServerWeight" : 1000
},
{
	"ID" : 55,
	"GroupID" : 2,
	"Loot" : 10165005,
	"PlayerWeight" : 2,
	"ServerWeight" : 1000
}
]