[
{
	"ID" : 0, 
	"Name" : "", 
	"ResType" : 0, 
	"HeadResName" : "", 
	"HeadIdle" : "", 
	"HeadAttack" : "", 
	"StandResName" : "", 
	"StandIdle" : "", 
	"StandAction" : "", 
	"SoundID" : 0
},
{
	"ID" : 1,
	"Name" : "原始炮台",
	"ResType" : 1,
	"HeadResName" : "SP_T0_head",
	"HeadIdle" : "T0_head_idle,T0_head_idle,T0_head_idle,T0_head_idle,T0_head_idle,T0_head_idle",
	"HeadAttack" : "T0_head_atk,T0_head_atk,T0_head_atk,T0_head_atk,T0_head_atk,T0_head_atk",
	"StandResName" : "SP_T0_head",
	"StandIdle" : "T0_head_idle,T0_head_idle,T0_head_idle,T0_head_idle,T0_head_idle,T0_head_idle",
	"StandAction" : "T0_head_atk,T0_head_atk,T0_head_atk,T0_head_atk,T0_head_atk,T0_head_atk",
	"SoundID" : 27
},
{
	"ID" : 2,
	"Name" : "渔夫",
	"ResType" : 1,
	"HeadResName" : "SP_T1_head",
	"HeadIdle" : "T1_head_idle,T1_head_idle,T1_head_idle,T1_head_idle,T1_head_idle,T1_head_idle",
	"HeadAttack" : "T1_head_atk,T1_head_atk,T1_head_atk,T1_head_atk,T1_head_atk,T1_head_atk",
	"StandResName" : "SP_T1_std",
	"StandIdle" : "T1_std,T1_std,T1_std,T1_std,T1_std,T1_std",
	"StandAction" : "T1_std_idle,T1_std_idle,T1_std_idle,T1_std_idle,T1_std_idle,T1_std_idle",
	"SoundID" : 27
},
{
	"ID" : 3,
	"Name" : "仙童",
	"ResType" : 1,
	"HeadResName" : "SP_T2_head",
	"HeadIdle" : "T2_head_idle,T2_head_idle,T2_head_idle,T2_head_idle,T2_head_idle,T2_head_idle",
	"HeadAttack" : "T2_head_atk,T2_head_atk,T2_head_atk,T2_head_atk,T2_head_atk,T2_head_atk",
	"StandResName" : "SP_T2_std",
	"StandIdle" : "T2_std,T2_std,T2_std,T2_std,T2_std,T2_std",
	"StandAction" : "T2_std_idle,T2_std_idle,T2_std_idle,T2_std_idle,T2_std_idle,T2_std_idle",
	"SoundID" : 27
},
{
	"ID" : 4,
	"Name" : "吕布",
	"ResType" : 1,
	"HeadResName" : "SP_T3_head",
	"HeadIdle" : "T3_head_1_idle,T3_head_1_idle,T3_head_1_idle,T3_head_1_idle,T3_head_1_idle,T3_head_1_idle",
	"HeadAttack" : "T3_head_1_atk,T3_head_1_atk,T3_head_1_atk,T3_head_1_atk,T3_head_1_atk,T3_head_1_atk",
	"StandResName" : "SP_T3_std",
	"StandIdle" : "T3_std_1,T3_std_1,T3_std_1,T3_std_1,T3_std_1,T3_std_1",
	"StandAction" : "T3_std_1_idle,T3_std_1_idle,T3_std_1_idle,T3_std_1_idle,T3_std_1_idle,T3_std_1_idle",
	"SoundID" : 27
},
{
	"ID" : 5,
	"Name" : "刘备",
	"ResType" : 1,
	"HeadResName" : "SP_T4_head",
	"HeadIdle" : "T4_head_1_idle,T4_head_1_idle,T4_head_1_idle,T4_head_1_idle,T4_head_1_idle,T4_head_1_idle",
	"HeadAttack" : "T4_head_1_atk,T4_head_1_atk,T4_head_1_atk,T4_head_1_atk,T4_head_1_atk,T4_head_1_atk",
	"StandResName" : "SP_T4_std",
	"StandIdle" : "T4_std_1,T4_std_1,T4_std_1,T4_std_1,T4_std_1,T4_std_1",
	"StandAction" : "T4_std_1_idle,T4_std_1_idle,T4_std_1_idle,T4_std_1_idle,T4_std_1_idle,T4_std_1_idle",
	"SoundID" : 27
},
{
	"ID" : 6,
	"Name" : "曹操",
	"ResType" : 1,
	"HeadResName" : "SP_T5_head",
	"HeadIdle" : "T5_head_1_idle,T5_head_1_idle,T5_head_1_idle,T5_head_1_idle,T5_head_1_idle,T5_head_1_idle",
	"HeadAttack" : "T5_head_1_atk,T5_head_1_atk,T5_head_1_atk,T5_head_1_atk,T5_head_1_atk,T5_head_1_atk",
	"StandResName" : "SP_T5_std",
	"StandIdle" : "T5_std_1,T5_std_1,T5_std_1,T5_std_1,T5_std_1,T5_std_1",
	"StandAction" : "T5_std_1_idle,T5_std_1_idle,T5_std_1_idle,T5_std_1_idle,T5_std_1_idle,T5_std_1_idle",
	"SoundID" : 27
},
{
	"ID" : 7,
	"Name" : "孙权",
	"ResType" : 1,
	"HeadResName" : "SP_T6_head",
	"HeadIdle" : "T6_head_1_idle,T6_head_1_idle,T6_head_1_idle,T6_head_1_idle,T6_head_1_idle,T6_head_1_idle",
	"HeadAttack" : "T6_head_1_atk,T6_head_1_atk,T6_head_1_atk,T6_head_1_atk,T6_head_1_atk,T6_head_1_atk",
	"StandResName" : "SP_T6_std",
	"StandIdle" : "T6_std_1,T6_std_1,T6_std_1,T6_std_1,T6_std_1,T6_std_1",
	"StandAction" : "T6_std_1_idle,T6_std_1_idle,T6_std_1_idle,T6_std_1_idle,T6_std_1_idle,T6_std_1_idle",
	"SoundID" : 27
},
{
	"ID" : 8,
	"Name" : "关羽",
	"ResType" : 1,
	"HeadResName" : "SP_T7_head",
	"HeadIdle" : "T7_head_1_idle,T7_head_1_idle,T7_head_1_idle,T7_head_1_idle,T7_head_1_idle,T7_head_1_idle",
	"HeadAttack" : "T7_head_1_atk,T7_head_1_atk,T7_head_1_atk,T7_head_1_atk,T7_head_1_atk,T7_head_1_atk",
	"StandResName" : "SP_T7_std",
	"StandIdle" : "T7_std_1,T7_std_1,T7_std_1,T7_std_1,T7_std_1,T7_std_1",
	"StandAction" : "T7_std_1_idle,T7_std_1_idle,T7_std_1_idle,T7_std_1_idle,T7_std_1_idle,T7_std_1_idle",
	"SoundID" : 27
},
{
	"ID" : 9,
	"Name" : "张飞",
	"ResType" : 1,
	"HeadResName" : "SP_T8_head",
	"HeadIdle" : "T8_head_1_idle,T8_head_1_idle,T8_head_1_idle,T8_head_1_idle,T8_head_1_idle,T8_head_1_idle",
	"HeadAttack" : "T8_head_1_atk,T8_head_1_atk,T8_head_1_atk,T8_head_1_atk,T8_head_1_atk,T8_head_1_atk",
	"StandResName" : "SP_T8_std",
	"StandIdle" : "T8_std_1,T8_std_1,T8_std_1,T8_std_1,T8_std_1,T8_std_1",
	"StandAction" : "T8_std_1_idle,T8_std_1_idle,T8_std_1_idle,T8_std_1_idle,T8_std_1_idle,T8_std_1_idle",
	"SoundID" : 27
},
{
	"ID" : 10,
	"Name" : "赵云",
	"ResType" : 1,
	"HeadResName" : "SP_T9_head",
	"HeadIdle" : "T9_head_1_idle,T9_head_1_idle,T9_head_1_idle,T9_head_1_idle,T9_head_1_idle,T9_head_1_idle",
	"HeadAttack" : "T9_head_1_atk,T9_head_1_atk,T9_head_1_atk,T9_head_1_atk,T9_head_1_atk,T9_head_1_atk",
	"StandResName" : "SP_T9_std",
	"StandIdle" : "T9_std_1,T9_std_1,T9_std_1,T9_std_1,T9_std_1,T9_std_1",
	"StandAction" : "T9_std_1_idle,T9_std_1_idle,T9_std_1_idle,T9_std_1_idle,T9_std_1_idle,T9_std_1_idle",
	"SoundID" : 27
},
{
	"ID" : 11,
	"Name" : "黄忠",
	"ResType" : 1,
	"HeadResName" : "SP_T10_head",
	"HeadIdle" : "T10_head_1_idle,T10_head_1_idle,T10_head_1_idle,T10_head_1_idle,T10_head_1_idle,T10_head_1_idle",
	"HeadAttack" : "T10_head_1_atk,T10_head_1_atk,T10_head_1_atk,T10_head_1_atk,T10_head_1_atk,T10_head_1_atk",
	"StandResName" : "SP_T10_std",
	"StandIdle" : "T10_std_1,T10_std_1,T10_std_1,T10_std_1,T10_std_1,T10_std_1",
	"StandAction" : "T10_std_1_idle,T10_std_1_idle,T10_std_1_idle,T10_std_1_idle,T10_std_1_idle,T10_std_1_idle",
	"SoundID" : 27
},
{
	"ID" : 12,
	"Name" : "魏延",
	"ResType" : 1,
	"HeadResName" : "SP_T11_head",
	"HeadIdle" : "T11_head_1_idle,T11_head_1_idle,T11_head_1_idle,T11_head_1_idle,T11_head_1_idle,T11_head_1_idle",
	"HeadAttack" : "T11_head_1_atk,T11_head_1_atk,T11_head_1_atk,T11_head_1_atk,T11_head_1_atk,T11_head_1_atk",
	"StandResName" : "SP_T11_std",
	"StandIdle" : "T11_std_1,T11_std_1,T11_std_1,T11_std_1,T11_std_1,T11_std_1",
	"StandAction" : "T11_std_1_idle,T11_std_1_idle,T11_std_1_idle,T11_std_1_idle,T11_std_1_idle,T11_std_1_idle",
	"SoundID" : 27
},
{
	"ID" : 13,
	"Name" : "财神",
	"ResType" : 1,
	"HeadResName" : "SP_T12_head",
	"HeadIdle" : "T12_head_1_idle,T12_head_1_idle,T12_head_1_idle,T12_head_1_idle,T12_head_1_idle,T12_head_1_idle",
	"HeadAttack" : "T12_head_1_atk,T12_head_1_atk,T12_head_1_atk,T12_head_1_atk,T12_head_1_atk,T12_head_1_atk",
	"StandResName" : "SP_T12_std",
	"StandIdle" : "T12_std_1,T12_std_1,T12_std_1,T12_std_1,T12_std_1,T12_std_1",
	"StandAction" : "T12_std_1_idle,T12_std_1_idle,T12_std_1_idle,T12_std_1_idle,T12_std_1_idle,T12_std_1_idle",
	"SoundID" : 37
},
{
	"ID" : 14,
	"Name" : "激光炮",
	"ResType" : 1,
	"HeadResName" : "SP_T102",
	"HeadIdle" : "get",
	"HeadAttack" : "atk",
	"SoundID" : 44
},
{
	"ID" : 15,
	"Name" : "钻头炮",
	"ResType" : 1,
	"HeadResName" : "SP_T101",
	"HeadIdle" : "idle",
	"HeadAttack" : "atk",
	"SoundID" : 27
},
{
	"ID" : 16,
	"Name" : "极光炮",
	"ResType" : 1,
	"SoundID" : 17
},
{
	"ID" : 17,
	"Name" : "烈焰新星",
	"ResType" : 1,
	"SoundID" : 2
},
{
	"ID" : 18,
	"Name" : "无尽火炮",
	"ResType" : 1,
	"SoundID" : 27
},
{
	"ID" : 19,
	"Name" : "貂蝉",
	"ResType" : 1,
	"HeadResName" : "SP_T13_head",
	"HeadIdle" : "T13_head_1_idle,T13_head_1_idle,T13_head_1_idle,T13_head_1_idle,T13_head_1_idle,T13_head_1_idle",
	"HeadAttack" : "T13_head_1_atk,T13_head_1_atk,T13_head_1_atk,T13_head_1_atk,T13_head_1_atk,T13_head_1_atk",
	"StandResName" : "SP_T13_std",
	"StandIdle" : "T13_std_1,T13_std_1,T13_std_1,T13_std_1,T13_std_1,T13_std_1",
	"StandAction" : "T13_std_1_idle,T13_std_1_idle,T13_std_1_idle,T13_std_1_idle,T13_std_1_idle,T13_std_1_idle",
	"SoundID" : 27
},
{
	"ID" : 20,
	"Name" : "甄姬",
	"ResType" : 1,
	"HeadResName" : "SP_T14_head",
	"HeadIdle" : "T14_head_1_idle,T14_head_1_idle,T14_head_1_idle,T14_head_1_idle,T14_head_1_idle,T14_head_1_idle",
	"HeadAttack" : "T14_head_1_atk,T14_head_1_atk,T14_head_1_atk,T14_head_1_atk,T14_head_1_atk,T14_head_1_atk",
	"StandResName" : "SP_T14_std",
	"StandIdle" : "T14_std_1,T14_std_1,T14_std_1,T14_std_1,T14_std_1,T14_std_1",
	"StandAction" : "T14_std_1_idle,T14_std_1_idle,T14_std_1_idle,T14_std_1_idle,T14_std_1_idle,T14_std_1_idle",
	"SoundID" : 27
},
{
	"ID" : 21,
	"Name" : "大乔",
	"ResType" : 1,
	"HeadResName" : "SP_T15_head",
	"HeadIdle" : "T15_head_1_idle,T15_head_1_idle,T15_head_1_idle,T15_head_1_idle,T15_head_1_idle,T15_head_1_idle",
	"HeadAttack" : "T15_head_1_atk,T15_head_1_atk,T15_head_1_atk,T15_head_1_atk,T15_head_1_atk,T15_head_1_atk",
	"StandResName" : "SP_T15_std",
	"StandIdle" : "T15_std_1,T15_std_1,T15_std_1,T15_std_1,T15_std_1,T15_std_1",
	"StandAction" : "T15_std_1_idle,T15_std_1_idle,T15_std_1_idle,T15_std_1_idle,T15_std_1_idle,T15_std_1_idle",
	"SoundID" : 27
},
{
	"ID" : 22,
	"Name" : "小乔",
	"ResType" : 1,
	"HeadResName" : "SP_T16_head",
	"HeadIdle" : "T16_head_1_idle,T16_head_1_idle,T16_head_1_idle,T16_head_1_idle,T16_head_1_idle,T16_head_1_idle",
	"HeadAttack" : "T16_head_1_atk,T16_head_1_atk,T16_head_1_atk,T16_head_1_atk,T16_head_1_atk,T16_head_1_atk",
	"StandResName" : "SP_T16_std",
	"StandIdle" : "T16_std_1,T16_std_1,T16_std_1,T16_std_1,T16_std_1,T16_std_1",
	"StandAction" : "T16_std_1_idle,T16_std_1_idle,T16_std_1_idle,T16_std_1_idle,T16_std_1_idle,T16_std_1_idle",
	"SoundID" : 27
},
{
	"ID" : 23,
	"Name" : "孙尚香",
	"ResType" : 1,
	"HeadResName" : "SP_T17_head",
	"HeadIdle" : "T17_head_1_idle,T17_head_1_idle,T17_head_1_idle,T17_head_1_idle,T17_head_1_idle,T17_head_1_idle",
	"HeadAttack" : "T17_head_1_atk,T17_head_1_atk,T17_head_1_atk,T17_head_1_atk,T17_head_1_atk,T17_head_1_atk",
	"StandResName" : "SP_T17_std",
	"StandIdle" : "T17_std_1,T17_std_1,T17_std_1,T17_std_1,T17_std_1,T17_std_1",
	"StandAction" : "T17_std_1_idle,T17_std_1_idle,T17_std_1_idle,T17_std_1_idle,T17_std_1_idle,T17_std_1_idle",
	"SoundID" : 27
}
]