[
{
	"ID" : 0, 
	"TotalExp" : 0, 
	"LootID" : 0, 
	"ShowItem0" : 0, 
	"ShowItem1" : "", 
	"RewardDesc" : "", 
	"CanKick" : 0, 
	"CanUseAuto" : 0, 
	"CustomTimes" : "", 
	"Description" : "", 
	"MailType" : 0, 
	"VIPRewardPack" : "", 
	"VIPRewardPackShow" : "", 
	"Poverty" : "", 
	"SignReward" : 0, 
	"NuclearUse" : 0, 
	"Replenish" : "", 
	"NuclearTimes" : 0, 
	"GoldBonus" : 0, 
	"SendGift" : 0, 
	"SendGiftAmount" : "", 
	"CreateChatGroup" : 0, 
	"PublicChat" : 0
},
{
	"ID" : 0,
	"TotalExp" : 0,
	"CanKick" : 0,
	"CanUseAuto" : 0,
	"Poverty" : "2,1000000",
	"SignReward" : 1,
	"NuclearUse" : 10,
	"NuclearTimes" : 1,
	"GoldBonus" : 1,
	"SendGift" : 0,
	"SendGiftAmount" : "10101001,0,0,0,11901004,0,0,0",
	"CreateChatGroup" : 0,
	"PublicChat" : 0
},
{
	"ID" : 1,
	"TotalExp" : 19,
	"LootID" : 10100001,
	"ShowItem0" : 11301001,
	"RewardDesc" : "VIP_RewardDesc_1",
	"CanKick" : 0,
	"CanUseAuto" : 0,
	"CustomTimes" : "6,0,1",
	"Description" : "VIP1_Description",
	"MailType" : 5,
	"VIPRewardPack" : "10100101,50",
	"VIPRewardPackShow" : "VIP1_Privilege_Pack,10100101,500,50",
	"Poverty" : "2,2000000",
	"SignReward" : 1,
	"NuclearUse" : 50,
	"Replenish" : "10101001,20000000",
	"NuclearTimes" : 1,
	"GoldBonus" : 2,
	"SendGift" : 0,
	"SendGiftAmount" : "10101001,0,0,0,11901004,0,0,0",
	"CreateChatGroup" : 0,
	"PublicChat" : 0
},
{
	"ID" : 2,
	"TotalExp" : 99,
	"LootID" : 10100002,
	"ShowItem0" : 11301001,
	"ShowItem1" : "11901002,10,12001005,1",
	"RewardDesc" : "VIP_RewardDesc_2",
	"CanKick" : 0,
	"CanUseAuto" : 1,
	"CustomTimes" : "6,0,1",
	"Description" : "VIP2_Description",
	"MailType" : 14,
	"VIPRewardPack" : "10100102,150",
	"VIPRewardPackShow" : "VIP2_Privilege_Pack,10100102,1500,150",
	"Poverty" : "3,3000000",
	"SignReward" : 2,
	"NuclearUse" : 50,
	"Replenish" : "10101001,30000000",
	"NuclearTimes" : 10,
	"GoldBonus" : 3,
	"SendGift" : 0,
	"SendGiftAmount" : "10101001,0,0,0,11901004,0,0,0",
	"CreateChatGroup" : 0,
	"PublicChat" : 0
},
{
	"ID" : 3,
	"TotalExp" : 249,
	"LootID" : 10100003,
	"ShowItem0" : 11301001,
	"ShowItem1" : "11901002,20,11401003,2",
	"RewardDesc" : "VIP_RewardDesc_3",
	"CanKick" : 0,
	"CanUseAuto" : 1,
	"CustomTimes" : "12,1,1",
	"Description" : "VIP3_Description",
	"MailType" : 15,
	"VIPRewardPack" : "10100103,300",
	"VIPRewardPackShow" : "VIP3_Privilege_Pack,10100103,3000,300",
	"Poverty" : "3,5000000",
	"SignReward" : 2,
	"NuclearUse" : 50,
	"Replenish" : "10101001,50000000",
	"NuclearTimes" : 10,
	"GoldBonus" : 4,
	"SendGift" : 0,
	"SendGiftAmount" : "10101001,0,0,0,11901004,0,0,0",
	"CreateChatGroup" : 0,
	"PublicChat" : 1
},
{
	"ID" : 4,
	"TotalExp" : 374,
	"LootID" : 10100004,
	"ShowItem0" : 11301003,
	"ShowItem1" : "11901002,30,11401007,4",
	"RewardDesc" : "VIP_RewardDesc_4",
	"CanKick" : 0,
	"CanUseAuto" : 1,
	"CustomTimes" : "12,1,1",
	"Description" : "VIP4_Description",
	"MailType" : 16,
	"VIPRewardPack" : "10100104,450",
	"VIPRewardPackShow" : "VIP4_Privilege_Pack,10100104,4500,450",
	"Poverty" : "3,10000000",
	"SignReward" : 4,
	"NuclearUse" : 50,
	"Replenish" : "10101001,100000000",
	"NuclearTimes" : 10,
	"GoldBonus" : 5,
	"SendGift" : 0,
	"SendGiftAmount" : "10101001,0,0,0,11901004,0,0,0",
	"CreateChatGroup" : 0,
	"PublicChat" : 1
},
{
	"ID" : 5,
	"TotalExp" : 624,
	"LootID" : 10100005,
	"ShowItem0" : 11301003,
	"ShowItem1" : "11901003,10,11401008,4",
	"RewardDesc" : "VIP_RewardDesc_5",
	"CanKick" : 0,
	"CanUseAuto" : 1,
	"CustomTimes" : "12,2,1",
	"Description" : "VIP5_Description",
	"MailType" : 17,
	"VIPRewardPack" : "10100105,900",
	"VIPRewardPackShow" : "VIP5_Privilege_Pack,10100105,9000,900",
	"Poverty" : "4,20000000",
	"SignReward" : 4,
	"NuclearUse" : 50,
	"Replenish" : "10101001,200000000",
	"NuclearTimes" : 10,
	"GoldBonus" : 6,
	"SendGift" : 1,
	"SendGiftAmount" : "10101001,500000000000,1,10000000000,11901004,5000,1,1000",
	"CreateChatGroup" : 0,
	"PublicChat" : 1
},
{
	"ID" : 6,
	"TotalExp" : 1666,
	"LootID" : 10100006,
	"ShowItem0" : 11201003,
	"ShowItem1" : "10201006,1,12001006,1",
	"RewardDesc" : "VIP_RewardDesc_6",
	"CanKick" : 0,
	"CanUseAuto" : 1,
	"CustomTimes" : "30,2,2",
	"Description" : "VIP6_Description",
	"MailType" : 18,
	"VIPRewardPack" : "10100106,1800",
	"VIPRewardPackShow" : "VIP6_Privilege_Pack,10100106,18000,1800",
	"Poverty" : "4,30000000",
	"SignReward" : 6,
	"NuclearUse" : 100,
	"Replenish" : "10101001,300000000",
	"NuclearTimes" : 100,
	"GoldBonus" : 8,
	"SendGift" : 1,
	"SendGiftAmount" : "10101001,5000000000000,5,100000000000,11901004,50000,5,2000",
	"CreateChatGroup" : 1,
	"PublicChat" : 1
},
{
	"ID" : 7,
	"TotalExp" : 3333,
	"LootID" : 10100007,
	"ShowItem0" : 11201003,
	"ShowItem1" : "10201007,1,12001007,1",
	"RewardDesc" : "VIP_RewardDesc_7",
	"CanKick" : 0,
	"CanUseAuto" : 1,
	"CustomTimes" : "30,3,2",
	"Description" : "VIP7_Description",
	"MailType" : 19,
	"VIPRewardPack" : "10100107,3600",
	"VIPRewardPackShow" : "VIP7_Privilege_Pack,10100107,36000,3600",
	"Poverty" : "4,50000000",
	"SignReward" : 6,
	"NuclearUse" : 100,
	"Replenish" : "10101001,500000000",
	"NuclearTimes" : 100,
	"GoldBonus" : 10,
	"SendGift" : 1,
	"SendGiftAmount" : "10101001,5000000000000,5,100000000000,11901004,50000,5,2000",
	"CreateChatGroup" : 1,
	"PublicChat" : 1
},
{
	"ID" : 8,
	"TotalExp" : 6666,
	"LootID" : 10100008,
	"ShowItem0" : 11301008,
	"ShowItem1" : "10201008,1,12001008,1",
	"RewardDesc" : "VIP_RewardDesc_8",
	"CanKick" : 0,
	"CanUseAuto" : 1,
	"CustomTimes" : "30,3,2",
	"Description" : "VIP8_Description",
	"MailType" : 20,
	"VIPRewardPack" : "10100108,7200",
	"VIPRewardPackShow" : "VIP8_Privilege_Pack,10100108,72000,7200",
	"Poverty" : "5,100000000",
	"SignReward" : 8,
	"NuclearUse" : 100,
	"Replenish" : "10101001,1000000000",
	"NuclearTimes" : 100,
	"GoldBonus" : 12,
	"SendGift" : 1,
	"SendGiftAmount" : "10101001,5000000000000,5,100000000000,11901004,50000,5,2000",
	"CreateChatGroup" : 2,
	"PublicChat" : 1
},
{
	"ID" : 9,
	"TotalExp" : 24999,
	"LootID" : 10100009,
	"ShowItem0" : 11201008,
	"ShowItem1" : "10201009,1,12001009,1",
	"RewardDesc" : "VIP_RewardDesc_9",
	"CanKick" : 0,
	"CanUseAuto" : 1,
	"CustomTimes" : "42,3,2",
	"Description" : "VIP9_Description",
	"MailType" : 21,
	"VIPRewardPack" : "10100109,15000",
	"VIPRewardPackShow" : "VIP9_Privilege_Pack,10100109,150000,15000",
	"Poverty" : "5,200000000",
	"SignReward" : 8,
	"NuclearUse" : 100,
	"Replenish" : "11601002,1,10101001,2000000000",
	"NuclearTimes" : 100,
	"GoldBonus" : 14,
	"SendGift" : 1,
	"SendGiftAmount" : "10101001,5000000000000,5,100000000000,11901004,50000,5,2000",
	"CreateChatGroup" : 2,
	"PublicChat" : 1
},
{
	"ID" : 10,
	"TotalExp" : 49999,
	"LootID" : 10100010,
	"ShowItem0" : 11201010,
	"ShowItem1" : "10201010,1,12001010,1",
	"RewardDesc" : "VIP_RewardDesc_10",
	"CanKick" : 1,
	"CanUseAuto" : 1,
	"CustomTimes" : "42,4,3",
	"Description" : "VIP10_Description",
	"MailType" : 22,
	"VIPRewardPack" : "10100110,30000",
	"VIPRewardPackShow" : "VIP10_Privilege_Pack,10100110,300000,30000",
	"Poverty" : "5,500000000",
	"SignReward" : 10,
	"NuclearUse" : 100,
	"Replenish" : "11601002,1,10101001,5000000000",
	"NuclearTimes" : 100,
	"GoldBonus" : 16,
	"SendGift" : 1,
	"SendGiftAmount" : "10101001,20000000000000,10,100000000000,11901004,200000,10,2000",
	"CreateChatGroup" : 3,
	"PublicChat" : 1
},
{
	"ID" : 11,
	"TotalExp" : 199999,
	"LootID" : 10100011,
	"ShowItem0" : 11301011,
	"ShowItem1" : "10201011,1,12001011,1",
	"RewardDesc" : "VIP_RewardDesc_11",
	"CanKick" : 1,
	"CanUseAuto" : 1,
	"CustomTimes" : "42,4,3",
	"Description" : "VIP11_Description",
	"MailType" : 53,
	"VIPRewardPack" : "10100111,60000",
	"VIPRewardPackShow" : "VIP11_Privilege_Pack,10100111,600000,60000",
	"Poverty" : "5,1000000000",
	"SignReward" : 10,
	"NuclearUse" : 100,
	"Replenish" : "11601002,2,10101001,10000000000",
	"NuclearTimes" : 100,
	"GoldBonus" : 18,
	"SendGift" : 1,
	"SendGiftAmount" : "10101001,25000000000000,10,100000000000,11901004,250000,10,2000",
	"CreateChatGroup" : 3,
	"PublicChat" : 1
},
{
	"ID" : 12,
	"TotalExp" : 499999,
	"LootID" : 10100012,
	"ShowItem0" : 11201010,
	"ShowItem1" : "10201012,1,12001012,1",
	"RewardDesc" : "VIP_RewardDesc_12",
	"CanKick" : 1,
	"CanUseAuto" : 1,
	"CustomTimes" : "54,4,3",
	"Description" : "VIP12_Description",
	"MailType" : 54,
	"VIPRewardPack" : "10100112,120000",
	"VIPRewardPackShow" : "VIP12_Privilege_Pack,10100112,1200000,120000",
	"Poverty" : "5,2000000000",
	"SignReward" : 12,
	"NuclearUse" : 100,
	"Replenish" : "11601002,3,10101001,20000000000",
	"NuclearTimes" : 100,
	"GoldBonus" : 20,
	"SendGift" : 1,
	"SendGiftAmount" : "10101001,50000000000000,10,100000000000,11901004,500000,10,2000",
	"CreateChatGroup" : 4,
	"PublicChat" : 1
}
]