[
{
	"ID" : 0, 
	"Name" : "", 
	"NameLocalizationID" : "", 
	"Description" : "", 
	"DescriptionLocalizationID" : "", 
	"InfoLocalizationID" : "", 
	"Icon" : "", 
	"Energy" : 500, 
	"Rarity" : 0, 
	"ModelID" : 0, 
	"TurretSetID" : 0, 
	"CombinationNum" : 0, 
	"PowerParam" : "", 
	"MaxLevel" : 0, 
	"UpgradeItemCost" : ""
},
{
	"ID" : 1,
	"Name" : "恶魔之翼",
	"NameLocalizationID" : "Swing_Name_1",
	"DescriptionLocalizationID" : "Swing_Desc_1",
	"InfoLocalizationID" : "Swing_Info_1",
	"Icon" : "S0_icon",
	"Rarity" : 2,
	"ModelID" : 1,
	"TurretSetID" : 2,
	"CombinationNum" : 20,
	"PowerParam" : "5,20,1,1",
	"MaxLevel" : 30,
	"UpgradeItemCost" : "11601001,11301001"
},
{
	"ID" : 13,
	"Name" : "天使之翼",
	"NameLocalizationID" : "Swing_Name_13",
	"DescriptionLocalizationID" : "Swing_Desc_13",
	"InfoLocalizationID" : "Swing_Info_13",
	"Icon" : "S11_icon",
	"Rarity" : 2,
	"ModelID" : 13,
	"TurretSetID" : 3,
	"CombinationNum" : 20,
	"PowerParam" : "5,20,1,1",
	"MaxLevel" : 30,
	"UpgradeItemCost" : "11601001,11301013"
},
{
	"ID" : 2,
	"Name" : "玉追",
	"NameLocalizationID" : "Swing_Name_2",
	"DescriptionLocalizationID" : "Swing_Desc_2",
	"InfoLocalizationID" : "Swing_Info_2",
	"Icon" : "S6_icon",
	"Rarity" : 4,
	"ModelID" : 2,
	"TurretSetID" : 5,
	"CombinationNum" : 20,
	"PowerParam" : "10,20,1,2",
	"MaxLevel" : 30,
	"UpgradeItemCost" : "11601001,11301002"
},
{
	"ID" : 3,
	"Name" : "赤兔",
	"NameLocalizationID" : "Swing_Name_3",
	"DescriptionLocalizationID" : "Swing_Desc_3",
	"InfoLocalizationID" : "Swing_Info_3",
	"Icon" : "S7_icon",
	"Rarity" : 4,
	"ModelID" : 3,
	"TurretSetID" : 4,
	"CombinationNum" : 20,
	"PowerParam" : "10,20,1,2",
	"MaxLevel" : 30,
	"UpgradeItemCost" : "11601001,11301003"
},
{
	"ID" : 4,
	"Name" : "燎原",
	"NameLocalizationID" : "Swing_Name_4",
	"DescriptionLocalizationID" : "Swing_Desc_4",
	"InfoLocalizationID" : "Swing_Info_4",
	"Icon" : "S8_icon",
	"Rarity" : 4,
	"ModelID" : 4,
	"TurretSetID" : 7,
	"CombinationNum" : 20,
	"PowerParam" : "10,20,1,2",
	"MaxLevel" : 30,
	"UpgradeItemCost" : "11601001,11301004"
},
{
	"ID" : 5,
	"Name" : "乌雅",
	"NameLocalizationID" : "Swing_Name_5",
	"DescriptionLocalizationID" : "Swing_Desc_5",
	"InfoLocalizationID" : "Swing_Info_5",
	"Icon" : "S9_icon",
	"Rarity" : 4,
	"ModelID" : 5,
	"TurretSetID" : 8,
	"CombinationNum" : 20,
	"PowerParam" : "10,20,1,2",
	"MaxLevel" : 30,
	"UpgradeItemCost" : "11601001,11301005"
},
{
	"ID" : 6,
	"Name" : "玉狮",
	"NameLocalizationID" : "Swing_Name_6",
	"DescriptionLocalizationID" : "Swing_Desc_6",
	"InfoLocalizationID" : "Swing_Info_6",
	"Icon" : "S10_icon",
	"Rarity" : 4,
	"ModelID" : 6,
	"TurretSetID" : 6,
	"CombinationNum" : 20,
	"PowerParam" : "10,20,1,2",
	"MaxLevel" : 30,
	"UpgradeItemCost" : "11601001,11301006"
},
{
	"ID" : 7,
	"Name" : "黑虎",
	"NameLocalizationID" : "Swing_Name_7",
	"DescriptionLocalizationID" : "Swing_Desc_7",
	"InfoLocalizationID" : "Swing_Info_7",
	"Icon" : "S1_icon",
	"Rarity" : 5,
	"ModelID" : 7,
	"TurretSetID" : 10,
	"CombinationNum" : 20,
	"PowerParam" : "20,20,1,3",
	"MaxLevel" : 30,
	"UpgradeItemCost" : "11601001,11301007"
},
{
	"ID" : 8,
	"Name" : "幻赤",
	"NameLocalizationID" : "Swing_Name_8",
	"DescriptionLocalizationID" : "Swing_Desc_8",
	"InfoLocalizationID" : "Swing_Info_8",
	"Icon" : "S2_icon",
	"Rarity" : 5,
	"ModelID" : 8,
	"TurretSetID" : 9,
	"CombinationNum" : 20,
	"PowerParam" : "20,20,1,3",
	"MaxLevel" : 30,
	"UpgradeItemCost" : "11601001,11301008"
},
{
	"ID" : 12,
	"Name" : "添香",
	"NameLocalizationID" : "Swing_Name_12",
	"DescriptionLocalizationID" : "Swing_Desc_12",
	"InfoLocalizationID" : "Swing_Info_12",
	"Icon" : "S13_icon",
	"Rarity" : 5,
	"ModelID" : 12,
	"TurretSetID" : 17,
	"CombinationNum" : 20,
	"PowerParam" : "20,20,1,3",
	"MaxLevel" : 30,
	"UpgradeItemCost" : "11601001,11301012"
},
{
	"ID" : 14,
	"Name" : "甄姬",
	"NameLocalizationID" : "Swing_Name_14",
	"DescriptionLocalizationID" : "Swing_Desc_14",
	"InfoLocalizationID" : "Swing_Info_14",
	"Icon" : "S14_icon",
	"Rarity" : 5,
	"ModelID" : 14,
	"TurretSetID" : 18,
	"CombinationNum" : 20,
	"PowerParam" : "20,20,1,3",
	"MaxLevel" : 30,
	"UpgradeItemCost" : "11601001,11301014"
},
{
	"ID" : 17,
	"Name" : "孙尚香",
	"NameLocalizationID" : "Swing_Name_17",
	"DescriptionLocalizationID" : "Swing_Desc_17",
	"InfoLocalizationID" : "Swing_Info_17",
	"Icon" : "S17_icon",
	"Rarity" : 5,
	"ModelID" : 17,
	"TurretSetID" : 21,
	"CombinationNum" : 20,
	"PowerParam" : "20,20,1,3",
	"MaxLevel" : 30,
	"UpgradeItemCost" : "11601001,11301017"
},
{
	"ID" : 9,
	"Name" : "玉龙",
	"NameLocalizationID" : "Swing_Name_9",
	"DescriptionLocalizationID" : "Swing_Desc_9",
	"InfoLocalizationID" : "Swing_Info_9",
	"Icon" : "S5_icon",
	"Rarity" : 6,
	"ModelID" : 9,
	"TurretSetID" : 13,
	"CombinationNum" : 20,
	"PowerParam" : "30,20,1,5",
	"MaxLevel" : 30,
	"UpgradeItemCost" : "11601001,11301009"
},
{
	"ID" : 10,
	"Name" : "绝影",
	"NameLocalizationID" : "Swing_Name_10",
	"DescriptionLocalizationID" : "Swing_Desc_10",
	"InfoLocalizationID" : "Swing_Info_10",
	"Icon" : "S4_icon",
	"Rarity" : 6,
	"ModelID" : 10,
	"TurretSetID" : 12,
	"CombinationNum" : 20,
	"PowerParam" : "30,20,1,5",
	"MaxLevel" : 30,
	"UpgradeItemCost" : "11601001,11301010"
},
{
	"ID" : 11,
	"Name" : "的卢",
	"NameLocalizationID" : "Swing_Name_11",
	"DescriptionLocalizationID" : "Swing_Desc_11",
	"InfoLocalizationID" : "Swing_Info_11",
	"Icon" : "S3_icon",
	"Rarity" : 6,
	"ModelID" : 11,
	"TurretSetID" : 11,
	"CombinationNum" : 20,
	"PowerParam" : "30,20,1,5",
	"MaxLevel" : 30,
	"UpgradeItemCost" : "11601001,11301011"
}
]