[
{
	"Level" : 0, 
	"UpgradeAttribute" : "", 
	"Success" : 0, 
	"ItemCostNumber" : ""
},
{
	"Level" : 1,
	"UpgradeAttribute" : "1,5,2,5",
	"Success" : 100,
	"ItemCostNumber" : "50,2"
},
{
	"Level" : 2,
	"UpgradeAttribute" : "1,10,2,5",
	"Success" : 100,
	"ItemCostNumber" : "50,4"
},
{
	"Level" : 3,
	"UpgradeAttribute" : "1,10,2,10",
	"Success" : 100,
	"ItemCostNumber" : "50,6"
},
{
	"Level" : 4,
	"UpgradeAttribute" : "1,15,2,10",
	"Success" : 80,
	"ItemCostNumber" : "60,8"
},
{
	"Level" : 5,
	"UpgradeAttribute" : "1,15,2,15",
	"Success" : 80,
	"ItemCostNumber" : "60,10"
},
{
	"Level" : 6,
	"UpgradeAttribute" : "1,20,2,15",
	"Success" : 80,
	"ItemCostNumber" : "60,12"
},
{
	"Level" : 7,
	"UpgradeAttribute" : "1,20,2,20",
	"Success" : 60,
	"ItemCostNumber" : "70,14"
},
{
	"Level" : 8,
	"UpgradeAttribute" : "1,25,2,20",
	"Success" : 60,
	"ItemCostNumber" : "70,16"
},
{
	"Level" : 9,
	"UpgradeAttribute" : "1,25,2,25",
	"Success" : 60,
	"ItemCostNumber" : "70,18"
},
{
	"Level" : 10,
	"UpgradeAttribute" : "1,30,2,25",
	"Success" : 40,
	"ItemCostNumber" : "80,20"
},
{
	"Level" : 11,
	"UpgradeAttribute" : "1,30,2,30",
	"Success" : 40,
	"ItemCostNumber" : "80,22"
},
{
	"Level" : 12,
	"UpgradeAttribute" : "1,35,2,30",
	"Success" : 40,
	"ItemCostNumber" : "80,24"
},
{
	"Level" : 13,
	"UpgradeAttribute" : "1,35,2,35",
	"Success" : 20,
	"ItemCostNumber" : "90,26"
},
{
	"Level" : 14,
	"UpgradeAttribute" : "1,40,2,35",
	"Success" : 20,
	"ItemCostNumber" : "90,28"
},
{
	"Level" : 15,
	"UpgradeAttribute" : "1,40,2,40",
	"Success" : 20,
	"ItemCostNumber" : "90,30"
},
{
	"Level" : 16,
	"UpgradeAttribute" : "1,45,2,40",
	"Success" : 20,
	"ItemCostNumber" : "90,32"
},
{
	"Level" : 17,
	"UpgradeAttribute" : "1,45,2,45",
	"Success" : 20,
	"ItemCostNumber" : "100,34"
},
{
	"Level" : 18,
	"UpgradeAttribute" : "1,50,2,45",
	"Success" : 20,
	"ItemCostNumber" : "100,36"
},
{
	"Level" : 19,
	"UpgradeAttribute" : "1,50,2,50",
	"Success" : 20,
	"ItemCostNumber" : "100,38"
},
{
	"Level" : 20,
	"UpgradeAttribute" : "1,55,2,50",
	"Success" : 20,
	"ItemCostNumber" : "100,40"
},
{
	"Level" : 21,
	"UpgradeAttribute" : "1,55,2,55",
	"Success" : 20,
	"ItemCostNumber" : "100,42"
},
{
	"Level" : 22,
	"UpgradeAttribute" : "1,60,2,55",
	"Success" : 10,
	"ItemCostNumber" : "120,44"
},
{
	"Level" : 23,
	"UpgradeAttribute" : "1,60,2,60",
	"Success" : 10,
	"ItemCostNumber" : "120,46"
},
{
	"Level" : 24,
	"UpgradeAttribute" : "1,65,2,60",
	"Success" : 10,
	"ItemCostNumber" : "120,48"
},
{
	"Level" : 25,
	"UpgradeAttribute" : "1,65,2,65",
	"Success" : 10,
	"ItemCostNumber" : "120,50"
},
{
	"Level" : 26,
	"UpgradeAttribute" : "1,70,2,65",
	"Success" : 10,
	"ItemCostNumber" : "120,52"
},
{
	"Level" : 27,
	"UpgradeAttribute" : "1,70,2,70",
	"Success" : 10,
	"ItemCostNumber" : "120,54"
},
{
	"Level" : 28,
	"UpgradeAttribute" : "1,75,2,70",
	"Success" : 10,
	"ItemCostNumber" : "120,56"
},
{
	"Level" : 29,
	"UpgradeAttribute" : "1,75,2,75",
	"Success" : 10,
	"ItemCostNumber" : "120,58"
},
{
	"Level" : 30,
	"UpgradeAttribute" : "1,80,2,75",
	"Success" : 10,
	"ItemCostNumber" : "120,60"
},
{
	"Level" : 31,
	"UpgradeAttribute" : "1,80,2,80",
	"Success" : 5,
	"ItemCostNumber" : "150,62"
},
{
	"Level" : 32,
	"UpgradeAttribute" : "1,85,2,80",
	"Success" : 5,
	"ItemCostNumber" : "150,64"
},
{
	"Level" : 33,
	"UpgradeAttribute" : "1,85,2,85",
	"Success" : 5,
	"ItemCostNumber" : "150,66"
},
{
	"Level" : 34,
	"UpgradeAttribute" : "1,90,2,85",
	"Success" : 5,
	"ItemCostNumber" : "150,68"
},
{
	"Level" : 35,
	"UpgradeAttribute" : "1,90,2,90",
	"Success" : 5,
	"ItemCostNumber" : "150,70"
},
{
	"Level" : 36,
	"UpgradeAttribute" : "1,95,2,90",
	"Success" : 5,
	"ItemCostNumber" : "150,72"
},
{
	"Level" : 37,
	"UpgradeAttribute" : "1,95,2,95",
	"Success" : 5,
	"ItemCostNumber" : "150,74"
},
{
	"Level" : 38,
	"UpgradeAttribute" : "1,100,2,95",
	"Success" : 5,
	"ItemCostNumber" : "150,76"
},
{
	"Level" : 39,
	"UpgradeAttribute" : "1,100,2,100",
	"Success" : 5,
	"ItemCostNumber" : "150,78"
},
{
	"Level" : 40,
	"UpgradeAttribute" : "1,105,2,100",
	"Success" : 5,
	"ItemCostNumber" : "150,80"
},
{
	"Level" : 41,
	"UpgradeAttribute" : "1,105,2,105",
	"Success" : 5,
	"ItemCostNumber" : "150,82"
},
{
	"Level" : 42,
	"UpgradeAttribute" : "1,110,2,105",
	"Success" : 5,
	"ItemCostNumber" : "150,84"
},
{
	"Level" : 43,
	"UpgradeAttribute" : "1,110,2,110",
	"Success" : 5,
	"ItemCostNumber" : "150,86"
},
{
	"Level" : 44,
	"UpgradeAttribute" : "1,115,2,110",
	"Success" : 5,
	"ItemCostNumber" : "150,88"
},
{
	"Level" : 45,
	"UpgradeAttribute" : "1,115,2,115",
	"Success" : 5,
	"ItemCostNumber" : "150,90"
},
{
	"Level" : 46,
	"UpgradeAttribute" : "1,120,2,115",
	"Success" : 5,
	"ItemCostNumber" : "150,92"
},
{
	"Level" : 47,
	"UpgradeAttribute" : "1,120,2,120",
	"Success" : 5,
	"ItemCostNumber" : "150,94"
},
{
	"Level" : 48,
	"UpgradeAttribute" : "1,125,2,120",
	"Success" : 5,
	"ItemCostNumber" : "150,96"
},
{
	"Level" : 49,
	"UpgradeAttribute" : "1,125,2,125",
	"Success" : 5,
	"ItemCostNumber" : "150,98"
},
{
	"Level" : 50,
	"UpgradeAttribute" : "1,130,2,125",
	"Success" : 5,
	"ItemCostNumber" : "150,100"
},
{
	"Level" : 51,
	"UpgradeAttribute" : "1,130,2,130",
	"Success" : 5,
	"ItemCostNumber" : "150,100"
},
{
	"Level" : 52,
	"UpgradeAttribute" : "1,135,2,130",
	"Success" : 5,
	"ItemCostNumber" : "150,100"
},
{
	"Level" : 53,
	"UpgradeAttribute" : "1,135,2,135",
	"Success" : 5,
	"ItemCostNumber" : "150,100"
},
{
	"Level" : 54,
	"UpgradeAttribute" : "1,140,2,135",
	"Success" : 5,
	"ItemCostNumber" : "150,100"
},
{
	"Level" : 55,
	"UpgradeAttribute" : "1,140,2,140",
	"Success" : 5,
	"ItemCostNumber" : "150,100"
},
{
	"Level" : 56,
	"UpgradeAttribute" : "1,145,2,140",
	"Success" : 5,
	"ItemCostNumber" : "150,100"
},
{
	"Level" : 57,
	"UpgradeAttribute" : "1,145,2,145",
	"Success" : 5,
	"ItemCostNumber" : "150,100"
},
{
	"Level" : 58,
	"UpgradeAttribute" : "1,150,2,145",
	"Success" : 5,
	"ItemCostNumber" : "150,100"
},
{
	"Level" : 59,
	"UpgradeAttribute" : "1,150,2,150",
	"Success" : 5,
	"ItemCostNumber" : "150,100"
},
{
	"Level" : 60,
	"UpgradeAttribute" : "1,155,2,150",
	"Success" : 5,
	"ItemCostNumber" : "150,100"
},
{
	"Level" : 61,
	"UpgradeAttribute" : "1,155,2,155",
	"Success" : 5,
	"ItemCostNumber" : "150,100"
},
{
	"Level" : 62,
	"UpgradeAttribute" : "1,160,2,155",
	"Success" : 5,
	"ItemCostNumber" : "150,100"
},
{
	"Level" : 63,
	"UpgradeAttribute" : "1,160,2,160",
	"Success" : 5,
	"ItemCostNumber" : "150,100"
},
{
	"Level" : 64,
	"UpgradeAttribute" : "1,165,2,160",
	"Success" : 5,
	"ItemCostNumber" : "150,100"
},
{
	"Level" : 65,
	"UpgradeAttribute" : "1,165,2,165",
	"Success" : 5,
	"ItemCostNumber" : "150,100"
},
{
	"Level" : 66,
	"UpgradeAttribute" : "1,170,2,165",
	"Success" : 5,
	"ItemCostNumber" : "150,100"
},
{
	"Level" : 67,
	"UpgradeAttribute" : "1,170,2,170",
	"Success" : 5,
	"ItemCostNumber" : "150,100"
},
{
	"Level" : 68,
	"UpgradeAttribute" : "1,175,2,170",
	"Success" : 5,
	"ItemCostNumber" : "150,100"
},
{
	"Level" : 69,
	"UpgradeAttribute" : "1,175,2,175",
	"Success" : 5,
	"ItemCostNumber" : "150,100"
},
{
	"Level" : 70,
	"UpgradeAttribute" : "1,180,2,175",
	"Success" : 5,
	"ItemCostNumber" : "150,100"
},
{
	"Level" : 71,
	"UpgradeAttribute" : "1,180,2,180",
	"Success" : 5,
	"ItemCostNumber" : "150,100"
},
{
	"Level" : 72,
	"UpgradeAttribute" : "1,185,2,180",
	"Success" : 5,
	"ItemCostNumber" : "150,100"
},
{
	"Level" : 73,
	"UpgradeAttribute" : "1,185,2,185",
	"Success" : 5,
	"ItemCostNumber" : "150,100"
},
{
	"Level" : 74,
	"UpgradeAttribute" : "1,190,2,185",
	"Success" : 5,
	"ItemCostNumber" : "150,100"
},
{
	"Level" : 75,
	"UpgradeAttribute" : "1,190,2,190",
	"Success" : 5,
	"ItemCostNumber" : "150,100"
},
{
	"Level" : 76,
	"UpgradeAttribute" : "1,195,2,190",
	"Success" : 5,
	"ItemCostNumber" : "150,100"
},
{
	"Level" : 77,
	"UpgradeAttribute" : "1,195,2,195",
	"Success" : 5,
	"ItemCostNumber" : "150,100"
},
{
	"Level" : 78,
	"UpgradeAttribute" : "1,200,2,195",
	"Success" : 5,
	"ItemCostNumber" : "150,100"
},
{
	"Level" : 79,
	"UpgradeAttribute" : "1,200,2,200",
	"Success" : 5,
	"ItemCostNumber" : "150,100"
},
{
	"Level" : 80,
	"UpgradeAttribute" : "1,205,2,200",
	"Success" : 5,
	"ItemCostNumber" : "150,100"
},
{
	"Level" : 81,
	"UpgradeAttribute" : "1,205,2,205",
	"Success" : 5,
	"ItemCostNumber" : "150,100"
},
{
	"Level" : 82,
	"UpgradeAttribute" : "1,210,2,205",
	"Success" : 5,
	"ItemCostNumber" : "150,100"
},
{
	"Level" : 83,
	"UpgradeAttribute" : "1,210,2,210",
	"Success" : 5,
	"ItemCostNumber" : "150,100"
},
{
	"Level" : 84,
	"UpgradeAttribute" : "1,215,2,210",
	"Success" : 5,
	"ItemCostNumber" : "150,100"
},
{
	"Level" : 85,
	"UpgradeAttribute" : "1,215,2,215",
	"Success" : 5,
	"ItemCostNumber" : "150,100"
},
{
	"Level" : 86,
	"UpgradeAttribute" : "1,220,2,215",
	"Success" : 5,
	"ItemCostNumber" : "150,100"
},
{
	"Level" : 87,
	"UpgradeAttribute" : "1,220,2,220",
	"Success" : 5,
	"ItemCostNumber" : "150,100"
},
{
	"Level" : 88,
	"UpgradeAttribute" : "1,225,2,220",
	"Success" : 5,
	"ItemCostNumber" : "150,100"
},
{
	"Level" : 89,
	"UpgradeAttribute" : "1,225,2,225",
	"Success" : 5,
	"ItemCostNumber" : "150,100"
},
{
	"Level" : 90,
	"UpgradeAttribute" : "1,230,2,225",
	"Success" : 5,
	"ItemCostNumber" : "150,100"
}
]